worker,t0,t1,bytes
cpu,27621.660415,27621.684145,22020096
cpu,27621.684149,27621.708124,22020096
cpu,27621.708126,27621.732066,22020096
cpu,27621.732068,27621.752359,22020096
cpu,27621.752360,27621.753341,22020096
cpu,27621.753344,27621.754317,22020096
cpu,27621.754317,27621.755301,22020096
cpu,27621.755301,27621.756291,22020096
cpu,27621.756292,27621.757270,22020096
cpu,27621.757271,27621.758242,22020096
cpu,27621.758242,27621.759215,22020096
cpu,27621.759215,27621.760203,22020096
cpu,27621.760203,27621.761165,22020096
cpu,27621.761165,27621.762136,22020096
cpu,27621.762136,27621.763098,22020096
cpu,27621.763098,27621.764081,22020096
cpu,27621.764082,27621.765045,22020096
cpu,27621.765047,27621.766015,22020096
cpu,27621.766015,27621.766980,22020096
cpu,27621.766980,27621.767937,22020096
cpu,27621.767937,27621.768914,22020096
cpu,27621.768914,27621.769879,22020096
cpu,27621.769880,27621.770848,22020096
cpu,27621.770849,27621.771812,22020096
cpu,27621.771812,27621.772786,22020096
cpu,27621.772786,27621.773753,22020096
cpu,27621.773754,27621.774709,22020096
cpu,27621.774709,27621.775669,22020096
cpu,27621.775669,27621.776645,22020096
cpu,27621.776645,27621.777604,22020096
cpu,27621.777604,27621.778566,22020096
cpu,27621.778567,27621.779525,22020096
cpu,27621.779526,27621.780508,22020096
cpu,27621.780510,27621.781476,22020096
cpu,27621.781477,27621.782445,22020096
cpu,27621.782445,27621.783407,22020096
cpu,27621.783407,27621.784380,22020096
cpu,27621.784380,27621.785359,22020096
cpu,27621.785359,27621.786360,22020096
cpu,27621.786360,27621.787353,22020096
cpu,27621.787353,27621.788367,22020096
cpu,27621.788367,27621.789344,22020096
cpu,27621.789344,27621.790340,22020096
cpu,27621.790341,27621.791318,22020096
cpu,27621.791318,27621.792313,22020096
cpu,27621.792314,27621.793329,22020096
cpu,27621.793329,27621.794316,22020096
cpu,27621.794316,27621.795310,22020096
cpu,27621.795310,27621.796350,22020096
cpu,27621.796350,27621.797359,22020096
cpu,27621.797359,27621.798348,22020096
cpu,27621.798349,27621.799335,22020096
cpu,27621.799335,27621.800319,22020096
cpu,27621.800320,27621.801303,22020096
cpu,27621.801304,27621.802283,22020096
cpu,27621.802283,27621.803272,22020096
cpu,27621.803273,27621.804268,22020096
cpu,27621.804268,27621.805250,22020096
cpu,27621.805250,27621.806220,22020096
cpu,27621.806220,27621.807202,22020096
cpu,27621.807202,27621.808188,22020096
cpu,27621.808188,27621.809163,22020096
cpu,27621.809163,27621.810133,22020096
cpu,27621.810133,27621.811110,22020096
cpu,27621.811110,27621.812112,22020096
cpu,27621.812116,27621.813088,22020096
cpu,27621.813088,27621.814064,22020096
cpu,27621.814064,27621.815031,22020096
cpu,27621.815031,27621.816022,22020096
cpu,27621.816023,27621.816991,22020096
cpu,27621.816991,27621.817948,22020096
cpu,27621.817948,27621.818909,22020096
cpu,27621.818909,27621.819871,22020096
cpu,27621.819871,27621.820852,22020096
cpu,27621.820852,27621.821816,22020096
cpu,27621.821816,27621.822781,22020096
cpu,27621.822782,27621.823744,22020096
cpu,27621.823744,27621.824718,22020096
cpu,27621.824718,27621.825677,22020096
cpu,27621.825677,27621.826638,22020096
cpu,27621.826638,27621.827600,22020096
cpu,27621.827601,27621.828577,22020096
cpu,27621.828578,27621.829536,22020096
cpu,27621.829537,27621.830493,22020096
cpu,27621.830493,27621.831454,22020096
cpu,27621.831454,27621.832436,22020096
cpu,27621.832436,27621.833403,22020096
cpu,27621.833403,27621.834373,22020096
cpu,27621.834373,27621.835335,22020096
cpu,27621.835335,27621.836308,22020096
cpu,27621.836308,27621.837267,22020096
cpu,27621.837267,27621.838222,22020096
cpu,27621.838222,27621.839184,22020096
cpu,27621.839185,27621.840181,22020096
cpu,27621.840181,27621.841154,22020096
cpu,27621.841154,27621.842163,22020096
cpu,27621.842163,27621.843161,22020096
cpu,27621.843161,27621.844158,22020096
cpu,27621.844159,27621.845120,22020096
cpu,27621.845120,27621.846068,22020096
cpu,27621.846068,27621.847078,22020096
cpu,27621.847078,27621.848062,22020096
cpu,27621.848063,27621.849075,22020096
cpu,27621.849075,27621.850032,22020096
cpu,27621.850032,27621.850995,22020096
cpu,27621.850995,27621.851955,22020096
cpu,27621.851955,27621.852931,22020096
cpu,27621.852931,27621.853899,22020096
cpu,27621.853899,27621.854871,22020096
cpu,27621.854871,27621.855842,22020096
cpu,27621.855842,27621.856814,22020096
cpu,27621.856814,27621.857775,22020096
cpu,27621.857776,27621.858737,22020096
cpu,27621.858737,27621.859696,22020096
cpu,27621.859696,27621.860669,22020096
cpu,27621.860669,27621.861628,22020096
cpu,27621.861629,27621.862593,22020096
cpu,27621.862593,27621.863545,22020096
cpu,27621.863545,27621.864524,22020096
cpu,27621.864524,27621.865476,22020096
cpu,27621.865476,27621.866443,22020096
cpu,27621.866443,27621.867416,22020096
cpu,27621.867416,27621.868397,22020096
cpu,27621.868397,27621.869366,22020096
cpu,27621.869367,27621.870327,22020096
cpu,27621.870327,27621.871282,22020096
cpu,27621.871282,27621.872258,22020096
cpu,27621.872259,27621.873219,22020096
cpu,27621.873219,27621.874178,22020096
cpu,27621.874192,27621.875150,22020096
cpu,27621.875150,27621.876136,22020096
cpu,27621.876137,27621.877095,22020096
cpu,27621.877095,27621.878073,22020096
cpu,27621.878074,27621.879040,22020096
cpu,27621.879041,27621.880022,22020096
cpu,27621.880023,27621.880984,22020096
cpu,27621.880984,27621.881952,22020096
cpu,27621.881953,27621.882912,22020096
cpu,27621.882912,27621.883870,22020096
cpu,27621.883870,27621.884847,22020096
cpu,27621.884848,27621.885808,22020096
cpu,27621.885808,27621.886805,22020096
cpu,27621.886805,27621.887806,22020096
cpu,27621.887806,27621.888804,22020096
cpu,27621.888804,27621.889777,22020096
cpu,27621.889777,27621.890745,22020096
cpu,27621.890745,27621.891699,22020096
cpu,27621.891700,27621.892672,22020096
cpu,27621.892672,27621.893632,22020096
cpu,27621.893632,27621.894610,22020096
cpu,27621.894611,27621.895560,22020096
cpu,27621.895561,27621.896532,22020096
cpu,27621.896532,27621.897501,22020096
cpu,27621.897502,27621.898461,22020096
cpu,27621.898462,27621.899415,22020096
cpu,27621.899415,27621.900392,22020096
cpu,27621.900392,27621.901350,22020096
cpu,27621.901350,27621.902315,22020096
cpu,27621.902315,27621.903276,22020096
cpu,27621.903276,27621.904256,22020096
cpu,27621.904256,27621.905221,22020096
cpu,27621.905221,27621.906178,22020096
cpu,27621.906178,27621.907138,22020096
cpu,27621.907139,27621.908107,22020096
cpu,27621.908107,27621.909061,22020096
cpu,27621.909061,27621.910026,22020096
cpu,27621.910026,27621.910982,22020096
cpu,27621.910982,27621.911943,22020096
cpu,27621.911943,27621.912913,22020096
cpu,27621.912913,27621.913890,22020096
cpu,27621.913890,27621.914846,22020096
cpu,27621.914846,27621.915799,22020096
cpu,27621.915799,27621.916774,22020096
cpu,27621.916774,27621.917745,22020096
cpu,27621.917745,27621.918708,22020096
cpu,27621.918708,27621.919659,22020096
cpu,27621.919659,27621.920639,22020096
cpu,27621.920639,27621.921596,22020096
cpu,27621.921596,27621.922554,22020096
cpu,27621.922554,27621.923520,22020096
cpu,27621.923521,27621.924490,22020096
cpu,27621.924491,27621.925452,22020096
cpu,27621.925452,27621.926405,22020096
cpu,27621.926405,27621.927372,22020096
cpu,27621.927373,27621.928346,22020096
cpu,27621.928347,27621.929315,22020096
cpu,27621.929315,27621.930283,22020096
cpu,27621.930283,27621.931239,22020096
cpu,27621.931239,27621.932217,22020096
cpu,27621.932217,27621.933286,22020096
cpu,27621.933286,27621.934275,22020096
cpu,27621.934275,27621.935248,22020096
cpu,27621.935248,27621.936250,22020096
cpu,27621.936250,27621.937239,22020096
cpu,27621.937240,27621.938194,22020096
cpu,27621.938194,27621.939151,22020096
cpu,27621.939152,27621.940126,22020096
cpu,27621.940127,27621.941090,22020096
cpu,27621.941090,27621.942045,22020096
cpu,27621.942045,27621.943014,22020096
cpu,27621.943015,27621.943972,22020096
cpu,27621.943973,27621.944946,22020096
cpu,27621.944946,27621.945907,22020096
cpu,27621.945908,27621.946868,22020096
cpu,27621.946868,27621.947848,22020096
cpu,27621.947848,27621.948827,22020096
cpu,27621.948827,27621.949779,22020096
cpu,27621.949779,27621.950740,22020096
cpu,27621.950740,27621.951693,22020096
cpu,27621.951693,27621.952666,22020096
cpu,27621.952666,27621.953629,22020096
cpu,27621.953630,27621.954591,22020096
cpu,27621.954591,27621.955552,22020096
cpu,27621.955552,27621.956523,22020096
cpu,27621.956524,27621.957487,22020096
cpu,27621.957487,27621.958454,22020096
cpu,27621.958454,27621.959413,22020096
cpu,27621.959413,27621.960382,22020096
cpu,27621.960382,27621.961342,22020096
cpu,27621.961343,27621.962304,22020096
cpu,27621.962304,27621.963277,22020096
cpu,27621.963278,27621.964257,22020096
cpu,27621.964257,27621.965215,22020096
cpu,27621.965215,27621.966170,22020096
cpu,27621.966170,27621.967130,22020096
cpu,27621.967131,27621.968120,22020096
cpu,27621.968120,27621.969082,22020096
cpu,27621.969082,27621.970036,22020096
cpu,27621.970036,27621.970998,22020096
cpu,27621.970999,27621.971954,22020096
cpu,27621.971954,27621.972944,22020096
cpu,27621.972944,27621.973911,22020096
cpu,27621.973911,27621.974872,22020096
cpu,27621.974872,27621.975836,22020096
cpu,27621.975837,27621.976805,22020096
cpu,27621.976805,27621.977815,22020096
cpu,27621.977815,27621.978778,22020096
cpu,27621.978778,27621.979780,22020096
cpu,27621.979780,27621.980792,22020096
cpu,27621.980792,27621.981772,22020096
cpu,27621.981772,27621.982740,22020096
cpu,27621.982740,27621.983770,22020096
cpu,27621.983770,27621.984744,22020096
cpu,27621.984744,27621.985724,22020096
cpu,27621.985724,27621.986683,22020096
cpu,27621.986683,27621.987649,22020096
cpu,27621.987649,27621.988648,22020096
cpu,27621.988649,27621.989616,22020096
cpu,27621.989616,27621.990579,22020096
cpu,27621.990579,27621.991542,22020096
cpu,27621.991543,27621.992519,22020096
cpu,27621.992519,27621.993483,22020096
cpu,27621.993483,27621.994446,22020096
cpu,27621.994446,27621.995401,22020096
cpu,27621.995401,27621.996381,22020096
cpu,27621.996381,27621.997335,22020096
cpu,27621.997336,27621.998310,22020096
cpu,27621.998327,27621.999282,22020096
cpu,27621.999282,27622.000257,22020096
cpu,27622.000257,27622.001216,22020096
cpu,27622.001216,27622.002165,22020096
cpu,27622.002165,27622.003120,22020096
cpu,27622.003121,27622.004104,22020096
cpu,27622.004105,27622.005066,22020096
cpu,27622.005067,27622.006025,22020096
cpu,27622.006025,27622.006977,22020096
cpu,27622.006977,27622.007951,22020096
cpu,27622.007951,27622.008920,22020096
cpu,27622.008920,27622.009877,22020096
cpu,27622.009877,27622.010836,22020096
cpu,27622.010836,27622.011801,22020096
cpu,27622.011802,27622.012767,22020096
cpu,27622.012767,27622.013723,22020096
cpu,27622.013723,27622.014681,22020096
cpu,27622.014681,27622.015634,22020096
cpu,27622.015634,27622.016605,22020096
cpu,27622.016605,27622.017575,22020096
cpu,27622.017575,27622.018549,22020096
cpu,27622.018549,27622.019503,22020096
cpu,27622.019503,27622.020469,22020096
cpu,27622.020469,27622.021428,22020096
cpu,27622.021428,27622.022382,22020096
cpu,27622.022382,27622.023337,22020096
cpu,27622.023338,27622.024305,22020096
cpu,27622.024305,27622.025267,22020096
cpu,27622.025267,27622.026241,22020096
cpu,27622.026242,27622.027240,22020096
cpu,27622.027240,27622.028286,22020096
cpu,27622.028286,27622.029253,22020096
cpu,27622.029253,27622.030240,22020096
cpu,27622.030240,27622.031199,22020096
cpu,27622.031200,27622.032173,22020096
cpu,27622.032173,27622.033134,22020096
cpu,27622.033134,27622.034088,22020096
cpu,27622.034088,27622.035046,22020096
cpu,27622.035046,27622.035998,22020096
cpu,27622.035998,27622.036969,22020096
cpu,27622.036970,27622.037931,22020096
cpu,27622.037931,27622.038890,22020096
cpu,27622.038890,27622.039851,22020096
cpu,27622.039851,27622.040824,22020096
cpu,27622.040824,27622.041780,22020096
cpu,27622.041780,27622.042732,22020096
cpu,27622.042733,27622.043689,22020096
cpu,27622.043689,27622.044656,22020096
cpu,27622.044657,27622.045611,22020096
cpu,27622.045611,27622.046565,22020096
cpu,27622.046565,27622.047521,22020096
cpu,27622.047521,27622.048505,22020096
cpu,27622.048505,27622.049464,22020096
cpu,27622.049464,27622.050432,22020096
cpu,27622.050432,27622.051388,22020096
cpu,27622.051388,27622.052360,22020096
cpu,27622.052360,27622.053318,22020096
cpu,27622.053318,27622.054267,22020096
cpu,27622.054267,27622.055225,22020096
cpu,27622.055225,27622.056204,22020096
cpu,27622.056204,27622.057173,22020096
cpu,27622.057173,27622.058153,22020096
cpu,27622.058154,27622.059127,22020096
cpu,27622.059128,27622.060097,22020096
cpu,27622.060097,27622.061055,22020096
cpu,27622.061056,27622.062012,22020096
cpu,27622.062013,27622.062966,22020096
cpu,27622.062966,27622.063922,22020096
cpu,27622.063922,27622.064899,22020096
cpu,27622.064900,27622.065860,22020096
cpu,27622.065860,27622.066822,22020096
cpu,27622.066823,27622.067781,22020096
cpu,27622.067781,27622.068764,22020096
cpu,27622.068765,27622.069720,22020096
cpu,27622.069720,27622.070677,22020096
cpu,27622.070678,27622.071634,22020096
cpu,27622.071634,27622.072610,22020096
cpu,27622.072610,27622.073635,22020096
cpu,27622.073635,27622.074629,22020096
cpu,27622.074630,27622.075644,22020096
cpu,27622.075644,27622.076633,22020096
cpu,27622.076633,27622.077612,22020096
cpu,27622.077612,27622.078585,22020096
cpu,27622.078585,27622.079541,22020096
cpu,27622.079541,27622.080526,22020096
cpu,27622.080526,27622.081481,22020096
cpu,27622.081481,27622.082447,22020096
cpu,27622.082447,27622.083405,22020096
cpu,27622.083405,27622.084383,22020096
cpu,27622.084383,27622.085354,22020096
cpu,27622.085354,27622.086320,22020096
cpu,27622.086320,27622.087297,22020096
cpu,27622.087297,27622.088269,22020096
cpu,27622.088270,27622.089233,22020096
cpu,27622.089233,27622.090196,22020096
cpu,27622.090196,27622.091159,22020096
cpu,27622.091159,27622.092139,22020096
cpu,27622.092139,27622.093095,22020096
cpu,27622.093096,27622.094062,22020096
cpu,27622.094062,27622.095024,22020096
cpu,27622.095024,27622.095981,22020096
cpu,27622.095982,27622.096955,22020096
cpu,27622.096955,27622.097914,22020096
cpu,27622.097914,27622.098888,22020096
cpu,27622.098889,27622.099843,22020096
cpu,27622.099843,27622.100811,22020096
cpu,27622.100811,27622.101765,22020096
cpu,27622.101766,27622.102728,22020096
cpu,27622.102728,27622.103681,22020096
cpu,27622.103681,27622.104647,22020096
cpu,27622.104648,27622.105602,22020096
cpu,27622.105603,27622.106563,22020096
cpu,27622.106564,27622.107523,22020096
cpu,27622.107524,27622.108498,22020096
cpu,27622.108498,27622.109458,22020096
cpu,27622.109458,27622.110414,22020096
cpu,27622.110415,27622.111376,22020096
cpu,27622.111376,27622.112347,22020096
cpu,27622.112347,27622.113305,22020096
cpu,27622.113306,27622.114269,22020096
cpu,27622.114269,27622.115224,22020096
cpu,27622.115224,27622.116201,22020096
cpu,27622.116202,27622.117168,22020096
cpu,27622.117168,27622.118135,22020096
cpu,27622.118136,27622.119112,22020096
cpu,27622.119112,27622.120134,22020096
cpu,27622.120134,27622.121161,22020096
cpu,27622.121161,27622.122180,22020096
cpu,27622.122180,27622.123137,22020096
cpu,27622.123137,27622.124101,22020096
cpu,27622.124102,27622.125081,22020096
cpu,27622.125082,27622.126050,22020096
cpu,27622.126050,27622.127029,22020096
cpu,27622.127029,27622.127999,22020096
cpu,27622.127999,27622.129000,22020096
cpu,27622.129000,27622.129989,22020096
cpu,27622.129989,27622.130962,22020096
cpu,27622.130962,27622.131947,22020096
cpu,27622.131947,27622.132941,22020096
cpu,27622.132941,27622.133926,22020096
cpu,27622.133926,27622.134903,22020096
cpu,27622.134903,27622.135884,22020096
cpu,27622.135884,27622.136880,22020096
cpu,27622.136881,27622.137853,22020096
cpu,27622.137853,27622.138839,22020096
cpu,27622.138840,27622.139808,22020096
cpu,27622.139808,27622.140796,22020096
cpu,27622.140797,27622.141754,22020096
cpu,27622.141754,27622.142723,22020096
cpu,27622.142723,27622.143689,22020096
cpu,27622.143690,27622.144667,22020096
cpu,27622.144667,27622.145635,22020096
cpu,27622.145635,27622.146595,22020096
cpu,27622.146595,27622.147559,22020096
cpu,27622.147559,27622.148540,22020096
cpu,27622.148541,27622.149511,22020096
cpu,27622.149511,27622.150472,22020096
cpu,27622.150472,27622.151434,22020096
cpu,27622.151435,27622.152418,22020096
cpu,27622.152418,27622.153374,22020096
cpu,27622.153375,27622.154346,22020096
cpu,27622.154346,27622.155303,22020096
cpu,27622.155303,27622.156287,22020096
cpu,27622.156287,27622.157246,22020096
cpu,27622.157246,27622.158215,22020096
cpu,27622.158215,27622.159191,22020096
cpu,27622.159191,27622.160162,22020096
cpu,27622.160162,27622.161125,22020096
cpu,27622.161125,27622.162083,22020096
cpu,27622.162083,27622.163042,22020096
cpu,27622.163042,27622.164012,22020096
cpu,27622.164013,27622.164974,22020096
cpu,27622.164974,27622.165948,22020096
cpu,27622.165948,27622.166931,22020096
cpu,27622.166931,27622.167938,22020096
cpu,27622.167938,27622.168947,22020096
cpu,27622.168947,27622.169932,22020096
cpu,27622.169932,27622.170920,22020096
cpu,27622.170920,27622.171884,22020096
cpu,27622.171885,27622.172880,22020096
cpu,27622.172880,27622.173849,22020096
cpu,27622.173849,27622.174827,22020096
cpu,27622.174828,27622.175798,22020096
cpu,27622.175799,27622.176801,22020096
cpu,27622.176801,27622.177783,22020096
cpu,27622.177783,27622.178763,22020096
cpu,27622.178763,27622.179742,22020096
cpu,27622.179743,27622.180731,22020096
cpu,27622.180731,27622.181695,22020096
cpu,27622.181695,27622.182666,22020096
cpu,27622.182667,27622.183628,22020096
cpu,27622.183628,27622.184604,22020096
cpu,27622.184604,27622.185564,22020096
cpu,27622.185564,27622.186521,22020096
cpu,27622.186521,27622.187480,22020096
cpu,27622.187480,27622.188452,22020096
cpu,27622.188452,27622.189429,22020096
cpu,27622.189429,27622.190386,22020096
cpu,27622.190386,27622.191346,22020096
cpu,27622.191346,27622.192318,22020096
cpu,27622.192319,27622.193272,22020096
cpu,27622.193272,27622.194232,22020096
cpu,27622.194233,27622.195186,22020096
cpu,27622.195187,27622.196160,22020096
cpu,27622.196160,27622.197111,22020096
cpu,27622.197112,27622.198068,22020096
cpu,27622.198069,27622.199033,22020096
cpu,27622.199034,27622.199987,22020096
cpu,27622.199987,27622.200962,22020096
cpu,27622.200963,27622.201915,22020096
cpu,27622.201915,27622.202867,22020096
cpu,27622.202867,27622.203824,22020096
cpu,27622.203824,27622.204795,22020096
cpu,27622.204796,27622.205754,22020096
cpu,27622.205754,27622.206707,22020096
cpu,27622.206707,27622.207661,22020096
cpu,27622.207661,27622.208627,22020096
cpu,27622.208627,27622.209599,22020096
cpu,27622.209600,27622.210557,22020096
cpu,27622.210557,27622.211512,22020096
cpu,27622.211512,27622.212502,22020096
cpu,27622.212502,27622.213482,22020096
cpu,27622.213483,27622.214461,22020096
cpu,27622.214461,27622.215461,22020096
cpu,27622.215461,27622.216446,22020096
cpu,27622.216446,27622.217474,22020096
cpu,27622.217474,27622.218441,22020096
cpu,27622.218441,27622.219415,22020096
cpu,27622.219416,27622.220396,22020096
cpu,27622.220396,27622.221353,22020096
cpu,27622.221353,27622.222306,22020096
cpu,27622.222306,27622.223276,22020096
cpu,27622.223277,27622.224261,22020096
cpu,27622.224261,27622.225225,22020096
cpu,27622.225226,27622.226179,22020096
cpu,27622.226180,27622.227131,22020096
cpu,27622.227132,27622.228106,22020096
cpu,27622.228106,27622.229063,22020096
cpu,27622.229063,27622.230022,22020096
cpu,27622.230023,27622.230979,22020096
cpu,27622.230979,27622.231933,22020096
cpu,27622.231934,27622.232905,22020096
cpu,27622.232905,27622.233852,22020096
cpu,27622.233853,27622.234809,22020096
cpu,27622.234809,27622.235762,22020096
cpu,27622.235762,27622.236744,22020096
cpu,27622.236744,27622.237700,22020096
cpu,27622.237700,27622.238650,22020096
cpu,27622.238650,27622.239624,22020096
cpu,27622.239624,27622.240592,22020096
cpu,27622.240592,27622.241553,22020096
cpu,27622.241553,27622.242514,22020096
cpu,27622.242515,27622.243477,22020096
cpu,27622.243477,27622.244493,22020096
cpu,27622.244493,27622.245458,22020096
cpu,27622.245458,27622.246417,22020096
cpu,27622.246432,27622.247390,22020096
cpu,27622.247390,27622.248370,22020096
cpu,27622.248370,27622.249327,22020096
cpu,27622.249327,27622.250285,22020096
cpu,27622.250286,27622.251236,22020096
cpu,27622.251237,27622.252212,22020096
cpu,27622.252213,27622.253170,22020096
cpu,27622.253170,27622.254124,22020096
cpu,27622.254124,27622.255083,22020096
cpu,27622.255083,27622.256052,22020096
cpu,27622.256053,27622.257010,22020096
cpu,27622.257010,27622.257965,22020096
cpu,27622.257965,27622.258925,22020096
cpu,27622.258925,27622.259933,22020096
cpu,27622.259933,27622.260937,22020096
cpu,27622.260938,27622.261920,22020096
cpu,27622.261920,27622.262892,22020096
cpu,27622.262892,27622.263901,22020096
cpu,27622.263901,27622.264875,22020096
cpu,27622.264876,27622.265835,22020096
cpu,27622.265835,27622.266790,22020096
cpu,27622.266790,27622.267738,22020096
cpu,27622.267738,27622.268707,22020096
cpu,27622.268707,27622.269697,22020096
cpu,27622.269697,27622.270658,22020096
cpu,27622.270658,27622.271622,22020096
cpu,27622.271622,27622.272599,22020096
cpu,27622.272599,27622.273553,22020096
cpu,27622.273554,27622.274506,22020096
cpu,27622.274507,27622.275461,22020096
cpu,27622.275461,27622.276430,22020096
cpu,27622.276431,27622.277391,22020096
cpu,27622.277392,27622.278349,22020096
cpu,27622.278349,27622.279325,22020096
cpu,27622.279325,27622.280316,22020096
cpu,27622.280316,27622.281271,22020096
cpu,27622.281271,27622.282229,22020096
cpu,27622.282230,27622.283190,22020096
cpu,27622.283191,27622.284170,22020096
cpu,27622.284170,27622.285132,22020096
cpu,27622.285132,27622.286083,22020096
cpu,27622.286084,27622.287043,22020096
cpu,27622.287043,27622.287993,22020096
cpu,27622.287993,27622.288968,22020096
cpu,27622.288969,27622.289933,22020096
cpu,27622.289933,27622.290889,22020096
cpu,27622.290889,27622.291848,22020096
cpu,27622.291848,27622.292813,22020096
cpu,27622.292814,27622.293769,22020096
cpu,27622.293769,27622.294721,22020096
cpu,27622.294721,27622.295675,22020096
cpu,27622.295676,27622.296644,22020096
cpu,27622.296644,27622.297606,22020096
cpu,27622.297612,27622.298567,22020096
cpu,27622.298567,27622.299532,22020096
cpu,27622.299533,27622.300502,22020096
cpu,27622.300502,27622.301453,22020096
cpu,27622.301453,27622.302424,22020096
cpu,27622.302424,27622.303374,22020096
cpu,27622.303375,27622.304346,22020096
cpu,27622.304347,27622.305303,22020096
cpu,27622.305303,27622.306264,22020096
cpu,27622.306264,27622.307278,22020096
cpu,27622.307278,27622.308269,22020096
cpu,27622.308270,27622.309251,22020096
cpu,27622.309252,27622.310281,22020096
cpu,27622.310281,27622.311270,22020096
cpu,27622.311271,27622.312240,22020096
cpu,27622.312240,27622.313195,22020096
cpu,27622.313196,27622.314149,22020096
cpu,27622.314149,27622.315111,22020096
cpu,27622.315112,27622.316085,22020096
cpu,27622.316085,27622.317046,22020096
cpu,27622.317046,27622.318006,22020096
cpu,27622.318006,27622.318964,22020096
cpu,27622.318964,27622.319935,22020096
cpu,27622.319935,27622.320910,22020096
cpu,27622.320910,27622.321864,22020096
cpu,27622.321865,27622.322825,22020096
cpu,27622.322825,27622.323803,22020096
cpu,27622.323803,27622.324776,22020096
cpu,27622.324776,27622.325731,22020096
cpu,27622.325732,27622.326684,22020096
cpu,27622.326685,27622.327644,22020096
cpu,27622.327644,27622.328635,22020096
cpu,27622.328635,27622.329591,22020096
cpu,27622.329607,27622.330579,22020096
cpu,27622.330579,27622.331553,22020096
cpu,27622.331553,27622.332527,22020096
cpu,27622.332527,27622.333483,22020096
cpu,27622.333483,27622.334442,22020096
cpu,27622.334442,27622.335397,22020096
cpu,27622.335397,27622.336374,22020096
cpu,27622.336375,27622.337331,22020096
cpu,27622.337331,27622.338294,22020096
cpu,27622.338295,27622.339255,22020096
cpu,27622.339255,27622.340235,22020096
cpu,27622.340235,27622.341197,22020096
cpu,27622.341197,27622.342150,22020096
cpu,27622.342150,27622.343110,22020096
cpu,27622.343110,27622.344085,22020096
cpu,27622.344085,27622.345039,22020096
cpu,27622.345039,27622.345996,22020096
cpu,27622.345996,27622.346948,22020096
cpu,27622.346948,27622.347899,22020096
cpu,27622.347899,27622.348869,22020096
cpu,27622.348869,27622.349832,22020096
cpu,27622.349832,27622.350788,22020096
cpu,27622.350788,27622.351742,22020096
cpu,27622.351742,27622.352719,22020096
cpu,27622.352719,27622.353694,22020096
cpu,27622.353694,27622.354663,22020096
cpu,27622.354663,27622.355649,22020096
cpu,27622.355649,27622.356653,22020096
cpu,27622.356654,27622.357610,22020096
cpu,27622.357610,27622.358563,22020096
cpu,27622.358564,27622.359519,22020096
cpu,27622.359519,27622.360505,22020096
cpu,27622.360505,27622.361460,22020096
cpu,27622.361460,27622.362415,22020096
cpu,27622.362415,27622.363369,22020096
cpu,27622.363369,27622.364352,22020096
cpu,27622.364352,27622.365309,22020096
cpu,27622.365309,27622.366262,22020096
cpu,27622.366262,27622.367214,22020096
cpu,27622.367214,27622.368181,22020096
cpu,27622.368181,27622.369133,22020096
cpu,27622.369133,27622.370096,22020096
cpu,27622.370096,27622.371046,22020096
cpu,27622.371046,27622.371999,22020096
cpu,27622.372000,27622.372972,22020096
cpu,27622.372972,27622.373925,22020096
cpu,27622.373925,27622.374884,22020096
cpu,27622.374884,27622.375840,22020096
cpu,27622.375840,27622.376816,22020096
cpu,27622.376816,27622.377775,22020096
cpu,27622.377775,27622.378727,22020096
cpu,27622.378728,27622.379688,22020096
cpu,27622.379689,27622.380667,22020096
cpu,27622.380667,27622.381622,22020096
cpu,27622.381622,27622.382576,22020096
cpu,27622.382576,27622.383538,22020096
cpu,27622.383538,27622.384510,22020096
cpu,27622.384510,27622.385462,22020096
cpu,27622.385462,27622.386426,22020096
cpu,27622.386426,27622.387384,22020096
cpu,27622.387384,27622.388360,22020096
cpu,27622.388360,27622.389316,22020096
cpu,27622.389316,27622.390291,22020096
cpu,27622.390291,27622.391247,22020096
cpu,27622.391247,27622.392226,22020096
cpu,27622.392226,27622.393185,22020096
cpu,27622.393186,27622.394140,22020096
cpu,27622.394140,27622.395101,22020096
cpu,27622.395101,27622.396072,22020096
cpu,27622.396072,27622.397034,22020096
cpu,27622.397034,27622.397995,22020096
cpu,27622.397995,27622.398960,22020096
cpu,27622.398960,27622.399981,22020096
cpu,27622.399981,27622.401004,22020096
cpu,27622.401004,27622.402002,22020096
cpu,27622.402002,27622.402978,22020096
cpu,27622.402978,27622.404053,22020096
cpu,27622.404054,27622.405023,22020096
cpu,27622.405023,27622.405993,22020096
cpu,27622.405993,27622.406966,22020096
cpu,27622.406966,27622.407945,22020096
cpu,27622.407946,27622.408940,22020096
cpu,27622.408940,27622.409916,22020096
cpu,27622.409917,27622.410910,22020096
cpu,27622.410910,27622.411880,22020096
cpu,27622.411880,27622.412850,22020096
cpu,27622.412850,27622.413815,22020096
cpu,27622.413815,27622.414773,22020096
cpu,27622.414774,27622.415735,22020096
cpu,27622.415735,27622.416712,22020096
cpu,27622.416713,27622.417668,22020096
cpu,27622.417668,27622.418633,22020096
cpu,27622.418633,27622.419587,22020096
cpu,27622.419587,27622.420580,22020096
cpu,27622.420581,27622.421540,22020096
cpu,27622.421540,27622.422502,22020096
cpu,27622.422502,27622.423458,22020096
cpu,27622.423458,27622.424422,22020096
cpu,27622.424423,27622.425385,22020096
cpu,27622.425385,27622.426342,22020096
cpu,27622.426342,27622.427300,22020096
cpu,27622.427301,27622.428293,22020096
cpu,27622.428293,27622.429255,22020096
cpu,27622.429256,27622.430213,22020096
cpu,27622.430214,27622.431182,22020096
cpu,27622.431182,27622.432166,22020096
cpu,27622.432166,27622.433135,22020096
cpu,27622.433136,27622.434152,22020096
cpu,27622.434152,27622.435110,22020096
cpu,27622.435110,27622.436101,22020096
cpu,27622.436101,27622.437076,22020096
cpu,27622.437076,27622.438039,22020096
cpu,27622.438039,27622.439005,22020096
cpu,27622.439006,27622.439965,22020096
cpu,27622.439966,27622.440958,22020096
cpu,27622.440958,27622.441925,22020096
cpu,27622.441925,27622.442885,22020096
cpu,27622.442886,27622.443854,22020096
cpu,27622.443854,27622.444826,22020096
cpu,27622.444826,27622.445788,22020096
cpu,27622.445788,27622.446778,22020096
cpu,27622.446778,27622.447774,22020096
cpu,27622.447775,27622.448767,22020096
cpu,27622.448768,27622.449748,22020096
cpu,27622.449748,27622.450779,22020096
cpu,27622.450779,27622.451740,22020096
cpu,27622.451740,27622.452733,22020096
cpu,27622.452734,27622.453709,22020096
cpu,27622.453709,27622.454690,22020096
cpu,27622.454690,27622.455659,22020096
cpu,27622.455659,27622.456631,22020096
cpu,27622.456631,27622.457597,22020096
cpu,27622.457597,27622.458553,22020096
cpu,27622.458553,27622.459508,22020096
cpu,27622.459508,27622.460485,22020096
cpu,27622.460485,27622.461459,22020096
cpu,27622.461459,27622.462423,22020096
cpu,27622.462423,27622.463379,22020096
cpu,27622.463386,27622.464357,22020096
cpu,27622.464357,27622.465321,22020096
cpu,27622.465321,27622.466275,22020096
cpu,27622.466275,27622.467234,22020096
cpu,27622.467234,27622.468210,22020096
cpu,27622.468210,27622.469169,22020096
cpu,27622.469169,27622.470125,22020096
cpu,27622.470125,27622.471094,22020096
cpu,27622.471095,27622.472065,22020096
cpu,27622.472065,27622.473027,22020096
cpu,27622.473028,27622.473980,22020096
cpu,27622.473980,27622.474942,22020096
cpu,27622.474942,27622.475898,22020096
cpu,27622.475898,27622.476865,22020096
cpu,27622.476865,27622.477823,22020096
cpu,27622.477823,27622.478798,22020096
cpu,27622.478798,27622.479754,22020096
cpu,27622.479755,27622.480728,22020096
cpu,27622.480728,27622.481688,22020096
cpu,27622.481688,27622.482648,22020096
cpu,27622.482648,27622.483599,22020096
cpu,27622.483600,27622.484571,22020096
cpu,27622.484571,27622.485528,22020096
cpu,27622.485528,27622.486485,22020096
cpu,27622.486485,27622.487439,22020096
cpu,27622.487440,27622.488409,22020096
cpu,27622.488409,27622.489368,22020096
cpu,27622.489368,27622.490320,22020096
cpu,27622.490320,27622.491289,22020096
cpu,27622.491289,27622.492266,22020096
cpu,27622.492266,27622.493225,22020096
cpu,27622.493225,27622.494379,22020096
cpu,27622.494379,27622.495361,22020096
cpu,27622.495361,27622.496389,22020096
cpu,27622.496389,27622.500733,22020096
cpu,27622.500734,27622.501766,22020096
cpu,27622.501766,27622.502729,22020096
cpu,27622.502729,27622.503710,22020096
cpu,27622.503710,27622.504699,22020096
cpu,27622.504699,27622.505670,22020096
cpu,27622.505671,27622.506638,22020096
cpu,27622.506638,27622.507610,22020096
cpu,27622.507610,27622.508591,22020096
cpu,27622.508592,27622.509557,22020096
cpu,27622.509557,27622.510527,22020096
cpu,27622.510527,27622.511503,22020096
cpu,27622.511503,27622.512499,22020096
cpu,27622.512500,27622.513480,22020096
cpu,27622.513480,27622.514665,22020096
cpu,27622.514666,27622.516986,22020096
cpu,27622.516987,27622.517988,22020096
cpu,27622.517988,27622.519097,22020096
cpu,27622.519097,27622.520096,22020096
cpu,27622.520096,27622.521066,22020096
cpu,27622.521067,27622.522049,22020096
cpu,27622.522049,27622.523014,22020096
cpu,27622.523014,27622.524000,22020096
cpu,27622.524000,27622.524990,22020096
cpu,27622.524990,27622.525953,22020096
cpu,27622.525953,27622.526928,22020096
cpu,27622.526928,27622.527903,22020096
cpu,27622.527903,27622.528887,22020096
cpu,27622.528887,27622.529848,22020096
cpu,27622.529848,27622.530810,22020096
cpu,27622.530810,27622.531793,22020096
cpu,27622.531793,27622.532782,22020096
cpu,27622.532783,27622.533747,22020096
cpu,27622.533748,27622.534704,22020096
cpu,27622.534704,27622.535666,22020096
cpu,27622.535666,27622.536721,22020096
cpu,27622.536721,27622.537679,22020096
cpu,27622.537680,27622.538667,22020096
cpu,27622.538667,27622.539672,22020096
cpu,27622.539673,27622.540661,22020096
cpu,27622.540662,27622.541645,22020096
cpu,27622.541645,27622.542651,22020096
cpu,27622.542651,27622.543620,22020096
cpu,27622.543620,27622.544611,22020096
cpu,27622.544612,27622.545601,22020096
cpu,27622.545601,27622.546563,22020096
cpu,27622.546563,27622.547522,22020096
cpu,27622.547522,27622.548493,22020096
cpu,27622.548493,27622.549457,22020096
cpu,27622.549457,27622.550415,22020096
cpu,27622.550415,27622.551396,22020096
cpu,27622.551396,27622.552369,22020096
cpu,27622.552369,27622.553333,22020096
cpu,27622.553333,27622.554296,22020096
cpu,27622.554296,27622.555268,22020096
cpu,27622.555268,27622.556253,22020096
cpu,27622.556253,27622.557219,22020096
cpu,27622.557220,27622.558187,22020096
cpu,27622.558188,27622.559149,22020096
cpu,27622.559150,27622.560123,22020096
cpu,27622.560124,27622.561082,22020096
cpu,27622.561082,27622.562050,22020096
cpu,27622.562050,27622.563012,22020096
cpu,27622.563012,27622.563970,22020096
cpu,27622.563970,27622.564938,22020096
cpu,27622.564938,27622.565911,22020096
cpu,27622.565911,27622.566878,22020096
cpu,27622.566878,27622.567840,22020096
cpu,27622.567840,27622.568811,22020096
cpu,27622.568811,27622.569778,22020096
cpu,27622.569778,27622.570738,22020096
cpu,27622.570738,27622.571731,22020096
cpu,27622.571732,27622.572712,22020096
cpu,27622.572712,27622.573686,22020096
cpu,27622.573686,27622.574652,22020096
cpu,27622.574652,27622.575609,22020096
cpu,27622.575609,27622.576584,22020096
cpu,27622.576584,27622.577545,22020096
cpu,27622.577545,27622.578513,22020096
cpu,27622.578514,27622.579472,22020096
cpu,27622.579472,27622.580449,22020096
cpu,27622.580449,27622.581421,22020096
cpu,27622.581421,27622.582374,22020096
cpu,27622.582374,27622.583335,22020096
cpu,27622.583335,27622.584314,22020096
cpu,27622.584314,27622.585452,22020096
cpu,27622.585452,27622.586454,22020096
cpu,27622.586455,27622.588339,22020096
cpu,27622.588340,27622.589329,22020096
cpu,27622.589330,27622.590370,22020096
cpu,27622.590370,27622.591343,22020096
cpu,27622.591344,27622.592322,22020096
cpu,27622.592323,27622.593286,22020096
cpu,27622.593287,27622.594250,22020096
cpu,27622.594250,27622.595203,22020096
cpu,27622.595203,27622.596179,22020096
cpu,27622.596179,27622.597152,22020096
cpu,27622.597152,27622.598118,22020096
cpu,27622.598118,27622.599074,22020096
cpu,27622.599075,27622.600061,22020096
cpu,27622.600062,27622.601022,22020096
cpu,27622.601022,27622.601991,22020096
cpu,27622.601991,27622.602959,22020096
cpu,27622.602959,27622.603920,22020096
cpu,27622.603920,27622.604890,22020096
cpu,27622.604890,27622.605876,22020096
cpu,27622.605876,27622.606836,22020096
cpu,27622.606836,27622.607794,22020096
cpu,27622.607794,27622.608763,22020096
cpu,27622.608764,27622.609725,22020096
cpu,27622.609725,27622.610684,22020096
cpu,27622.610684,27622.611659,22020096
cpu,27622.611660,27622.612627,22020096
cpu,27622.612627,27622.613586,22020096
cpu,27622.613586,27622.614546,22020096
cpu,27622.614546,27622.615500,22020096
cpu,27622.615500,27622.616492,22020096
cpu,27622.616492,27622.617446,22020096
cpu,27622.617446,27622.618407,22020096
cpu,27622.618407,27622.619361,22020096
cpu,27622.619361,27622.620339,22020096
cpu,27622.620339,27622.621298,22020096
cpu,27622.621298,27622.622268,22020096
cpu,27622.622269,27622.623224,22020096
cpu,27622.623224,27622.624195,22020096
cpu,27622.624195,27622.625159,22020096
cpu,27622.625159,27622.626124,22020096
cpu,27622.626125,27622.627086,22020096
cpu,27622.627086,27622.628063,22020096
cpu,27622.628063,27622.629016,22020096
cpu,27622.629016,27622.629978,22020096
cpu,27622.629978,27622.630938,22020096
cpu,27622.630938,27622.631907,22020096
cpu,27622.631907,27622.632875,22020096
cpu,27622.632876,27622.633853,22020096
cpu,27622.633854,27622.634830,22020096
cpu,27622.634840,27622.635815,22020096
cpu,27622.635815,27622.636826,22020096
cpu,27622.636826,27622.637802,22020096
cpu,27622.637802,27622.638763,22020096
cpu,27622.638764,27622.639721,22020096
cpu,27622.639721,27622.640691,22020096
cpu,27622.640692,27622.641666,22020096
cpu,27622.641666,27622.642622,22020096
cpu,27622.642622,27622.643582,22020096
cpu,27622.643582,27622.644550,22020096
cpu,27622.644551,27622.645514,22020096
cpu,27622.645514,27622.646476,22020096
cpu,27622.646476,27622.647425,22020096
cpu,27622.647425,27622.648399,22020096
cpu,27622.648399,27622.649353,22020096
cpu,27622.649353,27622.650315,22020096
cpu,27622.650316,27622.651266,22020096
cpu,27622.651266,27622.652260,22020096
cpu,27622.652260,27622.653227,22020096
cpu,27622.653227,27622.654188,22020096
cpu,27622.654189,27622.655160,22020096
cpu,27622.655160,27622.656134,22020096
cpu,27622.656134,27622.657098,22020096
cpu,27622.657098,27622.658056,22020096
cpu,27622.658056,27622.659025,22020096
cpu,27622.659025,27622.659986,22020096
cpu,27622.659986,27622.660964,22020096
cpu,27622.660964,27622.661928,22020096
cpu,27622.661928,27622.662885,22020096
cpu,27622.662885,27622.663840,22020096
cpu,27622.663840,27622.664810,22020096
cpu,27622.664810,27622.665795,22020096
cpu,27622.665795,27622.666755,22020096
cpu,27622.666755,27622.667715,22020096
cpu,27622.667715,27622.668689,22020096
cpu,27622.668689,27622.669643,22020096
cpu,27622.669643,27622.670606,22020096
cpu,27622.670606,27622.671567,22020096
cpu,27622.671567,27622.672578,22020096
cpu,27622.672579,27622.673544,22020096
cpu,27622.673544,27622.674512,22020096
cpu,27622.674512,27622.675480,22020096
cpu,27622.675480,27622.676450,22020096
cpu,27622.676450,27622.677412,22020096
cpu,27622.677412,27622.678368,22020096
cpu,27622.678369,27622.679332,22020096
cpu,27622.679332,27622.680337,22020096
cpu,27622.680337,27622.681334,22020096
cpu,27622.681334,27622.682335,22020096
cpu,27622.682335,27622.683311,22020096
cpu,27622.683311,27622.684304,22020096
cpu,27622.684304,27622.685269,22020096
cpu,27622.685269,27622.686232,22020096
cpu,27622.686232,27622.687186,22020096
cpu,27622.687187,27622.688165,22020096
cpu,27622.688165,27622.689126,22020096
cpu,27622.689127,27622.690082,22020096
cpu,27622.690082,27622.691053,22020096
cpu,27622.691053,27622.692034,22020096
cpu,27622.692034,27622.692993,22020096
cpu,27622.692994,27622.693946,22020096
cpu,27622.693947,27622.694902,22020096
cpu,27622.694902,27622.695874,22020096
cpu,27622.695875,27622.696842,22020096
cpu,27622.696842,27622.697800,22020096
cpu,27622.697801,27622.698814,22020096
cpu,27622.698814,27622.699784,22020096
cpu,27622.699784,27622.700757,22020096
cpu,27622.700757,27622.701711,22020096
cpu,27622.701712,27622.702683,22020096
cpu,27622.702683,27622.703633,22020096
cpu,27622.703633,27622.704601,22020096
cpu,27622.704601,27622.705556,22020096
cpu,27622.705556,27622.706515,22020096
cpu,27622.706516,27622.707491,22020096
cpu,27622.707491,27622.708462,22020096
cpu,27622.708462,27622.709422,22020096
cpu,27622.709422,27622.710373,22020096
cpu,27622.710373,27622.711332,22020096
cpu,27622.711332,27622.712308,22020096
cpu,27622.712308,27622.713268,22020096
cpu,27622.713269,27622.714224,22020096
cpu,27622.714224,27622.715176,22020096
cpu,27622.715176,27622.716150,22020096
cpu,27622.716151,27622.717099,22020096
cpu,27622.717100,27622.718058,22020096
cpu,27622.718058,27622.719013,22020096
cpu,27622.719013,27622.719972,22020096
cpu,27622.719972,27622.720946,22020096
cpu,27622.720946,27622.721900,22020096
cpu,27622.721900,27622.722872,22020096
cpu,27622.722873,27622.723822,22020096
cpu,27622.723822,27622.724796,22020096
cpu,27622.724796,27622.725766,22020096
cpu,27622.725767,27622.726744,22020096
cpu,27622.726745,27622.727711,22020096
cpu,27622.727711,27622.728713,22020096
cpu,27622.728713,27622.729690,22020096
cpu,27622.729690,27622.730701,22020096
cpu,27622.730701,27622.731657,22020096
cpu,27622.731657,27622.732643,22020096
cpu,27622.732643,27622.733601,22020096
cpu,27622.733602,27622.734562,22020096
cpu,27622.734563,27622.735517,22020096
cpu,27622.735517,27622.736489,22020096
cpu,27622.736489,27622.737446,22020096
cpu,27622.737446,27622.738404,22020096
cpu,27622.738404,27622.739355,22020096
cpu,27622.739355,27622.740329,22020096
cpu,27622.740329,27622.741290,22020096
cpu,27622.741290,27622.742245,22020096
cpu,27622.742245,27622.743218,22020096
cpu,27622.743219,27622.744184,22020096
cpu,27622.744184,27622.745139,22020096
cpu,27622.745140,27622.746096,22020096
cpu,27622.746097,27622.747055,22020096
cpu,27622.747055,27622.748030,22020096
cpu,27622.748030,27622.748988,22020096
cpu,27622.749010,27622.749968,22020096
cpu,27622.749969,27622.750923,22020096
cpu,27622.750923,27622.751878,22020096
cpu,27622.751878,27622.752894,22020096
cpu,27622.752894,27622.753854,22020096
cpu,27622.753854,27622.754809,22020096
cpu,27622.754809,27622.755761,22020096
cpu,27622.755761,27622.756735,22020096
cpu,27622.756735,27622.757692,22020096
cpu,27622.757692,27622.758652,22020096
cpu,27622.758652,27622.759610,22020096
cpu,27622.759611,27622.760586,22020096
cpu,27622.760586,27622.761547,22020096
cpu,27622.761548,27622.762506,22020096
cpu,27622.762506,27622.763484,22020096
cpu,27622.763484,27622.764456,22020096
cpu,27622.764456,27622.765434,22020096
cpu,27622.765434,27622.766387,22020096
cpu,27622.766388,27622.767343,22020096
cpu,27622.767343,27622.768310,22020096
cpu,27622.768310,27622.769274,22020096
cpu,27622.769274,27622.770232,22020096
cpu,27622.770232,27622.771195,22020096
cpu,27622.771195,27622.772176,22020096
cpu,27622.772177,27622.773181,22020096
cpu,27622.773182,27622.774201,22020096
cpu,27622.774201,27622.775189,22020096
cpu,27622.775190,27622.776194,22020096
cpu,27622.776195,27622.777214,22020096
cpu,27622.777214,27622.778213,22020096
cpu,27622.778213,27622.779194,22020096
cpu,27622.779194,27622.780209,22020096
cpu,27622.780209,27622.781187,22020096
cpu,27622.781187,27622.782167,22020096
cpu,27622.782167,27622.783136,22020096
cpu,27622.783137,27622.784138,22020096
cpu,27622.784138,27622.785111,22020096
cpu,27622.785111,27622.786083,22020096
cpu,27622.786083,27622.787048,22020096
cpu,27622.787048,27622.788028,22020096
cpu,27622.788028,27622.788996,22020096
cpu,27622.788996,27622.789957,22020096
cpu,27622.789958,27622.790921,22020096
cpu,27622.790921,27622.791881,22020096
cpu,27622.791881,27622.792870,22020096
cpu,27622.792871,27622.793834,22020096
cpu,27622.793835,27622.794798,22020096
cpu,27622.794798,27622.795771,22020096
cpu,27622.795771,27622.796741,22020096
cpu,27622.796741,27622.797706,22020096
cpu,27622.797707,27622.798666,22020096
cpu,27622.798666,27622.799634,22020096
cpu,27622.799635,27622.800623,22020096
cpu,27622.800623,27622.801578,22020096
cpu,27622.801578,27622.802544,22020096
cpu,27622.802544,27622.803527,22020096
cpu,27622.803527,27622.804501,22020096
cpu,27622.804501,27622.805458,22020096
cpu,27622.805465,27622.806429,22020096
cpu,27622.806429,27622.807390,22020096
cpu,27622.807390,27622.808364,22020096
cpu,27622.808364,27622.809338,22020096
cpu,27622.809338,27622.810295,22020096
cpu,27622.810295,27622.811255,22020096
cpu,27622.811255,27622.812228,22020096
cpu,27622.812228,27622.813203,22020096
cpu,27622.813204,27622.814158,22020096
cpu,27622.814158,27622.815113,22020096
cpu,27622.815113,27622.816083,22020096
cpu,27622.816084,27622.817042,22020096
cpu,27622.817042,27622.818008,22020096
cpu,27622.818008,27622.818964,22020096
cpu,27622.818965,27622.819932,22020096
cpu,27622.819932,27622.820912,22020096
cpu,27622.820912,27622.821909,22020096
cpu,27622.821909,27622.822899,22020096
cpu,27622.822899,27622.823931,22020096
cpu,27622.823931,27622.824915,22020096
cpu,27622.824915,27622.825873,22020096
cpu,27622.825873,27622.826827,22020096
cpu,27622.826827,27622.827789,22020096
cpu,27622.827789,27622.828764,22020096
cpu,27622.828764,27622.829721,22020096
cpu,27622.829721,27622.830675,22020096
cpu,27622.830676,27622.831637,22020096
cpu,27622.831637,27622.832609,22020096
cpu,27622.832609,27622.833578,22020096
cpu,27622.833578,27622.834536,22020096
cpu,27622.834536,27622.835492,22020096
cpu,27622.835493,27622.836467,22020096
cpu,27622.836467,27622.837424,22020096
cpu,27622.837424,27622.838389,22020096
cpu,27622.838389,27622.839347,22020096
cpu,27622.839348,27622.840321,22020096
cpu,27622.840321,27622.841281,22020096
cpu,27622.841281,27622.842237,22020096
cpu,27622.842237,27622.843203,22020096
cpu,27622.843203,27622.844177,22020096
cpu,27622.844177,27622.845139,22020096
cpu,27622.845140,27622.846109,22020096
cpu,27622.846109,27622.847073,22020096
cpu,27622.847074,27622.848048,22020096
cpu,27622.848049,27622.849004,22020096
cpu,27622.849004,27622.849966,22020096
cpu,27622.849966,27622.850922,22020096
cpu,27622.850922,27622.851881,22020096
cpu,27622.851881,27622.852862,22020096
cpu,27622.852862,27622.853846,22020096
cpu,27622.853846,27622.854819,22020096
cpu,27622.854820,27622.855774,22020096
cpu,27622.855774,27622.856750,22020096
cpu,27622.856751,27622.857714,22020096
cpu,27622.857714,27622.858677,22020096
cpu,27622.858677,27622.859644,22020096
cpu,27622.859644,27622.860617,22020096
cpu,27622.860617,27622.861574,22020096
cpu,27622.861574,27622.862528,22020096
cpu,27622.862529,27622.863500,22020096
cpu,27622.863501,27622.864473,22020096
cpu,27622.864474,27622.865434,22020096
cpu,27622.865434,27622.866392,22020096
cpu,27622.866392,27622.867406,22020096
cpu,27622.867407,27622.868394,22020096
cpu,27622.868394,27622.869401,22020096
cpu,27622.869402,27622.870375,22020096
cpu,27622.870375,27622.871333,22020096
cpu,27622.871333,27622.872307,22020096
cpu,27622.872307,27622.873284,22020096
cpu,27622.873284,27622.874242,22020096
cpu,27622.874242,27622.875203,22020096
cpu,27622.875203,27622.876184,22020096
cpu,27622.876185,27622.877143,22020096
cpu,27622.877143,27622.878098,22020096
cpu,27622.878098,27622.879054,22020096
cpu,27622.879054,27622.880035,22020096
cpu,27622.880036,27622.880988,22020096
cpu,27622.880988,27622.881947,22020096
cpu,27622.881947,27622.882898,22020096
cpu,27622.882898,27622.883878,22020096
cpu,27622.883878,27622.884849,22020096
cpu,27622.884849,27622.885807,22020096
cpu,27622.885807,27622.886764,22020096
cpu,27622.886764,27622.887721,22020096
cpu,27622.887721,27622.888695,22020096
cpu,27622.888696,27622.889650,22020096
cpu,27622.889651,27622.890607,22020096
cpu,27622.890607,27622.891564,22020096
cpu,27622.891564,27622.892536,22020096
cpu,27622.892536,27622.893504,22020096
cpu,27622.893504,27622.894456,22020096
cpu,27622.894456,27622.895421,22020096
cpu,27622.895421,27622.896390,22020096
cpu,27622.896391,27622.897347,22020096
cpu,27622.897347,27622.898306,22020096
cpu,27622.898306,27622.899271,22020096
cpu,27622.899271,27622.900249,22020096
cpu,27622.900249,27622.901211,22020096
cpu,27622.901211,27622.902178,22020096
cpu,27622.902178,27622.903141,22020096
cpu,27622.903142,27622.904137,22020096
cpu,27622.904137,27622.905103,22020096
cpu,27622.905103,27622.906060,22020096
cpu,27622.906060,27622.907010,22020096
cpu,27622.907010,27622.907972,22020096
cpu,27622.907973,27622.908947,22020096
cpu,27622.908947,27622.909909,22020096
cpu,27622.909909,27622.910871,22020096
cpu,27622.910872,27622.911826,22020096
cpu,27622.911826,27622.912800,22020096
cpu,27622.912801,27622.913818,22020096
cpu,27622.913818,27622.914811,22020096
cpu,27622.914811,27622.915801,22020096
cpu,27622.915801,27622.916785,22020096
cpu,27622.916785,27622.917798,22020096
cpu,27622.917798,27622.918758,22020096
cpu,27622.918758,27622.919723,22020096
cpu,27622.919724,27622.920703,22020096
cpu,27622.920703,27622.921656,22020096
cpu,27622.921656,27622.922621,22020096
cpu,27622.922622,27622.923579,22020096
cpu,27622.923579,27622.924549,22020096
cpu,27622.924549,27622.925506,22020096
cpu,27622.925506,27622.926466,22020096
cpu,27622.926466,27622.927421,22020096
cpu,27622.927421,27622.928387,22020096
cpu,27622.928387,27622.929348,22020096
cpu,27622.929348,27622.930304,22020096
cpu,27622.930304,27622.931259,22020096
cpu,27622.931259,27622.932231,22020096
cpu,27622.932231,27622.933193,22020096
cpu,27622.933193,27622.934176,22020096
cpu,27622.934176,27622.935130,22020096
cpu,27622.935130,27622.936109,22020096
cpu,27622.936109,27622.937071,22020096
cpu,27622.937071,27622.938027,22020096
cpu,27622.938028,27622.938986,22020096
cpu,27622.938986,27622.939954,22020096
cpu,27622.939954,27622.940938,22020096
cpu,27622.940939,27622.941896,22020096
cpu,27622.941896,27622.942850,22020096
cpu,27622.942850,27622.943822,22020096
cpu,27622.943822,27622.944801,22020096
cpu,27622.944801,27622.945760,22020096
cpu,27622.945760,27622.946716,22020096
cpu,27622.946716,27622.947678,22020096
cpu,27622.947678,27622.948648,22020096
cpu,27622.948648,27622.949604,22020096
cpu,27622.949604,27622.950560,22020096
cpu,27622.950560,27622.951519,22020096
cpu,27622.951519,27622.952485,22020096
cpu,27622.952486,27622.953444,22020096
cpu,27622.953444,27622.954413,22020096
cpu,27622.954413,27622.955364,22020096
cpu,27622.955365,27622.956339,22020096
cpu,27622.956340,27622.957293,22020096
cpu,27622.957293,27622.958247,22020096
cpu,27622.958247,27622.959203,22020096
cpu,27622.959203,27622.960249,22020096
cpu,27622.960249,27622.961248,22020096
cpu,27622.961249,27622.962251,22020096
cpu,27622.962251,27622.963227,22020096
cpu,27622.963227,27622.964304,22020096
cpu,27622.964304,27622.965273,22020096
cpu,27622.965273,27622.966227,22020096
cpu,27622.966228,27622.967185,22020096
cpu,27622.967185,27622.968161,22020096
cpu,27622.968162,27622.969123,22020096
cpu,27622.969123,27622.970081,22020096
cpu,27622.970081,27622.971042,22020096
cpu,27622.971049,27622.972023,22020096
cpu,27622.972024,27622.972991,22020096
cpu,27622.972991,27622.973957,22020096
cpu,27622.973957,27622.974922,22020096
cpu,27622.974922,27622.975878,22020096
cpu,27622.975878,27622.976850,22020096
cpu,27622.976851,27622.977805,22020096
cpu,27622.977805,27622.978761,22020096
cpu,27622.978761,27622.979723,22020096
cpu,27622.979723,27622.980686,22020096
cpu,27622.980686,27622.981645,22020096
cpu,27622.981645,27622.982597,22020096
cpu,27622.982597,27622.983554,22020096
cpu,27622.983555,27622.984549,22020096
cpu,27622.984550,27622.985511,22020096
cpu,27622.985511,27622.986471,22020096
cpu,27622.986472,27622.987422,22020096
cpu,27622.987422,27622.988405,22020096
cpu,27622.988405,27622.989359,22020096
cpu,27622.989360,27622.990314,22020096
cpu,27622.990315,27622.991274,22020096
cpu,27622.991274,27622.992235,22020096
cpu,27622.992235,27622.993191,22020096
cpu,27622.993191,27622.994161,22020096
cpu,27622.994162,27622.995123,22020096
cpu,27622.995123,27622.996087,22020096
cpu,27622.996087,27622.997048,22020096
cpu,27622.997048,27622.997999,22020096
cpu,27622.998000,27622.998956,22020096
cpu,27622.998956,27622.999914,22020096
cpu,27622.999914,27623.000887,22020096
cpu,27623.000887,27623.001848,22020096
cpu,27623.001848,27623.002824,22020096
cpu,27623.002824,27623.003793,22020096
cpu,27623.003793,27623.004775,22020096
cpu,27623.004776,27623.005733,22020096
cpu,27623.005733,27623.006702,22020096
cpu,27623.006703,27623.007664,22020096
cpu,27623.007664,27623.008643,22020096
cpu,27623.008643,27623.009613,22020096
cpu,27623.009613,27623.010609,22020096
cpu,27623.010610,27623.011565,22020096
cpu,27623.011565,27623.012539,22020096
cpu,27623.012539,27623.013508,22020096
cpu,27623.013509,27623.014476,22020096
cpu,27623.014476,27623.015434,22020096
cpu,27623.015435,27623.016403,22020096
cpu,27623.016403,27623.017357,22020096
cpu,27623.017357,27623.018311,22020096
cpu,27623.018312,27623.019270,22020096
cpu,27623.019271,27623.020243,22020096
cpu,27623.020243,27623.021197,22020096
cpu,27623.021197,27623.022156,22020096
cpu,27623.022156,27623.023108,22020096
cpu,27623.023108,27623.024076,22020096
cpu,27623.024076,27623.025053,22020096
cpu,27623.025053,27623.026014,22020096
cpu,27623.026014,27623.026972,22020096
cpu,27623.026972,27623.027924,22020096
cpu,27623.027924,27623.028893,22020096
cpu,27623.028894,27623.029842,22020096
cpu,27623.029843,27623.030798,22020096
cpu,27623.030798,27623.031750,22020096
cpu,27623.031750,27623.032724,22020096
cpu,27623.032725,27623.033684,22020096
cpu,27623.033684,27623.034649,22020096
cpu,27623.034649,27623.035606,22020096
cpu,27623.035607,27623.036576,22020096
cpu,27623.036576,27623.037528,22020096
cpu,27623.037528,27623.038487,22020096
cpu,27623.038487,27623.039448,22020096
cpu,27623.039448,27623.040423,22020096
cpu,27623.040424,27623.041377,22020096
cpu,27623.041378,27623.042329,22020096
cpu,27623.042330,27623.043284,22020096
cpu,27623.043284,27623.044251,22020096
cpu,27623.044251,27623.045238,22020096
cpu,27623.045238,27623.046193,22020096
cpu,27623.046193,27623.047152,22020096
cpu,27623.047152,27623.048120,22020096
cpu,27623.048120,27623.049075,22020096
cpu,27623.049075,27623.050026,22020096
cpu,27623.050026,27623.050982,22020096
cpu,27623.050982,27623.051934,22020096
cpu,27623.051934,27623.052906,22020096
cpu,27623.052907,27623.053896,22020096
cpu,27623.053897,27623.054884,22020096
cpu,27623.054884,27623.055864,22020096
cpu,27623.055864,27623.056857,22020096
cpu,27623.056858,27623.057834,22020096
cpu,27623.057834,27623.058784,22020096
cpu,27623.058785,27623.059742,22020096
cpu,27623.059742,27623.060716,22020096
cpu,27623.060716,27623.061670,22020096
cpu,27623.061670,27623.062627,22020096
cpu,27623.062628,27623.063583,22020096
cpu,27623.063583,27623.064563,22020096
cpu,27623.064563,27623.065520,22020096
cpu,27623.065520,27623.066480,22020096
cpu,27623.066480,27623.067439,22020096
cpu,27623.067440,27623.068411,22020096
cpu,27623.068411,27623.069362,22020096
cpu,27623.069362,27623.070313,22020096
cpu,27623.070313,27623.071271,22020096
cpu,27623.071271,27623.072241,22020096
cpu,27623.072241,27623.073201,22020096
cpu,27623.073201,27623.074162,22020096
cpu,27623.074163,27623.075141,22020096
cpu,27623.075141,27623.076117,22020096
cpu,27623.076117,27623.077076,22020096
cpu,27623.077076,27623.078032,22020096
cpu,27623.078033,27623.078990,22020096
cpu,27623.078990,27623.079950,22020096
cpu,27623.079950,27623.080924,22020096
cpu,27623.080924,27623.081879,22020096
cpu,27623.081880,27623.082841,22020096
cpu,27623.082841,27623.083802,22020096
cpu,27623.083802,27623.084782,22020096
cpu,27623.084782,27623.085741,22020096
cpu,27623.085741,27623.086698,22020096
cpu,27623.086698,27623.087655,22020096
cpu,27623.087655,27623.088622,22020096
cpu,27623.088622,27623.089576,22020096
cpu,27623.089576,27623.090534,22020096
cpu,27623.090534,27623.091497,22020096
cpu,27623.091497,27623.092466,22020096
cpu,27623.092466,27623.093422,22020096
cpu,27623.093422,27623.094379,22020096
cpu,27623.094380,27623.095363,22020096
cpu,27623.095363,27623.096334,22020096
cpu,27623.096334,27623.097291,22020096
cpu,27623.097291,27623.098249,22020096
cpu,27623.098249,27623.099201,22020096
cpu,27623.099201,27623.100200,22020096
cpu,27623.100200,27623.101167,22020096
cpu,27623.101167,27623.102177,22020096
cpu,27623.102177,27623.103138,22020096
cpu,27623.103138,27623.104143,22020096
cpu,27623.104144,27623.105116,22020096
cpu,27623.105116,27623.106081,22020096
cpu,27623.106081,27623.107035,22020096
cpu,27623.107035,27623.108032,22020096
cpu,27623.108032,27623.108983,22020096
cpu,27623.108983,27623.109936,22020096
cpu,27623.109936,27623.110889,22020096
cpu,27623.110889,27623.111847,22020096
cpu,27623.111847,27623.112816,22020096
cpu,27623.112816,27623.113771,22020096
cpu,27623.113771,27623.114726,22020096
cpu,27623.114726,27623.115693,22020096
cpu,27623.115694,27623.116667,22020096
cpu,27623.116667,27623.117615,22020096
cpu,27623.117616,27623.118574,22020096
cpu,27623.118574,27623.119530,22020096
cpu,27623.119530,27623.120498,22020096
cpu,27623.120498,27623.121453,22020096
cpu,27623.121453,27623.122403,22020096
cpu,27623.122403,27623.123360,22020096
cpu,27623.123360,27623.124334,22020096
cpu,27623.124334,27623.125318,22020096
cpu,27623.125318,27623.126277,22020096
cpu,27623.126277,27623.127227,22020096
cpu,27623.127227,27623.128197,22020096
cpu,27623.128197,27623.129149,22020096
cpu,27623.129150,27623.130116,22020096
cpu,27623.130117,27623.131073,22020096
cpu,27623.131073,27623.132048,22020096
cpu,27623.132048,27623.133005,22020096
cpu,27623.133005,27623.133956,22020096
cpu,27623.133956,27623.134914,22020096
cpu,27623.134914,27623.135867,22020096
cpu,27623.135874,27623.136842,22020096
cpu,27623.136842,27623.137797,22020096
cpu,27623.137797,27623.138757,22020096
cpu,27623.138757,27623.139711,22020096
cpu,27623.139711,27623.140682,22020096
cpu,27623.140683,27623.141637,22020096
cpu,27623.141637,27623.142594,22020096
cpu,27623.142594,27623.143549,22020096
cpu,27623.143549,27623.144514,22020096
cpu,27623.144514,27623.145496,22020096
cpu,27623.145497,27623.146455,22020096
cpu,27623.146455,27623.147436,22020096
cpu,27623.147436,27623.148445,22020096
cpu,27623.148445,27623.149422,22020096
cpu,27623.149422,27623.150404,22020096
cpu,27623.150404,27623.151378,22020096
cpu,27623.151379,27623.152346,22020096
cpu,27623.152346,27623.153311,22020096
cpu,27623.153311,27623.154267,22020096
cpu,27623.154267,27623.155228,22020096
cpu,27623.155228,27623.156189,22020096
cpu,27623.156189,27623.157143,22020096
cpu,27623.157143,27623.158096,22020096
cpu,27623.158096,27623.159056,22020096
cpu,27623.159056,27623.160034,22020096
cpu,27623.160034,27623.160988,22020096
cpu,27623.160989,27623.161972,22020096
cpu,27623.161972,27623.162927,22020096
cpu,27623.162927,27623.163883,22020096
cpu,27623.163883,27623.164864,22020096
cpu,27623.164864,27623.165843,22020096
cpu,27623.165843,27623.166798,22020096
cpu,27623.166798,27623.167751,22020096
cpu,27623.167752,27623.168719,22020096
cpu,27623.168720,27623.169675,22020096
cpu,27623.169675,27623.170633,22020096
cpu,27623.170634,27623.171588,22020096
cpu,27623.171588,27623.172561,22020096
cpu,27623.172562,27623.173521,22020096
cpu,27623.173521,27623.174478,22020096
cpu,27623.174478,27623.175440,22020096
cpu,27623.175440,27623.176404,22020096
cpu,27623.176404,27623.177361,22020096
cpu,27623.177361,27623.178314,22020096
cpu,27623.178314,27623.179272,22020096
cpu,27623.179273,27623.180244,22020096
cpu,27623.180244,27623.181192,22020096
cpu,27623.181192,27623.182154,22020096
cpu,27623.182154,27623.183106,22020096
cpu,27623.183107,27623.184073,22020096
cpu,27623.184074,27623.185040,22020096
cpu,27623.185040,27623.186014,22020096
cpu,27623.186014,27623.186966,22020096
cpu,27623.186966,27623.187926,22020096
cpu,27623.187926,27623.188899,22020096
cpu,27623.188900,27623.189850,22020096
cpu,27623.189851,27623.190806,22020096
cpu,27623.190806,27623.191757,22020096
cpu,27623.191757,27623.192734,22020096
cpu,27623.192734,27623.193716,22020096
cpu,27623.193716,27623.194705,22020096
cpu,27623.194705,27623.195686,22020096
cpu,27623.195687,27623.196669,22020096
cpu,27623.196670,27623.197694,22020096
cpu,27623.197694,27623.198645,22020096
cpu,27623.198646,27623.199601,22020096
cpu,27623.199601,27623.200581,22020096
cpu,27623.200581,27623.201535,22020096
cpu,27623.201535,27623.202495,22020096
cpu,27623.202495,27623.203447,22020096
cpu,27623.203448,27623.204423,22020096
cpu,27623.204424,27623.205377,22020096
cpu,27623.205377,27623.206355,22020096
cpu,27623.206355,27623.207311,22020096
cpu,27623.207311,27623.208281,22020096
cpu,27623.208282,27623.209238,22020096
cpu,27623.209238,27623.210193,22020096
cpu,27623.210193,27623.211148,22020096
cpu,27623.211149,27623.212119,22020096
cpu,27623.212119,27623.213081,22020096
cpu,27623.213081,27623.214037,22020096
cpu,27623.214037,27623.214994,22020096
cpu,27623.214995,27623.215971,22020096
cpu,27623.215971,27623.216935,22020096
cpu,27623.216935,27623.217898,22020096
cpu,27623.217899,27623.218858,22020096
cpu,27623.218858,27623.219812,22020096
cpu,27623.219812,27623.220781,22020096
cpu,27623.220781,27623.221727,22020096
cpu,27623.221728,27623.222691,22020096
cpu,27623.222692,27623.223644,22020096
cpu,27623.223644,27623.224614,22020096
cpu,27623.224614,27623.225570,22020096
cpu,27623.225570,27623.226539,22020096
cpu,27623.226539,27623.227500,22020096
cpu,27623.227500,27623.228466,22020096
cpu,27623.228466,27623.229420,22020096
cpu,27623.229420,27623.230373,22020096
cpu,27623.230373,27623.231329,22020096
cpu,27623.231329,27623.232299,22020096
cpu,27623.232299,27623.233259,22020096
cpu,27623.233260,27623.234216,22020096
cpu,27623.234216,27623.235182,22020096
cpu,27623.235182,27623.236173,22020096
cpu,27623.236173,27623.237126,22020096
cpu,27623.237126,27623.238095,22020096
cpu,27623.238095,27623.239053,22020096
cpu,27623.239053,27623.240026,22020096
cpu,27623.240027,27623.241005,22020096
cpu,27623.241005,27623.241969,22020096
cpu,27623.241970,27623.242969,22020096
cpu,27623.242970,27623.243938,22020096
cpu,27623.243938,27623.244955,22020096
cpu,27623.244955,27623.245914,22020096
cpu,27623.245914,27623.246894,22020096
cpu,27623.246894,27623.247859,22020096
cpu,27623.247859,27623.248825,22020096
cpu,27623.248825,27623.250045,22020096
cpu,27623.250045,27623.251011,22020096
cpu,27623.251011,27623.252037,22020096
cpu,27623.252037,27623.252996,22020096
cpu,27623.252997,27623.253960,22020096
cpu,27623.253960,27623.254921,22020096
cpu,27623.254921,27623.255885,22020096
cpu,27623.255885,27623.256860,22020096
cpu,27623.256860,27623.257821,22020096
cpu,27623.257821,27623.258806,22020096
cpu,27623.258806,27623.259767,22020096
cpu,27623.259767,27623.260743,22020096
cpu,27623.260744,27623.261703,22020096
cpu,27623.261703,27623.262657,22020096
cpu,27623.262658,27623.263612,22020096
cpu,27623.263613,27623.264580,22020096
cpu,27623.264580,27623.265540,22020096
cpu,27623.265541,27623.266513,22020096
cpu,27623.266514,27623.267465,22020096
cpu,27623.267465,27623.268450,22020096
cpu,27623.268450,27623.269401,22020096
cpu,27623.269401,27623.270361,22020096
cpu,27623.270361,27623.271320,22020096
cpu,27623.271321,27623.272293,22020096
cpu,27623.272293,27623.273257,22020096
cpu,27623.273257,27623.274209,22020096
cpu,27623.274210,27623.275168,22020096
cpu,27623.275168,27623.276146,22020096
cpu,27623.276146,27623.277108,22020096
cpu,27623.277108,27623.278059,22020096
cpu,27623.278059,27623.279014,22020096
cpu,27623.279014,27623.279971,22020096
cpu,27623.279971,27623.280945,22020096
cpu,27623.280945,27623.281911,22020096
cpu,27623.281911,27623.282866,22020096
cpu,27623.282866,27623.283826,22020096
cpu,27623.283826,27623.284800,22020096
cpu,27623.284800,27623.285776,22020096
cpu,27623.285776,27623.286752,22020096
cpu,27623.286752,27623.287733,22020096
cpu,27623.287733,27623.288758,22020096
cpu,27623.288758,27623.289732,22020096
cpu,27623.289732,27623.290709,22020096
cpu,27623.290710,27623.291667,22020096
cpu,27623.291667,27623.292643,22020096
cpu,27623.292643,27623.293596,22020096
cpu,27623.293597,27623.294567,22020096
cpu,27623.294567,27623.295522,22020096
cpu,27623.295523,27623.296500,22020096
cpu,27623.296501,27623.297459,22020096
cpu,27623.297460,27623.298410,22020096
cpu,27623.298410,27623.299370,22020096
cpu,27623.299370,27623.300345,22020096
cpu,27623.300353,27623.301307,22020096
cpu,27623.301307,27623.302262,22020096
cpu,27623.302262,27623.303215,22020096
cpu,27623.303215,27623.304190,22020096
cpu,27623.304190,27623.305146,22020096
cpu,27623.305146,27623.306111,22020096
cpu,27623.306111,27623.307071,22020096
cpu,27623.307071,27623.308036,22020096
cpu,27623.308037,27623.308991,22020096
cpu,27623.308992,27623.309949,22020096
cpu,27623.309949,27623.310909,22020096
cpu,27623.310909,27623.311864,22020096
cpu,27623.311864,27623.312839,22020096
cpu,27623.312839,27623.313797,22020096
cpu,27623.313797,27623.314746,22020096
cpu,27623.314746,27623.315707,22020096
cpu,27623.315707,27623.316691,22020096
cpu,27623.316692,27623.317647,22020096
cpu,27623.317647,27623.318598,22020096
cpu,27623.318599,27623.319560,22020096
cpu,27623.319560,27623.320526,22020096
cpu,27623.320526,27623.321486,22020096
cpu,27623.321486,27623.322446,22020096
cpu,27623.322447,27623.323399,22020096
cpu,27623.323400,27623.324373,22020096
cpu,27623.324373,27623.325323,22020096
cpu,27623.325323,27623.326286,22020096
cpu,27623.326286,27623.327247,22020096
cpu,27623.327247,27623.328217,22020096
cpu,27623.328217,27623.329175,22020096
cpu,27623.329175,27623.330131,22020096
cpu,27623.330131,27623.331092,22020096
cpu,27623.331092,27623.332058,22020096
cpu,27623.332059,27623.333016,22020096
cpu,27623.333016,27623.334025,22020096
cpu,27623.334025,27623.335032,22020096
cpu,27623.335032,27623.336035,22020096
cpu,27623.336035,27623.337020,22020096
cpu,27623.337021,27623.338024,22020096
cpu,27623.338024,27623.338980,22020096
cpu,27623.338980,27623.339936,22020096
cpu,27623.339936,27623.340906,22020096
cpu,27623.340907,27623.341864,22020096
cpu,27623.341864,27623.342820,22020096
cpu,27623.342820,27623.343774,22020096
cpu,27623.343774,27623.344745,22020096
cpu,27623.344745,27623.345701,22020096
cpu,27623.345701,27623.346677,22020096
cpu,27623.346677,27623.347634,22020096
cpu,27623.347635,27623.348604,22020096
cpu,27623.348604,27623.349577,22020096
cpu,27623.349577,27623.350602,22020096
cpu,27623.350602,27623.351568,22020096
cpu,27623.351569,27623.352543,22020096
cpu,27623.352544,27623.353512,22020096
cpu,27623.353512,27623.354473,22020096
cpu,27623.354473,27623.355433,22020096
cpu,27623.355433,27623.356417,22020096
cpu,27623.356417,27623.357379,22020096
cpu,27623.357380,27623.358347,22020096
cpu,27623.358347,27623.359299,22020096
cpu,27623.359299,27623.360286,22020096
cpu,27623.360286,27623.361253,22020096
cpu,27623.361253,27623.362212,22020096
cpu,27623.362213,27623.363168,22020096
cpu,27623.363168,27623.364146,22020096
cpu,27623.364146,27623.365107,22020096
cpu,27623.365107,27623.366064,22020096
cpu,27623.366064,27623.367056,22020096
cpu,27623.367056,27623.368041,22020096
cpu,27623.368042,27623.368999,22020096
cpu,27623.368999,27623.369960,22020096
cpu,27623.369960,27623.370933,22020096
cpu,27623.370933,27623.371882,22020096
cpu,27623.371882,27623.372859,22020096
cpu,27623.372859,27623.373812,22020096
cpu,27623.373812,27623.374775,22020096
cpu,27623.374776,27623.375730,22020096
cpu,27623.375730,27623.376709,22020096
cpu,27623.376709,27623.377691,22020096
cpu,27623.377692,27623.378656,22020096
cpu,27623.378656,27623.379615,22020096
cpu,27623.379615,27623.380616,22020096
cpu,27623.380616,27623.381629,22020096
cpu,27623.381630,27623.382603,22020096
cpu,27623.382603,27623.383581,22020096
cpu,27623.383581,27623.384584,22020096
cpu,27623.384584,27623.385539,22020096
cpu,27623.385539,27623.386498,22020096
cpu,27623.386498,27623.387470,22020096
cpu,27623.387470,27623.388444,22020096
cpu,27623.388444,27623.389402,22020096
cpu,27623.389403,27623.390368,22020096
cpu,27623.390368,27623.391325,22020096
cpu,27623.391325,27623.392295,22020096
cpu,27623.392295,27623.393248,22020096
cpu,27623.393249,27623.394201,22020096
cpu,27623.394201,27623.395172,22020096
cpu,27623.395172,27623.396138,22020096
cpu,27623.396139,27623.397124,22020096
cpu,27623.397124,27623.398085,22020096
cpu,27623.398085,27623.399041,22020096
cpu,27623.399041,27623.400024,22020096
cpu,27623.400024,27623.400984,22020096
cpu,27623.400985,27623.401946,22020096
cpu,27623.401946,27623.402898,22020096
cpu,27623.402898,27623.403855,22020096
cpu,27623.403855,27623.404824,22020096
cpu,27623.404824,27623.405775,22020096
cpu,27623.405775,27623.406731,22020096
cpu,27623.406732,27623.407700,22020096
cpu,27623.407700,27623.408673,22020096
cpu,27623.408673,27623.409629,22020096
cpu,27623.409630,27623.410588,22020096
cpu,27623.410588,27623.411542,22020096
cpu,27623.411543,27623.412511,22020096
cpu,27623.412511,27623.413474,22020096
cpu,27623.413474,27623.414429,22020096
cpu,27623.414429,27623.415390,22020096
cpu,27623.415390,27623.416355,22020096
cpu,27623.416356,27623.417316,22020096
cpu,27623.417316,27623.418274,22020096
cpu,27623.418274,27623.419225,22020096
cpu,27623.419225,27623.420205,22020096
cpu,27623.420205,27623.421159,22020096
cpu,27623.421159,27623.422115,22020096
cpu,27623.422115,27623.423072,22020096
cpu,27623.423072,27623.424049,22020096
cpu,27623.424049,27623.425012,22020096
cpu,27623.425012,27623.425969,22020096
cpu,27623.425969,27623.426949,22020096
cpu,27623.426949,27623.427909,22020096
cpu,27623.427909,27623.428921,22020096
cpu,27623.428921,27623.429891,22020096
cpu,27623.429891,27623.430857,22020096
cpu,27623.430857,27623.431813,22020096
cpu,27623.431813,27623.432781,22020096
cpu,27623.432781,27623.433743,22020096
cpu,27623.433743,27623.434697,22020096
cpu,27623.434697,27623.435655,22020096
cpu,27623.435655,27623.436629,22020096
cpu,27623.436629,27623.437612,22020096
cpu,27623.437613,27623.438572,22020096
cpu,27623.438572,27623.439523,22020096
cpu,27623.439523,27623.440501,22020096
cpu,27623.440502,27623.441450,22020096
cpu,27623.441451,27623.442409,22020096
cpu,27623.442409,27623.443363,22020096
cpu,27623.443363,27623.444335,22020096
cpu,27623.444336,27623.445293,22020096
cpu,27623.445293,27623.446248,22020096
cpu,27623.446248,27623.447220,22020096
cpu,27623.447220,27623.448187,22020096
cpu,27623.448187,27623.449147,22020096
cpu,27623.449147,27623.450101,22020096
cpu,27623.450101,27623.451060,22020096
cpu,27623.451061,27623.452029,22020096
cpu,27623.452029,27623.452982,22020096
cpu,27623.452982,27623.453938,22020096
cpu,27623.453938,27623.454892,22020096
cpu,27623.454892,27623.455852,22020096
cpu,27623.455852,27623.456832,22020096
cpu,27623.456832,27623.457796,22020096
cpu,27623.457796,27623.458748,22020096
cpu,27623.458748,27623.459698,22020096
cpu,27623.459699,27623.460678,22020096
cpu,27623.460678,27623.461629,22020096
cpu,27623.461630,27623.462585,22020096
cpu,27623.462585,27623.463538,22020096
cpu,27623.463538,27623.464509,22020096
cpu,27623.464509,27623.465461,22020096
cpu,27623.465469,27623.466428,22020096
cpu,27623.466428,27623.467387,22020096
cpu,27623.467387,27623.468361,22020096
cpu,27623.468361,27623.469321,22020096
cpu,27623.469321,27623.470273,22020096
cpu,27623.470274,27623.471229,22020096
cpu,27623.471229,27623.472196,22020096
cpu,27623.472197,27623.473152,22020096
cpu,27623.473152,27623.474170,22020096
cpu,27623.474170,27623.475143,22020096
cpu,27623.475143,27623.476130,22020096
cpu,27623.476130,27623.477090,22020096
cpu,27623.477091,27623.478062,22020096
cpu,27623.478062,27623.479016,22020096
cpu,27623.479016,27623.479969,22020096
cpu,27623.479969,27623.480941,22020096
cpu,27623.480941,27623.481893,22020096
cpu,27623.481893,27623.482849,22020096
cpu,27623.482849,27623.483806,22020096
cpu,27623.483806,27623.484781,22020096
cpu,27623.484781,27623.485737,22020096
cpu,27623.485737,27623.486689,22020096
cpu,27623.486689,27623.487650,22020096
cpu,27623.487650,27623.488620,22020096
cpu,27623.488621,27623.489576,22020096
cpu,27623.489576,27623.490529,22020096
cpu,27623.490529,27623.491493,22020096
cpu,27623.491493,27623.492486,22020096
cpu,27623.492486,27623.493486,22020096
cpu,27623.493487,27623.494447,22020096
cpu,27623.494448,27623.495402,22020096
cpu,27623.495402,27623.496380,22020096
cpu,27623.496380,27623.497342,22020096
cpu,27623.497342,27623.498293,22020096
cpu,27623.498293,27623.499250,22020096
cpu,27623.499250,27623.500222,22020096
cpu,27623.500223,27623.501180,22020096
cpu,27623.501181,27623.502131,22020096
cpu,27623.502131,27623.503090,22020096
cpu,27623.503090,27623.504058,22020096
cpu,27623.504059,27623.505021,22020096
cpu,27623.505021,27623.505970,22020096
cpu,27623.505970,27623.506931,22020096
cpu,27623.506931,27623.507891,22020096
cpu,27623.507892,27623.508864,22020096
cpu,27623.508865,27623.509822,22020096
cpu,27623.509822,27623.510769,22020096
cpu,27623.510770,27623.511731,22020096
cpu,27623.511731,27623.512704,22020096
cpu,27623.512704,27623.513667,22020096
cpu,27623.513667,27623.514622,22020096
cpu,27623.514623,27623.515573,22020096
cpu,27623.515573,27623.516551,22020096
cpu,27623.516551,27623.517498,22020096
cpu,27623.517498,27623.518460,22020096
cpu,27623.518460,27623.519411,22020096
cpu,27623.519411,27623.520400,22020096
cpu,27623.520400,27623.521402,22020096
cpu,27623.521402,27623.522421,22020096
cpu,27623.522421,27623.523410,22020096
cpu,27623.523410,27623.524425,22020096
cpu,27623.524425,27623.525393,22020096
cpu,27623.525393,27623.526351,22020096
cpu,27623.526352,27623.527309,22020096
cpu,27623.527310,27623.528307,22020096
cpu,27623.528307,27623.529262,22020096
cpu,27623.529262,27623.530220,22020096
cpu,27623.530221,27623.531176,22020096
cpu,27623.531176,27623.532167,22020096
cpu,27623.532167,27623.533122,22020096
cpu,27623.533122,27623.534077,22020096
cpu,27623.534078,27623.535038,22020096
cpu,27623.535038,27623.535991,22020096
cpu,27623.535991,27623.536959,22020096
cpu,27623.536959,27623.537920,22020096
cpu,27623.537920,27623.538871,22020096
cpu,27623.538872,27623.539828,22020096
cpu,27623.539828,27623.540815,22020096
cpu,27623.540815,27623.541778,22020096
cpu,27623.541778,27623.542739,22020096
cpu,27623.542739,27623.543705,22020096
cpu,27623.543705,27623.544672,22020096
cpu,27623.544672,27623.545628,22020096
cpu,27623.545628,27623.546584,22020096
cpu,27623.546584,27623.547539,22020096
cpu,27623.547539,27623.548525,22020096
cpu,27623.548526,27623.549477,22020096
cpu,27623.549478,27623.550436,22020096
cpu,27623.550437,27623.551391,22020096
cpu,27623.551391,27623.552367,22020096
cpu,27623.552367,27623.553321,22020096
cpu,27623.553321,27623.554279,22020096
cpu,27623.554279,27623.555239,22020096
cpu,27623.555239,27623.556208,22020096
cpu,27623.556208,27623.557163,22020096
cpu,27623.557163,27623.558134,22020096
cpu,27623.558135,27623.559091,22020096
cpu,27623.559091,27623.560059,22020096
cpu,27623.560059,27623.561021,22020096
cpu,27623.561021,27623.561978,22020096
cpu,27623.561978,27623.562933,22020096
cpu,27623.562933,27623.563888,22020096
cpu,27623.563888,27623.564858,22020096
cpu,27623.564859,27623.565817,22020096
cpu,27623.565817,27623.566794,22020096
cpu,27623.566794,27623.567826,22020096
cpu,27623.567826,27623.568829,22020096
cpu,27623.568829,27623.569795,22020096
cpu,27623.569795,27623.570776,22020096
cpu,27623.570776,27623.571757,22020096
cpu,27623.571758,27623.572733,22020096
cpu,27623.572733,27623.573696,22020096
cpu,27623.573696,27623.574655,22020096
cpu,27623.574655,27623.575621,22020096
cpu,27623.575621,27623.576586,22020096
cpu,27623.576586,27623.577543,22020096
cpu,27623.577543,27623.578512,22020096
cpu,27623.578512,27623.579460,22020096
cpu,27623.579460,27623.580424,22020096
cpu,27623.580424,27623.581386,22020096
cpu,27623.581386,27623.582346,22020096
cpu,27623.582346,27623.583306,22020096
cpu,27623.583306,27623.584277,22020096
cpu,27623.584277,27623.585229,22020096
cpu,27623.585229,27623.586194,22020096
cpu,27623.586194,27623.587156,22020096
cpu,27623.587157,27623.588132,22020096
cpu,27623.588132,27623.589090,22020096
cpu,27623.589090,27623.590055,22020096
cpu,27623.590055,27623.591011,22020096
cpu,27623.591011,27623.591964,22020096
cpu,27623.591964,27623.592940,22020096
cpu,27623.592940,27623.593898,22020096
cpu,27623.593898,27623.594853,22020096
cpu,27623.594854,27623.595808,22020096
cpu,27623.595809,27623.596779,22020096
cpu,27623.596779,27623.597741,22020096
cpu,27623.597742,27623.598707,22020096
cpu,27623.598707,27623.599664,22020096
cpu,27623.599664,27623.600655,22020096
cpu,27623.600655,27623.601606,22020096
cpu,27623.601606,27623.602563,22020096
cpu,27623.602563,27623.603517,22020096
cpu,27623.603518,27623.604484,22020096
cpu,27623.604484,27623.605443,22020096
cpu,27623.605443,27623.606397,22020096
cpu,27623.606397,27623.607349,22020096
cpu,27623.607349,27623.608321,22020096
cpu,27623.608321,27623.609300,22020096
cpu,27623.609300,27623.610260,22020096
cpu,27623.610260,27623.611219,22020096
cpu,27623.611219,27623.612187,22020096
cpu,27623.612188,27623.613146,22020096
cpu,27623.613146,27623.614127,22020096
cpu,27623.614127,27623.615107,22020096
cpu,27623.615108,27623.616125,22020096
cpu,27623.616125,27623.617097,22020096
cpu,27623.617097,27623.618063,22020096
cpu,27623.618063,27623.619034,22020096
cpu,27623.619035,27623.619989,22020096
cpu,27623.619989,27623.620954,22020096
cpu,27623.620954,27623.621910,22020096
cpu,27623.621910,27623.622863,22020096
cpu,27623.622863,27623.623821,22020096
cpu,27623.623821,27623.624793,22020096
cpu,27623.624793,27623.625750,22020096
cpu,27623.625751,27623.626707,22020096
cpu,27623.626707,27623.627662,22020096
cpu,27623.627663,27623.628651,22020096
cpu,27623.628652,27623.629611,22020096
cpu,27623.629611,27623.630573,22020096
cpu,27623.630581,27623.631536,22020096
cpu,27623.631536,27623.632507,22020096
cpu,27623.632507,27623.633465,22020096
cpu,27623.633465,27623.634417,22020096
cpu,27623.634417,27623.635370,22020096
cpu,27623.635370,27623.636346,22020096
cpu,27623.636346,27623.637293,22020096
cpu,27623.637294,27623.638252,22020096
cpu,27623.638253,27623.639238,22020096
cpu,27623.639238,27623.640215,22020096
cpu,27623.640215,27623.641172,22020096
cpu,27623.641172,27623.642128,22020096
cpu,27623.642128,27623.643083,22020096
cpu,27623.643084,27623.644057,22020096
cpu,27623.644058,27623.645014,22020096
cpu,27623.645014,27623.645973,22020096
cpu,27623.645973,27623.646929,22020096
cpu,27623.646930,27623.647880,22020096
cpu,27623.647880,27623.648865,22020096
cpu,27623.648865,27623.649819,22020096
cpu,27623.649819,27623.650774,22020096
cpu,27623.650774,27623.651726,22020096
cpu,27623.651726,27623.652713,22020096
cpu,27623.652713,27623.653673,22020096
cpu,27623.653673,27623.654626,22020096
cpu,27623.654626,27623.655583,22020096
cpu,27623.655583,27623.656552,22020096
cpu,27623.656552,27623.657511,22020096
cpu,27623.657511,27623.658479,22020096
cpu,27623.658479,27623.659440,22020096
cpu,27623.659440,27623.660424,22020096
cpu,27623.660424,27623.661385,22020096
cpu,27623.661386,27623.662369,22020096
cpu,27623.662369,27623.663340,22020096
cpu,27623.663340,27623.664397,22020096
cpu,27623.664397,27623.665357,22020096
cpu,27623.665357,27623.666313,22020096
cpu,27623.666313,27623.667270,22020096
cpu,27623.667270,27623.668235,22020096
cpu,27623.668236,27623.669206,22020096
cpu,27623.669206,27623.670160,22020096
cpu,27623.670161,27623.671116,22020096
cpu,27623.671116,27623.672085,22020096
cpu,27623.672085,27623.673040,22020096
cpu,27623.673040,27623.673998,22020096
cpu,27623.673998,27623.674968,22020096
cpu,27623.674968,27623.675921,22020096
cpu,27623.675922,27623.676892,22020096
cpu,27623.676892,27623.677854,22020096
cpu,27623.677854,27623.678811,22020096
cpu,27623.678811,27623.679767,22020096
cpu,27623.679768,27623.680746,22020096
cpu,27623.680746,27623.681699,22020096
cpu,27623.681699,27623.682657,22020096
cpu,27623.682657,27623.683614,22020096
cpu,27623.683614,27623.684585,22020096
cpu,27623.684585,27623.685539,22020096
cpu,27623.685540,27623.686502,22020096
cpu,27623.686503,27623.687461,22020096
cpu,27623.687461,27623.688427,22020096
cpu,27623.688427,27623.689395,22020096
cpu,27623.689396,27623.690350,22020096
cpu,27623.690351,27623.691311,22020096
cpu,27623.691312,27623.692284,22020096
cpu,27623.692285,27623.693235,22020096
cpu,27623.693235,27623.694194,22020096
cpu,27623.694194,27623.695141,22020096
cpu,27623.695142,27623.696110,22020096
cpu,27623.696111,27623.697066,22020096
cpu,27623.697066,27623.698023,22020096
cpu,27623.698024,27623.698988,22020096
cpu,27623.698988,27623.699949,22020096
cpu,27623.699949,27623.700922,22020096
cpu,27623.700922,27623.701874,22020096
cpu,27623.701875,27623.702842,22020096
cpu,27623.702843,27623.703801,22020096
cpu,27623.703801,27623.704782,22020096
cpu,27623.704783,27623.705755,22020096
cpu,27623.705755,27623.706726,22020096
cpu,27623.706726,27623.707729,22020096
cpu,27623.707729,27623.708726,22020096
cpu,27623.708726,27623.709744,22020096
cpu,27623.709744,27623.710721,22020096
cpu,27623.710721,27623.711680,22020096
cpu,27623.711680,27623.712649,22020096
cpu,27623.712649,27623.713625,22020096
cpu,27623.713625,27623.714576,22020096
cpu,27623.714576,27623.715531,22020096
cpu,27623.715531,27623.716495,22020096
cpu,27623.716495,27623.717447,22020096
cpu,27623.717447,27623.718406,22020096
cpu,27623.718406,27623.719381,22020096
cpu,27623.719381,27623.720340,22020096
cpu,27623.720340,27623.721295,22020096
cpu,27623.721296,27623.722249,22020096
cpu,27623.722249,27623.723214,22020096
cpu,27623.723214,27623.724196,22020096
cpu,27623.724196,27623.725162,22020096
cpu,27623.725163,27623.726132,22020096
cpu,27623.726132,27623.727096,22020096
cpu,27623.727096,27623.728078,22020096
cpu,27623.728078,27623.729044,22020096
cpu,27623.729045,27623.729998,22020096
cpu,27623.729998,27623.730956,22020096
cpu,27623.730956,27623.731917,22020096
cpu,27623.731917,27623.732889,22020096
cpu,27623.732890,27623.733875,22020096
cpu,27623.733876,27623.734844,22020096
cpu,27623.734844,27623.735799,22020096
cpu,27623.735800,27623.736778,22020096
cpu,27623.736778,27623.737733,22020096
cpu,27623.737733,27623.738689,22020096
cpu,27623.738745,27623.739724,22020096
cpu,27623.739724,27623.740695,22020096
cpu,27623.740695,27623.741651,22020096
cpu,27623.741651,27623.742609,22020096
cpu,27623.742609,27623.743567,22020096
cpu,27623.743567,27623.744539,22020096
cpu,27623.744539,27623.745497,22020096
cpu,27623.745497,27623.746452,22020096
cpu,27623.746453,27623.747405,22020096
cpu,27623.747405,27623.748386,22020096
cpu,27623.748386,27623.749357,22020096
cpu,27623.749358,27623.750318,22020096
cpu,27623.750318,27623.751274,22020096
cpu,27623.751275,27623.752246,22020096
cpu,27623.752246,27623.753206,22020096
cpu,27623.753206,27623.754185,22020096
cpu,27623.754185,27623.755166,22020096
cpu,27623.755166,27623.756191,22020096
cpu,27623.756191,27623.757164,22020096
cpu,27623.757164,27623.758169,22020096
cpu,27623.758169,27623.759143,22020096
cpu,27623.759144,27623.760121,22020096
cpu,27623.760121,27623.761074,22020096
cpu,27623.761074,27623.762031,22020096
cpu,27623.762032,27623.762985,22020096
cpu,27623.762986,27623.763939,22020096
cpu,27623.763940,27623.764905,22020096
cpu,27623.764905,27623.765869,22020096
cpu,27623.765870,27623.766832,22020096
cpu,27623.766832,27623.767786,22020096
cpu,27623.767786,27623.768764,22020096
cpu,27623.768764,27623.769735,22020096
cpu,27623.769736,27623.770692,22020096
cpu,27623.770692,27623.771657,22020096
cpu,27623.771657,27623.772646,22020096
cpu,27623.772646,27623.773607,22020096
cpu,27623.773608,27623.774563,22020096
cpu,27623.774564,27623.775522,22020096
cpu,27623.775522,27623.776491,22020096
cpu,27623.776491,27623.777449,22020096
cpu,27623.777449,27623.778405,22020096
cpu,27623.778406,27623.779369,22020096
cpu,27623.779370,27623.780347,22020096
cpu,27623.780347,27623.781306,22020096
cpu,27623.781306,27623.782285,22020096
cpu,27623.782285,27623.783239,22020096
cpu,27623.783239,27623.784213,22020096
cpu,27623.784213,27623.785174,22020096
cpu,27623.785174,27623.786138,22020096
cpu,27623.786138,27623.787096,22020096
cpu,27623.787096,27623.788070,22020096
cpu,27623.788070,27623.789034,22020096
cpu,27623.789034,27623.790003,22020096
cpu,27623.790003,27623.790968,22020096
cpu,27623.790968,27623.791928,22020096
cpu,27623.791928,27623.792906,22020096
cpu,27623.792906,27623.793867,22020096
cpu,27623.793868,27623.794819,22020096
cpu,27623.794820,27623.795785,22020096
cpu,27623.795786,27623.796762,22020096
cpu,27623.796762,27623.797720,22020096
cpu,27623.797720,27623.798678,22020096
cpu,27623.798678,27623.799646,22020096
cpu,27623.799646,27623.800683,22020096
cpu,27623.800683,27623.801675,22020096
cpu,27623.801675,27623.802673,22020096
cpu,27623.802673,27623.803656,22020096
cpu,27623.803656,27623.804665,22020096
cpu,27623.804665,27623.805626,22020096
cpu,27623.805627,27623.806589,22020096
cpu,27623.806589,27623.807547,22020096
cpu,27623.807547,27623.808517,22020096
cpu,27623.808518,27623.809484,22020096
cpu,27623.809484,27623.810442,22020096
cpu,27623.810442,27623.811400,22020096
cpu,27623.811400,27623.812367,22020096
cpu,27623.812367,27623.813324,22020096
cpu,27623.813325,27623.814284,22020096
cpu,27623.814284,27623.815246,22020096
cpu,27623.815246,27623.816223,22020096
cpu,27623.816224,27623.817179,22020096
cpu,27623.817179,27623.818132,22020096
cpu,27623.818132,27623.819089,22020096
cpu,27623.819089,27623.820078,22020096
cpu,27623.820078,27623.821036,22020096
cpu,27623.821036,27623.821990,22020096
cpu,27623.821991,27623.822946,22020096
cpu,27623.822946,27623.823895,22020096
cpu,27623.823895,27623.824867,22020096
cpu,27623.824867,27623.825825,22020096
cpu,27623.825826,27623.826786,22020096
cpu,27623.826786,27623.827740,22020096
cpu,27623.827741,27623.828724,22020096
cpu,27623.828724,27623.829678,22020096
cpu,27623.829678,27623.830648,22020096
cpu,27623.830648,27623.831607,22020096
cpu,27623.831607,27623.832582,22020096
cpu,27623.832582,27623.833538,22020096
cpu,27623.833538,27623.834491,22020096
cpu,27623.834491,27623.835450,22020096
cpu,27623.835451,27623.836426,22020096
cpu,27623.836427,27623.837384,22020096
cpu,27623.837384,27623.838341,22020096
cpu,27623.838341,27623.839298,22020096
cpu,27623.839298,27623.840290,22020096
cpu,27623.840290,27623.841247,22020096
cpu,27623.841247,27623.842205,22020096
cpu,27623.842205,27623.843169,22020096
cpu,27623.843169,27623.844134,22020096
cpu,27623.844142,27623.845100,22020096
cpu,27623.845100,27623.846055,22020096
cpu,27623.846055,27623.847017,22020096
cpu,27623.847017,27623.847994,22020096
cpu,27623.847994,27623.849005,22020096
cpu,27623.849005,27623.849983,22020096
cpu,27623.849983,27623.850953,22020096
cpu,27623.850953,27623.851906,22020096
cpu,27623.851906,27623.852875,22020096
cpu,27623.852876,27623.853843,22020096
cpu,27623.853843,27623.854799,22020096
cpu,27623.854799,27623.855769,22020096
cpu,27623.855769,27623.856745,22020096
cpu,27623.856746,27623.857699,22020096
cpu,27623.857699,27623.858659,22020096
cpu,27623.858659,27623.859619,22020096
cpu,27623.859620,27623.860611,22020096
cpu,27623.860612,27623.861573,22020096
cpu,27623.861574,27623.862535,22020096
cpu,27623.862536,27623.863491,22020096
cpu,27623.863491,27623.864457,22020096
cpu,27623.864457,27623.865415,22020096
cpu,27623.865415,27623.866377,22020096
cpu,27623.866378,27623.867334,22020096
cpu,27623.867334,27623.868311,22020096
cpu,27623.868311,27623.869269,22020096
cpu,27623.869269,27623.870240,22020096
cpu,27623.870240,27623.871192,22020096
cpu,27623.871192,27623.872165,22020096
cpu,27623.872165,27623.873124,22020096
cpu,27623.873124,27623.874085,22020096
cpu,27623.874085,27623.875039,22020096
cpu,27623.875039,27623.875996,22020096
cpu,27623.875996,27623.876972,22020096
cpu,27623.876972,27623.877924,22020096
cpu,27623.877924,27623.878877,22020096
cpu,27623.878878,27623.879835,22020096
cpu,27623.879836,27623.880829,22020096
cpu,27623.880829,27623.881783,22020096
cpu,27623.881783,27623.882741,22020096
cpu,27623.882741,27623.883698,22020096
cpu,27623.883698,27623.884666,22020096
cpu,27623.884666,27623.885622,22020096
cpu,27623.885622,27623.886582,22020096
cpu,27623.886583,27623.887538,22020096
cpu,27623.887538,27623.888507,22020096
cpu,27623.888508,27623.889466,22020096
cpu,27623.889466,27623.890443,22020096
cpu,27623.890443,27623.891395,22020096
cpu,27623.891396,27623.892364,22020096
cpu,27623.892364,27623.893321,22020096
cpu,27623.893321,27623.894334,22020096
cpu,27623.894334,27623.895321,22020096
cpu,27623.895321,27623.896333,22020096
cpu,27623.896333,27623.897323,22020096
cpu,27623.897323,27623.898293,22020096
cpu,27623.898293,27623.899247,22020096
cpu,27623.899247,27623.900226,22020096
cpu,27623.900226,27623.901194,22020096
cpu,27623.901194,27623.902155,22020096
cpu,27623.902156,27623.903108,22020096
cpu,27623.903109,27623.904086,22020096
cpu,27623.904087,27623.905048,22020096
cpu,27623.905048,27623.906016,22020096
cpu,27623.906016,27623.906982,22020096
cpu,27623.906982,27623.907937,22020096
cpu,27623.907938,27623.908910,22020096
cpu,27623.908910,27623.909877,22020096
cpu,27623.909878,27623.910855,22020096
cpu,27623.910855,27623.911811,22020096
cpu,27623.911812,27623.912779,22020096
cpu,27623.912779,27623.913733,22020096
cpu,27623.913734,27623.914695,22020096
cpu,27623.914695,27623.915649,22020096
cpu,27623.915649,27623.916623,22020096
cpu,27623.916623,27623.917579,22020096
cpu,27623.917579,27623.918533,22020096
cpu,27623.918533,27623.919491,22020096
cpu,27623.919491,27623.920476,22020096
cpu,27623.920476,27623.921429,22020096
cpu,27623.921429,27623.922385,22020096
cpu,27623.922385,27623.923341,22020096
cpu,27623.923341,27623.924310,22020096
cpu,27623.924310,27623.925265,22020096
cpu,27623.925265,27623.926243,22020096
cpu,27623.926243,27623.927207,22020096
cpu,27623.927207,27623.928183,22020096
cpu,27623.928183,27623.929138,22020096
cpu,27623.929138,27623.930097,22020096
cpu,27623.930097,27623.931074,22020096
cpu,27623.931074,27623.932041,22020096
cpu,27623.932041,27623.933002,22020096
cpu,27623.933003,27623.933959,22020096
cpu,27623.933959,27623.934915,22020096
cpu,27623.934915,27623.935878,22020096
cpu,27623.935878,27623.936849,22020096
cpu,27623.936849,27623.937817,22020096
cpu,27623.937817,27623.938773,22020096
cpu,27623.938773,27623.939736,22020096
cpu,27623.939736,27623.940751,22020096
cpu,27623.940751,27623.941740,22020096
cpu,27623.941740,27623.942735,22020096
cpu,27623.942736,27623.943712,22020096
cpu,27623.943712,27623.944714,22020096
cpu,27623.944714,27623.945665,22020096
cpu,27623.945665,27623.946624,22020096
cpu,27623.946624,27623.947583,22020096
cpu,27623.947584,27623.948559,22020096
cpu,27623.948559,27623.949512,22020096
cpu,27623.949512,27623.950469,22020096
cpu,27623.950469,27623.951432,22020096
cpu,27623.951432,27623.952430,22020096
cpu,27623.952430,27623.953395,22020096
cpu,27623.953396,27623.954357,22020096
cpu,27623.954357,27623.955320,22020096
cpu,27623.955320,27623.956297,22020096
cpu,27623.956297,27623.957252,22020096
cpu,27623.957252,27623.958212,22020096
cpu,27623.958212,27623.959169,22020096
cpu,27623.959169,27623.960154,22020096
cpu,27623.960154,27623.961134,22020096
cpu,27623.961134,27623.962096,22020096
cpu,27623.962096,27623.963051,22020096
cpu,27623.963052,27623.964022,22020096
cpu,27623.964022,27623.964989,22020096
cpu,27623.964989,27623.965943,22020096
cpu,27623.965943,27623.966902,22020096
cpu,27623.966902,27623.967864,22020096
cpu,27623.967864,27623.968836,22020096
cpu,27623.968837,27623.969792,22020096
cpu,27623.969792,27623.970756,22020096
cpu,27623.970756,27623.971716,22020096
cpu,27623.971716,27623.972683,22020096
cpu,27623.972683,27623.973640,22020096
cpu,27623.973640,27623.974590,22020096
cpu,27623.974590,27623.975564,22020096
cpu,27623.975564,27623.976530,22020096
cpu,27623.976530,27623.977496,22020096
cpu,27623.977496,27623.978451,22020096
cpu,27623.978451,27623.979403,22020096
cpu,27623.979403,27623.980379,22020096
cpu,27623.980379,27623.981350,22020096
cpu,27623.981351,27623.982303,22020096
cpu,27623.982304,27623.983266,22020096
cpu,27623.983266,27623.984235,22020096
cpu,27623.984235,27623.985193,22020096
cpu,27623.985193,27623.986144,22020096
cpu,27623.986144,27623.987098,22020096
cpu,27623.987099,27623.988098,22020096
cpu,27623.988099,27623.989081,22020096
cpu,27623.989081,27623.990085,22020096
cpu,27623.990085,27623.991074,22020096
cpu,27623.991075,27623.992108,22020096
cpu,27623.992108,27623.993061,22020096
cpu,27623.993061,27623.994027,22020096
cpu,27623.994027,27623.994990,22020096
cpu,27623.994990,27623.995949,22020096
cpu,27623.995949,27623.996915,22020096
cpu,27623.996915,27623.997874,22020096
cpu,27623.997874,27623.998835,22020096
cpu,27623.998836,27623.999792,22020096
cpu,27623.999792,27624.000770,22020096
cpu,27624.000771,27624.001723,22020096
cpu,27624.001723,27624.002685,22020096
cpu,27624.002685,27624.003637,22020096
cpu,27624.003637,27624.004605,22020096
cpu,27624.004606,27624.005562,22020096
cpu,27624.005562,27624.006519,22020096
cpu,27624.006519,27624.007484,22020096
cpu,27624.007484,27624.008449,22020096
cpu,27624.008449,27624.009405,22020096
cpu,27624.009413,27624.010365,22020096
cpu,27624.010365,27624.011340,22020096
cpu,27624.011341,27624.012316,22020096
cpu,27624.012316,27624.013274,22020096
cpu,27624.013274,27624.014236,22020096
cpu,27624.014236,27624.015194,22020096
cpu,27624.015195,27624.016164,22020096
cpu,27624.016164,27624.017119,22020096
cpu,27624.017120,27624.018079,22020096
cpu,27624.018079,27624.019036,22020096
cpu,27624.019036,27624.019989,22020096
cpu,27624.019990,27624.020964,22020096
cpu,27624.020964,27624.021918,22020096
cpu,27624.021918,27624.022920,22020096
cpu,27624.022920,27624.023881,22020096
cpu,27624.023881,27624.024873,22020096
cpu,27624.024873,27624.025838,22020096
cpu,27624.025838,27624.026792,22020096
cpu,27624.026792,27624.027755,22020096
cpu,27624.027756,27624.028723,22020096
cpu,27624.028723,27624.029686,22020096
cpu,27624.029686,27624.030646,22020096
cpu,27624.030646,27624.031618,22020096
cpu,27624.031618,27624.032582,22020096
cpu,27624.032582,27624.033530,22020096
cpu,27624.033530,27624.034516,22020096
cpu,27624.034516,27624.035528,22020096
cpu,27624.035528,27624.036518,22020096
cpu,27624.036518,27624.037507,22020096
cpu,27624.037507,27624.038534,22020096
cpu,27624.038534,27624.039495,22020096
cpu,27624.039495,27624.040461,22020096
cpu,27624.040461,27624.041434,22020096
cpu,27624.041434,27624.042392,22020096
cpu,27624.042392,27624.043351,22020096
cpu,27624.043351,27624.044332,22020096
cpu,27624.044333,27624.045287,22020096
cpu,27624.045287,27624.046251,22020096
cpu,27624.046252,27624.047203,22020096
cpu,27624.047204,27624.048171,22020096
cpu,27624.048171,27624.049126,22020096
cpu,27624.049126,27624.050081,22020096
cpu,27624.050081,27624.051038,22020096
cpu,27624.051038,27624.052012,22020096
cpu,27624.052013,27624.052973,22020096
cpu,27624.052973,27624.053930,22020096
cpu,27624.053930,27624.054879,22020096
cpu,27624.054879,27624.055850,22020096
cpu,27624.055850,27624.056818,22020096
cpu,27624.056818,27624.057776,22020096
cpu,27624.057777,27624.058733,22020096
cpu,27624.058733,27624.059694,22020096
cpu,27624.059694,27624.060661,22020096
cpu,27624.060662,27624.061633,22020096
cpu,27624.061633,27624.062585,22020096
cpu,27624.062586,27624.063545,22020096
cpu,27624.063545,27624.064518,22020096
cpu,27624.064518,27624.065472,22020096
cpu,27624.065472,27624.066430,22020096
cpu,27624.066430,27624.067380,22020096
cpu,27624.067380,27624.068348,22020096
cpu,27624.068348,27624.069302,22020096
cpu,27624.069302,27624.070267,22020096
cpu,27624.070268,27624.071227,22020096
cpu,27624.071227,27624.072204,22020096
cpu,27624.072204,27624.073163,22020096
cpu,27624.073163,27624.074116,22020096
cpu,27624.074116,27624.075071,22020096
cpu,27624.075071,27624.076045,22020096
cpu,27624.076045,27624.077007,22020096
cpu,27624.077007,27624.077962,22020096
cpu,27624.077962,27624.078920,22020096
cpu,27624.078920,27624.079882,22020096
cpu,27624.079882,27624.080888,22020096
cpu,27624.080888,27624.081895,22020096
cpu,27624.081895,27624.082880,22020096
cpu,27624.082880,27624.083870,22020096
cpu,27624.083870,27624.084891,22020096
cpu,27624.084891,27624.085845,22020096
cpu,27624.085845,27624.086804,22020096
cpu,27624.086804,27624.087761,22020096
cpu,27624.087761,27624.088734,22020096
cpu,27624.088735,27624.089691,22020096
cpu,27624.089691,27624.090646,22020096
cpu,27624.090646,27624.091622,22020096
cpu,27624.091622,27624.092588,22020096
cpu,27624.092588,27624.093546,22020096
cpu,27624.093546,27624.094504,22020096
cpu,27624.094504,27624.095462,22020096
cpu,27624.095462,27624.096431,22020096
cpu,27624.096431,27624.097391,22020096
cpu,27624.097391,27624.098353,22020096
cpu,27624.098353,27624.099312,22020096
cpu,27624.099313,27624.100278,22020096
cpu,27624.100278,27624.101232,22020096
cpu,27624.101232,27624.102198,22020096
cpu,27624.102198,27624.103152,22020096
cpu,27624.103153,27624.104121,22020096
cpu,27624.104121,27624.105098,22020096
cpu,27624.105098,27624.106056,22020096
cpu,27624.106056,27624.107008,22020096
cpu,27624.107008,27624.107971,22020096
cpu,27624.107971,27624.108947,22020096
cpu,27624.108947,27624.109902,22020096
cpu,27624.109902,27624.110860,22020096
cpu,27624.110861,27624.111832,22020096
cpu,27624.111833,27624.112799,22020096
cpu,27624.112799,27624.113752,22020096
cpu,27624.113753,27624.114702,22020096
cpu,27624.114703,27624.115661,22020096
cpu,27624.115662,27624.116638,22020096
cpu,27624.116638,27624.117598,22020096
cpu,27624.117598,27624.118554,22020096
cpu,27624.118554,27624.119506,22020096
cpu,27624.119506,27624.120474,22020096
cpu,27624.120474,27624.121437,22020096
cpu,27624.121437,27624.122395,22020096
cpu,27624.122395,27624.123362,22020096
cpu,27624.123362,27624.124334,22020096
cpu,27624.124335,27624.125290,22020096
cpu,27624.125291,27624.126243,22020096
cpu,27624.126243,27624.127203,22020096
cpu,27624.127203,27624.128193,22020096
cpu,27624.128193,27624.129168,22020096
cpu,27624.129168,27624.130148,22020096
cpu,27624.130148,27624.131132,22020096
cpu,27624.131132,27624.132117,22020096
cpu,27624.132117,27624.133070,22020096
cpu,27624.133070,27624.134031,22020096
cpu,27624.134031,27624.134985,22020096
cpu,27624.134986,27624.135947,22020096
cpu,27624.135947,27624.136914,22020096
cpu,27624.136914,27624.137870,22020096
cpu,27624.137870,27624.138829,22020096
cpu,27624.138829,27624.139781,22020096
cpu,27624.139781,27624.140753,22020096
cpu,27624.140754,27624.141708,22020096
cpu,27624.141708,27624.142667,22020096
cpu,27624.142668,27624.143625,22020096
cpu,27624.143625,27624.144599,22020096
cpu,27624.144600,27624.145554,22020096
cpu,27624.145554,27624.146516,22020096
cpu,27624.146517,27624.147475,22020096
cpu,27624.147475,27624.148441,22020096
cpu,27624.148441,27624.149392,22020096
cpu,27624.149392,27624.150353,22020096
cpu,27624.150353,27624.151305,22020096
cpu,27624.151305,27624.152287,22020096
cpu,27624.152288,27624.153245,22020096
cpu,27624.153246,27624.154202,22020096
cpu,27624.154202,27624.155158,22020096
cpu,27624.155158,27624.156128,22020096
cpu,27624.156128,27624.157087,22020096
cpu,27624.157087,27624.158042,22020096
cpu,27624.158042,27624.158991,22020096
cpu,27624.158992,27624.159950,22020096
cpu,27624.159950,27624.160924,22020096
cpu,27624.160925,27624.161882,22020096
cpu,27624.161882,27624.162838,22020096
cpu,27624.162838,27624.163796,22020096
cpu,27624.163796,27624.164763,22020096
cpu,27624.164763,27624.165717,22020096
cpu,27624.165717,27624.166676,22020096
cpu,27624.166676,27624.167632,22020096
cpu,27624.167632,27624.168601,22020096
cpu,27624.168602,27624.169557,22020096
cpu,27624.169558,27624.170509,22020096
cpu,27624.170509,27624.171466,22020096
cpu,27624.171467,27624.172449,22020096
cpu,27624.172449,27624.173405,22020096
cpu,27624.173412,27624.174397,22020096
cpu,27624.174398,27624.175393,22020096
cpu,27624.175393,27624.176378,22020096
cpu,27624.176378,27624.177352,22020096
cpu,27624.177353,27624.178345,22020096
cpu,27624.178346,27624.179298,22020096
cpu,27624.179299,27624.180275,22020096
cpu,27624.180275,27624.181230,22020096
cpu,27624.181231,27624.182200,22020096
cpu,27624.182200,27624.183154,22020096
cpu,27624.183154,27624.184127,22020096
cpu,27624.184127,27624.185085,22020096
cpu,27624.185085,27624.186043,22020096
cpu,27624.186043,27624.187000,22020096
cpu,27624.187000,27624.187958,22020096
cpu,27624.187958,27624.188931,22020096
cpu,27624.188931,27624.189887,22020096
cpu,27624.189887,27624.190839,22020096
cpu,27624.190839,27624.191795,22020096
cpu,27624.191795,27624.192783,22020096
cpu,27624.192783,27624.193741,22020096
cpu,27624.193742,27624.194696,22020096
cpu,27624.194696,27624.195649,22020096
cpu,27624.195650,27624.196626,22020096
cpu,27624.196626,27624.197604,22020096
cpu,27624.197604,27624.198561,22020096
cpu,27624.198561,27624.199514,22020096
cpu,27624.199514,27624.200488,22020096
cpu,27624.200488,27624.201442,22020096
cpu,27624.201443,27624.202411,22020096
cpu,27624.202411,27624.203368,22020096
cpu,27624.203369,27624.204347,22020096
cpu,27624.204347,27624.205302,22020096
cpu,27624.205303,27624.206260,22020096
cpu,27624.206260,27624.207223,22020096
cpu,27624.207223,27624.208195,22020096
cpu,27624.208195,27624.209153,22020096
cpu,27624.209153,27624.210114,22020096
cpu,27624.210115,27624.211066,22020096
cpu,27624.211066,27624.212041,22020096
cpu,27624.212041,27624.212997,22020096
cpu,27624.212997,27624.213954,22020096
cpu,27624.213954,27624.214913,22020096
cpu,27624.214913,27624.215868,22020096
cpu,27624.215869,27624.216845,22020096
cpu,27624.216845,27624.217794,22020096
cpu,27624.217794,27624.218747,22020096
cpu,27624.218747,27624.219707,22020096
cpu,27624.219707,27624.220693,22020096
cpu,27624.220693,27624.221668,22020096
cpu,27624.221668,27624.222664,22020096
cpu,27624.222664,27624.223634,22020096
cpu,27624.223634,27624.224682,22020096
cpu,27624.224682,27624.225655,22020096
cpu,27624.225656,27624.226617,22020096
cpu,27624.226617,27624.227575,22020096
cpu,27624.227575,27624.228544,22020096
cpu,27624.228544,27624.229499,22020096
cpu,27624.229499,27624.230450,22020096
cpu,27624.230451,27624.231409,22020096
cpu,27624.231409,27624.232395,22020096
cpu,27624.232395,27624.233349,22020096
cpu,27624.233349,27624.234309,22020096
cpu,27624.234309,27624.235265,22020096
cpu,27624.235265,27624.236231,22020096
cpu,27624.236232,27624.237194,22020096
cpu,27624.237194,27624.238155,22020096
cpu,27624.238155,27624.239113,22020096
cpu,27624.239114,27624.240084,22020096
cpu,27624.240084,27624.241042,22020096
cpu,27624.241042,27624.242001,22020096
cpu,27624.242001,27624.242969,22020096
cpu,27624.242969,27624.243927,22020096
cpu,27624.243927,27624.244906,22020096
cpu,27624.244907,27624.245863,22020096
cpu,27624.245863,27624.246822,22020096
cpu,27624.246822,27624.247782,22020096
cpu,27624.247782,27624.248755,22020096
cpu,27624.248755,27624.249709,22020096
cpu,27624.249709,27624.250666,22020096
cpu,27624.250666,27624.251622,22020096
cpu,27624.251622,27624.252612,22020096
cpu,27624.252613,27624.253569,22020096
cpu,27624.253569,27624.254527,22020096
cpu,27624.254527,27624.255495,22020096
cpu,27624.255495,27624.256463,22020096
cpu,27624.256464,27624.257420,22020096
cpu,27624.257421,27624.258377,22020096
cpu,27624.258377,27624.259331,22020096
cpu,27624.259331,27624.260299,22020096
cpu,27624.260299,27624.261258,22020096
cpu,27624.261259,27624.262211,22020096
cpu,27624.262211,27624.263180,22020096
cpu,27624.263180,27624.264153,22020096
cpu,27624.264153,27624.265111,22020096
cpu,27624.265111,27624.266067,22020096
cpu,27624.266067,27624.267020,22020096
cpu,27624.267020,27624.268028,22020096
cpu,27624.268028,27624.269014,22020096
cpu,27624.269014,27624.269989,22020096
cpu,27624.269989,27624.270976,22020096
cpu,27624.270977,27624.271954,22020096
cpu,27624.271954,27624.272942,22020096
cpu,27624.272942,27624.273902,22020096
cpu,27624.273902,27624.274859,22020096
cpu,27624.274859,27624.275822,22020096
cpu,27624.275823,27624.276789,22020096
cpu,27624.276789,27624.277751,22020096
cpu,27624.277751,27624.278710,22020096
cpu,27624.278710,27624.279671,22020096
cpu,27624.279671,27624.280642,22020096
cpu,27624.280643,27624.281601,22020096
cpu,27624.281601,27624.282558,22020096
cpu,27624.282558,27624.283511,22020096
cpu,27624.283511,27624.284481,22020096
cpu,27624.284481,27624.285440,22020096
cpu,27624.285441,27624.286402,22020096
cpu,27624.286402,27624.287357,22020096
cpu,27624.287357,27624.288374,22020096
cpu,27624.288374,27624.289341,22020096
cpu,27624.289341,27624.290304,22020096
cpu,27624.290304,27624.291257,22020096
cpu,27624.291258,27624.292230,22020096
cpu,27624.292230,27624.293201,22020096
cpu,27624.293201,27624.294160,22020096
cpu,27624.294161,27624.295118,22020096
cpu,27624.295118,27624.296090,22020096
cpu,27624.296090,27624.297046,22020096
cpu,27624.297046,27624.298002,22020096
cpu,27624.298003,27624.298962,22020096
cpu,27624.298962,27624.299919,22020096
cpu,27624.299919,27624.300895,22020096
cpu,27624.300895,27624.301856,22020096
cpu,27624.301856,27624.302813,22020096
cpu,27624.302813,27624.303765,22020096
cpu,27624.303765,27624.304736,22020096
cpu,27624.304736,27624.305694,22020096
cpu,27624.305694,27624.306666,22020096
cpu,27624.306666,27624.307624,22020096
cpu,27624.307624,27624.308604,22020096
cpu,27624.308604,27624.309566,22020096
cpu,27624.309566,27624.310516,22020096
cpu,27624.310516,27624.311474,22020096
cpu,27624.311474,27624.312444,22020096
cpu,27624.312444,27624.313423,22020096
cpu,27624.313424,27624.314426,22020096
cpu,27624.314427,27624.315418,22020096
cpu,27624.315418,27624.316410,22020096
cpu,27624.316410,27624.317410,22020096
cpu,27624.317411,27624.318496,22020096
cpu,27624.318496,27624.319456,22020096
cpu,27624.319457,27624.320438,22020096
cpu,27624.320438,27624.321395,22020096
cpu,27624.321395,27624.322354,22020096
cpu,27624.322354,27624.323325,22020096
cpu,27624.323325,27624.324307,22020096
cpu,27624.324307,27624.325272,22020096
cpu,27624.325272,27624.326228,22020096
cpu,27624.326228,27624.327187,22020096
cpu,27624.327187,27624.328160,22020096
cpu,27624.328160,27624.329115,22020096
cpu,27624.329116,27624.330075,22020096
cpu,27624.330075,27624.331033,22020096
cpu,27624.331033,27624.331995,22020096
cpu,27624.331995,27624.332966,22020096
cpu,27624.332966,27624.333926,22020096
cpu,27624.333926,27624.334881,22020096
cpu,27624.334882,27624.335837,22020096
cpu,27624.335838,27624.336809,22020096
cpu,27624.336809,27624.337765,22020096
cpu,27624.337765,27624.338718,22020096
cpu,27624.338725,27624.339683,22020096
cpu,27624.339683,27624.340658,22020096
cpu,27624.340658,27624.341614,22020096
cpu,27624.341614,27624.342586,22020096
cpu,27624.342586,27624.343555,22020096
cpu,27624.343556,27624.344522,22020096
cpu,27624.344522,27624.345492,22020096
cpu,27624.345492,27624.346447,22020096
cpu,27624.346447,27624.347403,22020096
cpu,27624.347403,27624.348378,22020096
cpu,27624.348378,27624.349333,22020096
cpu,27624.349333,27624.350293,22020096
cpu,27624.350293,27624.351250,22020096
cpu,27624.351250,27624.352215,22020096
cpu,27624.352215,27624.353175,22020096
cpu,27624.353176,27624.354136,22020096
cpu,27624.354136,27624.355091,22020096
cpu,27624.355091,27624.356085,22020096
cpu,27624.356085,27624.357046,22020096
cpu,27624.357046,27624.358000,22020096
cpu,27624.358000,27624.358953,22020096
cpu,27624.358953,27624.359933,22020096
cpu,27624.359934,27624.360933,22020096
cpu,27624.360934,27624.361905,22020096
cpu,27624.361905,27624.362892,22020096
cpu,27624.362893,27624.363884,22020096
cpu,27624.363884,27624.364889,22020096
cpu,27624.364889,27624.365849,22020096
cpu,27624.365850,27624.366811,22020096
cpu,27624.366811,27624.367771,22020096
cpu,27624.367771,27624.368747,22020096
cpu,27624.368747,27624.369697,22020096
cpu,27624.369698,27624.370655,22020096
cpu,27624.370655,27624.371615,22020096
cpu,27624.371615,27624.372591,22020096
cpu,27624.372592,27624.373564,22020096
cpu,27624.373564,27624.374513,22020096
cpu,27624.374513,27624.375477,22020096
cpu,27624.375477,27624.376444,22020096
cpu,27624.376444,27624.377406,22020096
cpu,27624.377406,27624.378364,22020096
cpu,27624.378364,27624.379322,22020096
cpu,27624.379323,27624.380294,22020096
cpu,27624.380295,27624.381254,22020096
cpu,27624.381254,27624.382208,22020096
cpu,27624.382209,27624.383166,22020096
cpu,27624.383166,27624.384138,22020096
cpu,27624.384138,27624.385092,22020096
cpu,27624.385092,27624.386048,22020096
cpu,27624.386049,27624.387004,22020096
cpu,27624.387004,27624.387975,22020096
cpu,27624.387975,27624.388951,22020096
cpu,27624.388951,27624.389906,22020096
cpu,27624.389906,27624.390866,22020096
cpu,27624.390866,27624.391831,22020096
cpu,27624.391832,27624.392802,22020096
cpu,27624.392803,27624.393771,22020096
cpu,27624.393771,27624.394723,22020096
cpu,27624.394723,27624.395679,22020096
cpu,27624.395679,27624.396645,22020096
cpu,27624.396645,27624.397600,22020096
cpu,27624.397601,27624.398557,22020096
cpu,27624.398557,27624.399515,22020096
cpu,27624.399515,27624.400491,22020096
cpu,27624.400492,27624.401448,22020096
cpu,27624.401449,27624.402406,22020096
cpu,27624.402406,27624.403359,22020096
cpu,27624.403359,27624.404326,22020096
cpu,27624.404327,27624.405280,22020096
cpu,27624.405281,27624.406240,22020096
cpu,27624.406240,27624.407199,22020096
cpu,27624.407199,27624.408194,22020096
cpu,27624.408194,27624.409165,22020096
cpu,27624.409165,27624.410133,22020096
cpu,27624.410133,27624.411113,22020096
cpu,27624.411113,27624.412082,22020096
cpu,27624.412082,27624.413047,22020096
cpu,27624.413047,27624.414025,22020096
cpu,27624.414026,27624.414977,22020096
cpu,27624.414977,27624.415934,22020096
cpu,27624.415934,27624.416898,22020096
cpu,27624.416899,27624.417854,22020096
cpu,27624.417854,27624.418811,22020096
cpu,27624.418811,27624.419769,22020096
cpu,27624.419769,27624.420740,22020096
cpu,27624.420740,27624.421702,22020096
cpu,27624.421703,27624.422666,22020096
cpu,27624.422666,27624.423623,22020096
cpu,27624.423623,27624.424596,22020096
cpu,27624.424597,27624.425546,22020096
cpu,27624.425546,27624.426500,22020096
cpu,27624.426501,27624.427476,22020096
cpu,27624.427476,27624.428459,22020096
cpu,27624.428459,27624.429417,22020096
cpu,27624.429418,27624.430370,22020096
cpu,27624.430370,27624.431326,22020096
cpu,27624.431326,27624.432298,22020096
cpu,27624.432298,27624.433256,22020096
cpu,27624.433256,27624.434223,22020096
cpu,27624.434224,27624.435185,22020096
cpu,27624.435185,27624.436155,22020096
cpu,27624.436156,27624.437107,22020096
cpu,27624.437107,27624.438063,22020096
cpu,27624.438064,27624.439018,22020096
cpu,27624.439018,27624.439975,22020096
cpu,27624.439975,27624.440954,22020096
cpu,27624.440954,27624.441913,22020096
cpu,27624.441913,27624.442864,22020096
cpu,27624.442865,27624.443834,22020096
cpu,27624.443834,27624.444801,22020096
cpu,27624.444801,27624.445756,22020096
cpu,27624.445756,27624.446712,22020096
cpu,27624.446712,27624.447668,22020096
cpu,27624.447668,27624.448645,22020096
cpu,27624.448645,27624.449600,22020096
cpu,27624.449600,27624.450552,22020096
cpu,27624.450553,27624.451507,22020096
cpu,27624.451508,27624.452477,22020096
cpu,27624.452477,27624.453440,22020096
cpu,27624.453440,27624.454454,22020096
cpu,27624.454454,27624.455439,22020096
cpu,27624.455439,27624.456441,22020096
cpu,27624.456442,27624.457411,22020096
cpu,27624.457412,27624.458468,22020096
cpu,27624.458469,27624.459430,22020096
cpu,27624.459430,27624.460408,22020096
cpu,27624.460408,27624.461368,22020096
cpu,27624.461368,27624.462322,22020096
cpu,27624.462322,27624.463275,22020096
cpu,27624.463275,27624.464261,22020096
cpu,27624.464262,27624.465224,22020096
cpu,27624.465224,27624.466176,22020096
cpu,27624.466176,27624.467127,22020096
cpu,27624.467127,27624.468097,22020096
cpu,27624.468098,27624.469046,22020096
cpu,27624.469047,27624.470005,22020096
cpu,27624.470005,27624.470960,22020096
cpu,27624.470960,27624.471913,22020096
cpu,27624.471913,27624.472881,22020096
cpu,27624.472881,27624.473852,22020096
cpu,27624.473852,27624.474810,22020096
cpu,27624.474810,27624.475762,22020096
cpu,27624.475763,27624.476737,22020096
cpu,27624.476737,27624.477693,22020096
cpu,27624.477693,27624.478653,22020096
cpu,27624.478653,27624.479605,22020096
cpu,27624.479606,27624.480576,22020096
cpu,27624.480576,27624.481532,22020096
cpu,27624.481533,27624.482481,22020096
cpu,27624.482482,27624.483439,22020096
cpu,27624.483439,27624.484425,22020096
cpu,27624.484425,27624.485382,22020096
cpu,27624.485382,27624.486342,22020096
cpu,27624.486342,27624.487309,22020096
cpu,27624.487310,27624.488279,22020096
cpu,27624.488279,27624.489231,22020096
cpu,27624.489231,27624.490188,22020096
cpu,27624.490189,27624.491144,22020096
cpu,27624.491144,27624.492122,22020096
cpu,27624.492123,27624.493094,22020096
cpu,27624.493095,27624.494058,22020096
cpu,27624.494058,27624.495023,22020096
cpu,27624.495023,27624.495973,22020096
cpu,27624.495974,27624.496940,22020096
cpu,27624.496940,27624.497896,22020096
cpu,27624.497896,27624.498856,22020096
cpu,27624.498856,27624.499814,22020096
cpu,27624.499814,27624.500798,22020096
cpu,27624.500799,27624.501797,22020096
cpu,27624.501797,27624.502778,22020096
cpu,27624.502778,27624.503777,22020096
cpu,27624.503783,27624.504787,22020096
cpu,27624.504788,27624.505775,22020096
cpu,27624.505775,27624.506742,22020096
cpu,27624.506743,27624.507691,22020096
cpu,27624.507691,27624.508660,22020096
cpu,27624.508660,27624.509611,22020096
cpu,27624.509611,27624.510567,22020096
cpu,27624.510567,27624.511519,22020096
cpu,27624.511519,27624.512484,22020096
cpu,27624.512485,27624.513446,22020096
cpu,27624.513446,27624.514413,22020096
cpu,27624.514413,27624.515372,22020096
cpu,27624.515372,27624.516342,22020096
cpu,27624.516342,27624.517294,22020096
cpu,27624.517294,27624.518244,22020096
cpu,27624.518245,27624.519210,22020096
cpu,27624.519210,27624.520184,22020096
cpu,27624.520184,27624.521138,22020096
cpu,27624.521139,27624.522103,22020096
cpu,27624.522103,27624.523061,22020096
cpu,27624.523061,27624.524037,22020096
cpu,27624.524037,27624.524991,22020096
cpu,27624.524992,27624.525960,22020096
cpu,27624.525960,27624.526921,22020096
cpu,27624.526921,27624.527875,22020096
cpu,27624.527875,27624.528846,22020096
cpu,27624.528846,27624.529801,22020096
cpu,27624.529801,27624.530754,22020096
cpu,27624.530754,27624.531713,22020096
cpu,27624.531713,27624.532686,22020096
cpu,27624.532686,27624.533674,22020096
cpu,27624.533674,27624.534648,22020096
cpu,27624.534648,27624.535608,22020096
cpu,27624.535608,27624.536583,22020096
cpu,27624.536583,27624.537536,22020096
cpu,27624.537536,27624.538513,22020096
cpu,27624.538514,27624.539476,22020096
cpu,27624.539477,27624.540448,22020096
cpu,27624.540448,27624.541402,22020096
cpu,27624.541402,27624.542355,22020096
cpu,27624.542355,27624.543314,22020096
cpu,27624.543314,27624.544288,22020096
cpu,27624.544288,27624.545241,22020096
cpu,27624.545241,27624.546200,22020096
cpu,27624.546200,27624.547152,22020096
cpu,27624.547152,27624.548180,22020096
cpu,27624.548181,27624.549185,22020096
cpu,27624.549186,27624.550189,22020096
cpu,27624.550189,27624.551185,22020096
cpu,27624.551186,27624.552155,22020096
cpu,27624.552155,27624.553152,22020096
cpu,27624.553152,27624.554105,22020096
cpu,27624.554106,27624.555077,22020096
cpu,27624.555077,27624.556052,22020096
cpu,27624.556052,27624.557019,22020096
cpu,27624.557019,27624.557984,22020096
cpu,27624.557984,27624.558942,22020096
cpu,27624.558943,27624.559906,22020096
cpu,27624.559906,27624.560876,22020096
cpu,27624.560876,27624.561832,22020096
cpu,27624.561832,27624.562790,22020096
cpu,27624.562791,27624.563750,22020096
cpu,27624.563750,27624.564744,22020096
cpu,27624.564744,27624.565695,22020096
cpu,27624.565695,27624.566648,22020096
cpu,27624.566649,27624.567607,22020096
cpu,27624.567607,27624.568581,22020096
cpu,27624.568582,27624.569543,22020096
cpu,27624.569543,27624.570505,22020096
cpu,27624.570506,27624.571461,22020096
cpu,27624.571461,27624.572429,22020096
cpu,27624.572429,27624.573395,22020096
cpu,27624.573396,27624.574386,22020096
cpu,27624.574386,27624.575351,22020096
cpu,27624.575351,27624.576332,22020096
cpu,27624.576333,27624.577299,22020096
cpu,27624.577299,27624.578255,22020096
cpu,27624.578255,27624.579216,22020096
cpu,27624.579216,27624.580193,22020096
cpu,27624.580193,27624.581146,22020096
cpu,27624.581147,27624.582101,22020096
cpu,27624.582101,27624.583057,22020096
cpu,27624.583057,27624.584039,22020096
cpu,27624.584039,27624.584995,22020096
cpu,27624.584995,27624.585954,22020096
cpu,27624.585955,27624.586912,22020096
cpu,27624.586912,27624.587868,22020096
cpu,27624.587868,27624.588844,22020096
cpu,27624.588844,27624.589800,22020096
cpu,27624.589800,27624.590756,22020096
cpu,27624.590756,27624.591710,22020096
cpu,27624.591710,27624.592676,22020096
cpu,27624.592677,27624.593635,22020096
cpu,27624.593635,27624.594631,22020096
cpu,27624.594631,27624.595637,22020096
cpu,27624.595637,27624.596631,22020096
cpu,27624.596631,27624.597612,22020096
cpu,27624.597612,27624.598625,22020096
cpu,27624.598626,27624.599578,22020096
cpu,27624.599579,27624.600556,22020096
cpu,27624.600556,27624.601509,22020096
cpu,27624.601509,27624.602462,22020096
cpu,27624.602462,27624.603420,22020096
cpu,27624.603420,27624.604400,22020096
cpu,27624.604401,27624.605372,22020096
cpu,27624.605372,27624.606322,22020096
cpu,27624.606322,27624.607280,22020096
cpu,27624.607280,27624.608247,22020096
cpu,27624.608247,27624.609205,22020096
cpu,27624.609205,27624.610160,22020096
cpu,27624.610160,27624.611119,22020096
cpu,27624.611119,27624.612094,22020096
cpu,27624.612094,27624.613049,22020096
cpu,27624.613049,27624.614009,22020096
cpu,27624.614010,27624.614990,22020096
cpu,27624.614991,27624.615945,22020096
cpu,27624.615945,27624.616907,22020096
cpu,27624.616908,27624.617865,22020096
cpu,27624.617865,27624.618827,22020096
cpu,27624.618827,27624.619786,22020096
cpu,27624.619786,27624.620759,22020096
cpu,27624.620759,27624.621712,22020096
cpu,27624.621712,27624.622687,22020096
cpu,27624.622687,27624.623645,22020096
cpu,27624.623645,27624.624610,22020096
cpu,27624.624610,27624.625571,22020096
cpu,27624.625571,27624.626528,22020096
cpu,27624.626528,27624.627488,22020096
cpu,27624.627489,27624.628471,22020096
cpu,27624.628472,27624.629427,22020096
cpu,27624.629427,27624.630387,22020096
cpu,27624.630387,27624.631345,22020096
cpu,27624.631345,27624.632316,22020096
cpu,27624.632316,27624.633269,22020096
cpu,27624.633270,27624.634225,22020096
cpu,27624.634225,27624.635174,22020096
cpu,27624.635174,27624.636144,22020096
cpu,27624.636144,27624.637105,22020096
cpu,27624.637105,27624.638063,22020096
cpu,27624.638063,27624.639032,22020096
cpu,27624.639032,27624.639987,22020096
cpu,27624.639988,27624.640959,22020096
cpu,27624.640960,27624.641934,22020096
cpu,27624.641934,27624.642914,22020096
cpu,27624.642914,27624.643889,22020096
cpu,27624.643890,27624.644883,22020096
cpu,27624.644883,27624.645869,22020096
cpu,27624.645869,27624.646826,22020096
cpu,27624.646826,27624.647779,22020096
cpu,27624.647780,27624.648778,22020096
cpu,27624.648778,27624.649736,22020096
cpu,27624.649736,27624.650693,22020096
cpu,27624.650693,27624.651653,22020096
cpu,27624.651653,27624.652628,22020096
cpu,27624.652628,27624.653581,22020096
cpu,27624.653581,27624.654539,22020096
cpu,27624.654539,27624.655491,22020096
cpu,27624.655491,27624.656465,22020096
cpu,27624.656465,27624.657427,22020096
cpu,27624.657427,27624.658394,22020096
cpu,27624.658394,27624.659355,22020096
cpu,27624.659356,27624.660334,22020096
cpu,27624.660334,27624.661308,22020096
cpu,27624.661308,27624.662260,22020096
cpu,27624.662260,27624.663218,22020096
cpu,27624.663218,27624.664185,22020096
cpu,27624.664185,27624.665147,22020096
cpu,27624.665147,27624.666100,22020096
cpu,27624.666100,27624.667062,22020096
cpu,27624.667063,27624.668034,22020096
cpu,27624.668041,27624.668992,22020096
cpu,27624.668992,27624.669954,22020096
cpu,27624.669954,27624.670913,22020096
cpu,27624.670914,27624.671877,22020096
cpu,27624.671878,27624.672849,22020096
cpu,27624.672849,27624.673803,22020096
cpu,27624.673803,27624.674760,22020096
cpu,27624.674760,27624.675709,22020096
cpu,27624.675709,27624.676682,22020096
cpu,27624.676682,27624.677637,22020096
cpu,27624.677637,27624.678607,22020096
cpu,27624.678607,27624.679563,22020096
cpu,27624.679563,27624.680537,22020096
cpu,27624.680537,27624.681499,22020096
cpu,27624.681499,27624.682446,22020096
cpu,27624.682447,27624.683406,22020096
cpu,27624.683406,27624.684383,22020096
cpu,27624.684383,27624.685341,22020096
cpu,27624.685342,27624.686296,22020096
cpu,27624.686296,27624.687260,22020096
cpu,27624.687260,27624.688278,22020096
cpu,27624.688278,27624.689247,22020096
cpu,27624.689247,27624.690249,22020096
cpu,27624.690249,27624.691276,22020096
cpu,27624.691276,27624.692279,22020096
cpu,27624.692279,27624.693233,22020096
cpu,27624.693233,27624.694188,22020096
cpu,27624.694188,27624.695147,22020096
cpu,27624.695147,27624.696119,22020096
cpu,27624.696119,27624.697076,22020096
cpu,27624.697076,27624.698029,22020096
cpu,27624.698029,27624.698989,22020096
cpu,27624.698989,27624.699946,22020096
cpu,27624.699946,27624.700917,22020096
cpu,27624.700918,27624.701876,22020096
cpu,27624.701876,27624.702835,22020096
cpu,27624.702836,27624.703798,22020096
cpu,27624.703798,27624.704767,22020096
cpu,27624.704768,27624.705735,22020096
cpu,27624.705735,27624.706688,22020096
cpu,27624.706689,27624.707650,22020096
cpu,27624.707650,27624.708628,22020096
cpu,27624.708628,27624.709584,22020096
cpu,27624.709585,27624.710551,22020096
cpu,27624.710551,27624.711528,22020096
cpu,27624.711528,27624.712498,22020096
cpu,27624.712498,27624.713456,22020096
cpu,27624.713456,27624.714413,22020096
cpu,27624.714413,27624.715368,22020096
cpu,27624.715368,27624.716350,22020096
cpu,27624.716350,27624.717306,22020096
cpu,27624.717306,27624.718260,22020096
cpu,27624.718260,27624.719224,22020096
cpu,27624.719224,27624.720199,22020096
cpu,27624.720200,27624.721160,22020096
cpu,27624.721160,27624.722115,22020096
cpu,27624.722115,27624.723072,22020096
cpu,27624.723073,27624.724048,22020096
cpu,27624.724048,27624.724998,22020096
cpu,27624.724998,27624.725955,22020096
cpu,27624.725955,27624.726909,22020096
cpu,27624.726909,27624.727866,22020096
cpu,27624.727867,27624.728854,22020096
cpu,27624.728854,27624.729814,22020096
cpu,27624.729814,27624.730786,22020096
cpu,27624.730786,27624.731762,22020096
cpu,27624.731762,27624.732740,22020096
cpu,27624.732740,27624.733725,22020096
cpu,27624.733725,27624.734708,22020096
cpu,27624.734708,27624.735685,22020096
cpu,27624.735685,27624.736713,22020096
cpu,27624.736713,27624.737688,22020096
cpu,27624.737688,27624.738695,22020096
cpu,27624.738695,27624.739671,22020096
cpu,27624.739671,27624.740640,22020096
cpu,27624.740641,27624.741601,22020096
cpu,27624.741602,27624.742561,22020096
cpu,27624.742562,27624.743526,22020096
cpu,27624.743526,27624.744493,22020096
cpu,27624.744493,27624.745447,22020096
cpu,27624.745447,27624.746411,22020096
cpu,27624.746412,27624.747368,22020096
cpu,27624.747369,27624.748347,22020096
cpu,27624.748347,27624.749330,22020096
cpu,27624.749330,27624.750288,22020096
cpu,27624.750288,27624.751245,22020096
cpu,27624.751245,27624.752211,22020096
cpu,27624.752212,27624.753168,22020096
cpu,27624.753169,27624.754146,22020096
cpu,27624.754146,27624.755102,22020096
cpu,27624.755102,27624.756072,22020096
cpu,27624.756072,27624.757031,22020096
cpu,27624.757031,27624.757992,22020096
cpu,27624.757993,27624.758947,22020096
cpu,27624.758947,27624.759905,22020096
cpu,27624.759906,27624.760874,22020096
cpu,27624.760874,27624.761828,22020096
cpu,27624.761828,27624.762784,22020096
cpu,27624.762784,27624.763742,22020096
cpu,27624.763743,27624.764717,22020096
cpu,27624.764717,27624.765670,22020096
cpu,27624.765671,27624.766628,22020096
cpu,27624.766628,27624.767585,22020096
cpu,27624.767585,27624.768550,22020096
cpu,27624.768551,27624.769516,22020096
cpu,27624.769516,27624.770475,22020096
cpu,27624.770475,27624.771435,22020096
cpu,27624.771436,27624.772402,22020096
cpu,27624.772402,27624.773362,22020096
cpu,27624.773362,27624.774324,22020096
cpu,27624.774324,27624.775280,22020096
cpu,27624.775280,27624.776249,22020096
cpu,27624.776249,27624.777206,22020096
cpu,27624.777207,27624.778164,22020096
cpu,27624.778164,27624.779118,22020096
cpu,27624.779118,27624.780103,22020096
cpu,27624.780104,27624.781105,22020096
cpu,27624.781106,27624.782126,22020096
cpu,27624.782126,27624.783090,22020096
cpu,27624.783090,27624.784102,22020096
cpu,27624.784102,27624.785060,22020096
cpu,27624.785060,27624.786017,22020096
cpu,27624.786017,27624.786982,22020096
cpu,27624.786982,27624.787945,22020096
cpu,27624.787946,27624.788925,22020096
cpu,27624.788925,27624.789899,22020096
cpu,27624.789899,27624.790868,22020096
cpu,27624.790868,27624.791831,22020096
cpu,27624.791831,27624.792807,22020096
cpu,27624.792807,27624.793774,22020096
cpu,27624.793775,27624.794733,22020096
cpu,27624.794733,27624.795691,22020096
cpu,27624.795691,27624.796669,22020096
cpu,27624.796669,27624.797628,22020096
cpu,27624.797628,27624.798594,22020096
cpu,27624.798594,27624.799565,22020096
cpu,27624.799566,27624.800536,22020096
cpu,27624.800536,27624.801510,22020096
cpu,27624.801510,27624.802469,22020096
cpu,27624.802470,27624.803449,22020096
cpu,27624.803449,27624.804426,22020096
cpu,27624.804426,27624.805387,22020096
cpu,27624.805387,27624.806343,22020096
cpu,27624.806343,27624.807310,22020096
cpu,27624.807310,27624.808288,22020096
cpu,27624.808288,27624.809252,22020096
cpu,27624.809252,27624.810211,22020096
cpu,27624.810211,27624.811172,22020096
cpu,27624.811172,27624.812149,22020096
cpu,27624.812149,27624.813103,22020096
cpu,27624.813104,27624.814059,22020096
cpu,27624.814059,27624.815022,22020096
cpu,27624.815022,27624.815981,22020096
cpu,27624.815982,27624.816951,22020096
cpu,27624.816951,27624.818057,22020096
cpu,27624.818057,27624.819020,22020096
cpu,27624.819021,27624.820017,22020096
cpu,27624.820017,27624.820975,22020096
cpu,27624.820976,27624.821932,22020096
cpu,27624.821932,27624.822891,22020096
cpu,27624.822891,27624.823848,22020096
cpu,27624.823849,27624.824826,22020096
cpu,27624.824826,27624.825779,22020096
cpu,27624.825780,27624.826737,22020096
cpu,27624.826737,27624.827731,22020096
cpu,27624.827731,27624.828764,22020096
cpu,27624.828764,27624.829792,22020096
cpu,27624.829793,27624.830804,22020096
cpu,27624.830804,27624.831761,22020096
cpu,27624.831761,27624.832733,22020096
cpu,27624.832733,27624.833690,22020096
cpu,27624.833699,27624.834659,22020096
cpu,27624.834660,27624.835621,22020096
cpu,27624.835621,27624.836597,22020096
cpu,27624.836597,27624.837553,22020096
cpu,27624.837554,27624.838509,22020096
cpu,27624.838509,27624.839476,22020096
cpu,27624.839476,27624.840449,22020096
cpu,27624.840449,27624.841404,22020096
cpu,27624.841404,27624.842365,22020096
cpu,27624.842365,27624.843326,22020096
cpu,27624.843326,27624.844298,22020096
cpu,27624.844298,27624.845255,22020096
cpu,27624.845256,27624.846214,22020096
cpu,27624.846214,27624.847171,22020096
cpu,27624.847171,27624.848141,22020096
cpu,27624.848141,27624.849096,22020096
cpu,27624.849096,27624.850070,22020096
cpu,27624.850070,27624.851031,22020096
cpu,27624.851031,27624.851985,22020096
cpu,27624.851986,27624.852960,22020096
cpu,27624.852960,27624.853910,22020096
cpu,27624.853910,27624.854869,22020096
cpu,27624.854870,27624.855823,22020096
cpu,27624.855823,27624.856791,22020096
cpu,27624.856791,27624.857749,22020096
cpu,27624.857749,27624.858717,22020096
cpu,27624.858717,27624.859683,22020096
cpu,27624.859683,27624.860658,22020096
cpu,27624.860659,27624.861622,22020096
cpu,27624.861622,27624.862584,22020096
cpu,27624.862584,27624.863548,22020096
cpu,27624.863548,27624.864547,22020096
cpu,27624.864547,27624.865508,22020096
cpu,27624.865508,27624.866464,22020096
cpu,27624.866464,27624.867420,22020096
cpu,27624.867421,27624.868398,22020096
cpu,27624.868399,27624.869354,22020096
cpu,27624.869354,27624.870324,22020096
cpu,27624.870324,27624.871279,22020096
cpu,27624.871279,27624.872255,22020096
cpu,27624.872255,27624.873253,22020096
cpu,27624.873253,27624.874218,22020096
cpu,27624.874219,27624.875193,22020096
cpu,27624.875194,27624.876189,22020096
cpu,27624.876189,27624.877182,22020096
cpu,27624.877183,27624.878149,22020096
cpu,27624.878149,27624.879111,22020096
cpu,27624.879111,27624.880095,22020096
cpu,27624.880096,27624.881048,22020096
cpu,27624.881048,27624.882004,22020096
cpu,27624.882004,27624.882969,22020096
cpu,27624.882969,27624.883923,22020096
cpu,27624.883923,27624.884894,22020096
cpu,27624.884894,27624.885851,22020096
cpu,27624.885851,27624.886809,22020096
cpu,27624.886809,27624.887762,22020096
cpu,27624.887763,27624.888736,22020096
cpu,27624.888737,27624.889690,22020096
cpu,27624.889690,27624.890658,22020096
cpu,27624.890658,27624.891611,22020096
cpu,27624.891612,27624.892590,22020096
cpu,27624.892590,27624.893547,22020096
cpu,27624.893548,27624.894502,22020096
cpu,27624.894503,27624.895458,22020096
cpu,27624.895458,27624.896422,22020096
cpu,27624.896422,27624.897371,22020096
cpu,27624.897371,27624.898330,22020096
cpu,27624.898331,27624.899306,22020096
cpu,27624.899306,27624.900288,22020096
cpu,27624.900289,27624.901244,22020096
cpu,27624.901244,27624.902200,22020096
cpu,27624.902201,27624.903151,22020096
cpu,27624.903151,27624.904119,22020096
cpu,27624.904119,27624.905080,22020096
cpu,27624.905080,27624.906045,22020096
cpu,27624.906045,27624.907003,22020096
cpu,27624.907003,27624.907964,22020096
cpu,27624.907964,27624.908944,22020096
cpu,27624.908944,27624.909907,22020096
cpu,27624.909908,27624.910866,22020096
cpu,27624.910866,27624.911824,22020096
cpu,27624.911824,27624.912800,22020096
cpu,27624.912800,27624.913756,22020096
cpu,27624.913756,27624.914756,22020096
cpu,27624.914757,27624.915712,22020096
cpu,27624.915713,27624.916682,22020096
cpu,27624.916682,27624.917640,22020096
cpu,27624.917641,27624.918592,22020096
cpu,27624.918592,27624.919554,22020096
cpu,27624.919554,27624.920562,22020096
cpu,27624.920562,27624.921568,22020096
cpu,27624.921569,27624.922548,22020096
cpu,27624.922548,27624.923523,22020096
cpu,27624.923523,27624.924547,22020096
cpu,27624.924547,27624.925502,22020096
cpu,27624.925502,27624.926469,22020096
cpu,27624.926469,27624.927430,22020096
cpu,27624.927430,27624.928405,22020096
cpu,27624.928405,27624.929359,22020096
cpu,27624.929359,27624.930330,22020096
cpu,27624.930330,27624.931287,22020096
cpu,27624.931288,27624.932251,22020096
cpu,27624.932251,27624.933212,22020096
cpu,27624.933213,27624.934169,22020096
cpu,27624.934170,27624.935137,22020096
cpu,27624.935137,27624.936106,22020096
cpu,27624.936106,27624.937062,22020096
cpu,27624.937062,27624.938025,22020096
cpu,27624.938025,27624.938980,22020096
cpu,27624.938980,27624.939939,22020096
cpu,27624.939939,27624.940923,22020096
cpu,27624.940923,27624.941875,22020096
cpu,27624.941875,27624.942830,22020096
cpu,27624.942830,27624.943779,22020096
cpu,27624.943779,27624.944751,22020096
cpu,27624.944751,27624.945706,22020096
cpu,27624.945706,27624.946666,22020096
cpu,27624.946666,27624.947621,22020096
cpu,27624.947621,27624.948589,22020096
cpu,27624.948589,27624.949546,22020096
cpu,27624.949546,27624.950515,22020096
cpu,27624.950515,27624.951471,22020096
cpu,27624.951471,27624.952436,22020096
cpu,27624.952437,27624.953394,22020096
cpu,27624.953395,27624.954364,22020096
cpu,27624.954364,27624.955317,22020096
cpu,27624.955318,27624.956288,22020096
cpu,27624.956289,27624.957242,22020096
cpu,27624.957243,27624.958201,22020096
cpu,27624.958201,27624.959159,22020096
cpu,27624.959159,27624.960137,22020096
cpu,27624.960137,27624.961107,22020096
cpu,27624.961107,27624.962060,22020096
cpu,27624.962060,27624.963016,22020096
cpu,27624.963016,27624.963969,22020096
cpu,27624.963970,27624.964943,22020096
cpu,27624.964943,27624.965897,22020096
cpu,27624.965897,27624.966868,22020096
cpu,27624.966868,27624.967864,22020096
cpu,27624.967864,27624.968881,22020096
cpu,27624.968881,27624.969844,22020096
cpu,27624.969845,27624.970848,22020096
cpu,27624.970848,27624.971805,22020096
cpu,27624.971805,27624.972773,22020096
cpu,27624.972773,27624.973731,22020096
cpu,27624.973732,27624.974690,22020096
cpu,27624.974690,27624.975645,22020096
cpu,27624.975645,27624.976614,22020096
cpu,27624.976614,27624.977563,22020096
cpu,27624.977564,27624.978517,22020096
cpu,27624.978517,27624.979466,22020096
cpu,27624.979466,27624.980441,22020096
cpu,27624.980441,27624.981400,22020096
cpu,27624.981401,27624.982352,22020096
cpu,27624.982353,27624.983310,22020096
cpu,27624.983311,27624.984308,22020096
cpu,27624.984308,27624.985261,22020096
cpu,27624.985261,27624.986216,22020096
cpu,27624.986216,27624.987174,22020096
cpu,27624.987175,27624.988149,22020096
cpu,27624.988149,27624.989102,22020096
cpu,27624.989102,27624.990054,22020096
cpu,27624.990054,27624.991027,22020096
cpu,27624.991027,27624.991989,22020096
cpu,27624.991989,27624.992971,22020096
cpu,27624.992971,27624.993947,22020096
cpu,27624.993947,27624.994912,22020096
cpu,27624.994913,27624.995871,22020096
cpu,27624.995871,27624.996878,22020096
cpu,27624.996878,27624.997837,22020096
cpu,27624.997837,27624.998798,22020096
cpu,27624.998805,27624.999762,22020096
cpu,27624.999762,27625.000758,22020096
cpu,27625.000758,27625.001714,22020096
cpu,27625.001714,27625.002669,22020096
cpu,27625.002669,27625.003631,22020096
cpu,27625.003632,27625.004612,22020096
cpu,27625.004612,27625.005571,22020096
cpu,27625.005571,27625.006531,22020096
cpu,27625.006531,27625.007487,22020096
cpu,27625.007488,27625.008464,22020096
cpu,27625.008464,27625.009420,22020096
cpu,27625.009420,27625.010384,22020096
cpu,27625.010384,27625.011359,22020096
cpu,27625.011359,27625.012348,22020096
cpu,27625.012349,27625.013331,22020096
cpu,27625.013332,27625.014302,22020096
cpu,27625.014303,27625.015276,22020096
cpu,27625.015276,27625.016262,22020096
cpu,27625.016263,27625.017247,22020096
cpu,27625.017247,27625.018200,22020096
cpu,27625.018200,27625.019168,22020096
cpu,27625.019169,27625.020144,22020096
cpu,27625.020144,27625.021121,22020096
cpu,27625.021121,27625.022082,22020096
cpu,27625.022082,27625.023031,22020096
cpu,27625.023031,27625.023985,22020096
cpu,27625.023985,27625.024953,22020096
cpu,27625.024953,27625.025911,22020096
cpu,27625.025912,27625.026868,22020096
cpu,27625.026868,27625.027823,22020096
cpu,27625.027824,27625.028799,22020096
cpu,27625.028799,27625.029750,22020096
cpu,27625.029750,27625.030710,22020096
cpu,27625.030710,27625.031662,22020096
cpu,27625.031662,27625.032636,22020096
cpu,27625.032636,27625.033592,22020096
cpu,27625.033593,27625.034549,22020096
cpu,27625.034549,27625.035500,22020096
cpu,27625.035500,27625.036466,22020096
cpu,27625.036466,27625.037424,22020096
cpu,27625.037424,27625.038375,22020096
cpu,27625.038375,27625.039336,22020096
cpu,27625.039336,27625.040306,22020096
cpu,27625.040307,27625.041277,22020096
cpu,27625.041277,27625.042228,22020096
cpu,27625.042228,27625.043194,22020096
cpu,27625.043194,27625.044164,22020096
cpu,27625.044165,27625.045119,22020096
cpu,27625.045119,27625.046073,22020096
cpu,27625.046073,27625.047028,22020096
cpu,27625.047029,27625.047989,22020096
cpu,27625.047989,27625.048962,22020096
cpu,27625.048963,27625.049915,22020096
cpu,27625.049915,27625.050875,22020096
cpu,27625.050875,27625.051826,22020096
cpu,27625.051826,27625.052797,22020096
cpu,27625.052797,27625.053749,22020096
cpu,27625.053749,27625.054707,22020096
cpu,27625.054708,27625.055663,22020096
cpu,27625.055663,27625.056630,22020096
cpu,27625.056630,27625.057587,22020096
cpu,27625.057587,27625.058536,22020096
cpu,27625.058536,27625.059493,22020096
cpu,27625.059494,27625.060482,22020096
cpu,27625.060483,27625.061495,22020096
cpu,27625.061495,27625.062473,22020096
cpu,27625.062473,27625.063443,22020096
cpu,27625.063443,27625.064445,22020096
cpu,27625.064445,27625.065401,22020096
cpu,27625.065402,27625.066361,22020096
cpu,27625.066361,27625.067315,22020096
cpu,27625.067316,27625.068289,22020096
cpu,27625.068290,27625.069246,22020096
cpu,27625.069246,27625.070198,22020096
cpu,27625.070198,27625.071175,22020096
cpu,27625.071175,27625.072139,22020096
cpu,27625.072139,27625.073097,22020096
cpu,27625.073097,27625.074053,22020096
cpu,27625.074053,27625.075012,22020096
cpu,27625.075012,27625.075973,22020096
cpu,27625.075974,27625.076949,22020096
cpu,27625.076950,27625.077909,22020096
cpu,27625.077909,27625.078864,22020096
cpu,27625.078864,27625.079818,22020096
cpu,27625.079818,27625.080785,22020096
cpu,27625.080785,27625.081773,22020096
cpu,27625.081773,27625.082727,22020096
cpu,27625.082727,27625.083730,22020096
cpu,27625.083730,27625.084702,22020096
cpu,27625.084702,27625.085662,22020096
cpu,27625.085662,27625.086623,22020096
cpu,27625.086623,27625.087576,22020096
cpu,27625.087577,27625.088570,22020096
cpu,27625.088571,27625.089529,22020096
cpu,27625.089529,27625.090484,22020096
cpu,27625.090484,27625.091455,22020096
cpu,27625.091456,27625.092423,22020096
cpu,27625.092423,27625.093377,22020096
cpu,27625.093377,27625.094343,22020096
cpu,27625.094343,27625.095297,22020096
cpu,27625.095298,27625.096271,22020096
cpu,27625.096271,27625.097224,22020096
cpu,27625.097224,27625.098180,22020096
cpu,27625.098180,27625.099132,22020096
cpu,27625.099133,27625.100100,22020096
cpu,27625.100100,27625.101057,22020096
cpu,27625.101057,27625.102015,22020096
cpu,27625.102016,27625.102988,22020096
cpu,27625.102988,27625.103944,22020096
cpu,27625.103944,27625.104920,22020096
cpu,27625.104920,27625.105877,22020096
cpu,27625.105877,27625.106833,22020096
cpu,27625.106833,27625.107813,22020096
cpu,27625.107813,27625.108795,22020096
cpu,27625.108795,27625.109766,22020096
cpu,27625.109766,27625.110749,22020096
cpu,27625.110749,27625.111723,22020096
cpu,27625.111723,27625.112690,22020096
cpu,27625.112690,27625.113656,22020096
cpu,27625.113656,27625.114620,22020096
cpu,27625.114620,27625.115586,22020096
cpu,27625.115586,27625.116561,22020096
cpu,27625.116561,27625.117513,22020096
cpu,27625.117513,27625.118469,22020096
cpu,27625.118470,27625.119426,22020096
cpu,27625.119427,27625.120400,22020096
cpu,27625.120400,27625.121355,22020096
cpu,27625.121355,27625.122314,22020096
cpu,27625.122314,27625.123272,22020096
cpu,27625.123272,27625.124238,22020096
cpu,27625.124238,27625.125203,22020096
cpu,27625.125203,27625.126160,22020096
cpu,27625.126161,27625.127114,22020096
cpu,27625.127114,27625.128082,22020096
cpu,27625.128082,27625.129043,22020096
cpu,27625.129044,27625.130000,22020096
cpu,27625.130000,27625.130950,22020096
cpu,27625.130950,27625.131929,22020096
cpu,27625.131929,27625.132899,22020096
cpu,27625.132899,27625.133853,22020096
cpu,27625.133854,27625.134805,22020096
cpu,27625.134806,27625.135764,22020096
cpu,27625.135764,27625.136746,22020096
cpu,27625.136746,27625.137701,22020096
cpu,27625.137701,27625.138660,22020096
cpu,27625.138660,27625.139617,22020096
cpu,27625.139617,27625.140588,22020096
cpu,27625.140588,27625.141547,22020096
cpu,27625.141547,27625.142505,22020096
cpu,27625.142506,27625.143463,22020096
cpu,27625.143463,27625.144428,22020096
cpu,27625.144429,27625.145391,22020096
cpu,27625.145391,27625.146351,22020096
cpu,27625.146351,27625.147306,22020096
cpu,27625.147306,27625.148283,22020096
cpu,27625.148283,27625.149247,22020096
cpu,27625.149247,27625.150201,22020096
cpu,27625.150201,27625.151153,22020096
cpu,27625.151153,27625.152141,22020096
cpu,27625.152141,27625.153093,22020096
cpu,27625.153093,27625.154077,22020096
cpu,27625.154077,27625.155085,22020096
cpu,27625.155085,27625.156072,22020096
cpu,27625.156072,27625.157043,22020096
cpu,27625.157043,27625.158021,22020096
cpu,27625.158021,27625.158982,22020096
cpu,27625.158982,27625.159937,22020096
cpu,27625.159937,27625.160924,22020096
cpu,27625.160924,27625.161897,22020096
cpu,27625.161897,27625.162861,22020096
cpu,27625.162869,27625.163831,22020096
cpu,27625.163831,27625.164793,22020096
cpu,27625.164793,27625.165756,22020096
cpu,27625.165756,27625.166718,22020096
cpu,27625.166718,27625.167677,22020096
cpu,27625.167677,27625.168647,22020096
cpu,27625.168647,27625.169618,22020096
cpu,27625.169618,27625.170579,22020096
cpu,27625.170579,27625.171534,22020096
cpu,27625.171534,27625.172505,22020096
cpu,27625.172505,27625.173464,22020096
cpu,27625.173464,27625.174423,22020096
cpu,27625.174424,27625.175377,22020096
cpu,27625.175377,27625.176346,22020096
cpu,27625.176346,27625.177301,22020096
cpu,27625.177301,27625.178266,22020096
cpu,27625.178266,27625.179221,22020096
cpu,27625.179221,27625.180193,22020096
cpu,27625.180193,27625.181150,22020096
cpu,27625.181150,27625.182123,22020096
cpu,27625.182124,27625.183077,22020096
cpu,27625.183078,27625.184049,22020096
cpu,27625.184049,27625.185002,22020096
cpu,27625.185002,27625.185967,22020096
cpu,27625.185967,27625.186922,22020096
cpu,27625.186922,27625.187883,22020096
cpu,27625.187884,27625.188851,22020096
cpu,27625.188852,27625.189804,22020096
cpu,27625.189804,27625.190759,22020096
cpu,27625.190759,27625.191710,22020096
cpu,27625.191710,27625.192683,22020096
cpu,27625.192683,27625.193638,22020096
cpu,27625.193638,27625.194601,22020096
cpu,27625.194602,27625.195565,22020096
cpu,27625.195565,27625.196533,22020096
cpu,27625.196534,27625.197489,22020096
cpu,27625.197489,27625.198437,22020096
cpu,27625.198437,27625.199394,22020096
cpu,27625.199394,27625.200389,22020096
cpu,27625.200389,27625.201370,22020096
cpu,27625.201370,27625.202387,22020096
cpu,27625.202387,27625.203358,22020096
cpu,27625.203359,27625.204358,22020096
cpu,27625.204358,27625.205315,22020096
cpu,27625.205315,27625.206275,22020096
cpu,27625.206275,27625.207232,22020096
cpu,27625.207233,27625.208204,22020096
cpu,27625.208204,27625.209164,22020096
cpu,27625.209164,27625.210123,22020096
cpu,27625.210123,27625.211077,22020096
cpu,27625.211078,27625.212051,22020096
cpu,27625.212051,27625.213006,22020096
cpu,27625.213006,27625.213958,22020096
cpu,27625.213958,27625.214922,22020096
cpu,27625.214923,27625.215881,22020096
cpu,27625.215881,27625.216856,22020096
cpu,27625.216856,27625.217820,22020096
cpu,27625.217820,27625.218778,22020096
cpu,27625.218778,27625.219735,22020096
cpu,27625.219735,27625.220728,22020096
cpu,27625.220728,27625.221685,22020096
cpu,27625.221685,27625.222659,22020096
cpu,27625.222660,27625.223614,22020096
cpu,27625.223614,27625.224587,22020096
cpu,27625.224587,27625.225544,22020096
cpu,27625.225544,27625.226498,22020096
cpu,27625.226499,27625.227455,22020096
cpu,27625.227455,27625.228423,22020096
cpu,27625.228424,27625.229381,22020096
cpu,27625.229381,27625.230335,22020096
cpu,27625.230335,27625.231296,22020096
cpu,27625.231296,27625.232287,22020096
cpu,27625.232287,27625.233249,22020096
cpu,27625.233249,27625.234211,22020096
cpu,27625.234212,27625.235170,22020096
cpu,27625.235171,27625.236146,22020096
cpu,27625.236146,27625.237104,22020096
cpu,27625.237104,27625.238064,22020096
cpu,27625.238064,27625.239022,22020096
cpu,27625.239022,27625.239985,22020096
cpu,27625.239985,27625.240960,22020096
cpu,27625.240960,27625.241924,22020096
cpu,27625.241925,27625.242895,22020096
cpu,27625.242895,27625.243850,22020096
cpu,27625.243850,27625.244819,22020096
cpu,27625.244819,27625.245772,22020096
cpu,27625.245772,27625.246732,22020096
cpu,27625.246732,27625.247709,22020096
cpu,27625.247709,27625.248688,22020096
cpu,27625.248688,27625.249662,22020096
cpu,27625.249662,27625.250656,22020096
cpu,27625.250656,27625.251617,22020096
cpu,27625.251617,27625.252597,22020096
cpu,27625.252598,27625.253555,22020096
cpu,27625.253555,27625.254510,22020096
cpu,27625.254511,27625.255466,22020096
cpu,27625.255466,27625.256435,22020096
cpu,27625.256435,27625.257393,22020096
cpu,27625.257393,27625.258348,22020096
cpu,27625.258348,27625.259305,22020096
cpu,27625.259305,27625.260280,22020096
cpu,27625.260280,27625.261237,22020096
cpu,27625.261237,27625.262197,22020096
cpu,27625.262197,27625.263155,22020096
cpu,27625.263155,27625.264129,22020096
cpu,27625.264129,27625.265084,22020096
cpu,27625.265085,27625.266040,22020096
cpu,27625.266041,27625.267001,22020096
cpu,27625.267001,27625.267960,22020096
cpu,27625.267960,27625.268935,22020096
cpu,27625.268935,27625.269890,22020096
cpu,27625.269891,27625.270848,22020096
cpu,27625.270848,27625.271803,22020096
cpu,27625.271803,27625.272786,22020096
cpu,27625.272786,27625.273745,22020096
cpu,27625.273745,27625.274701,22020096
cpu,27625.274702,27625.275660,22020096
cpu,27625.275660,27625.276633,22020096
cpu,27625.276633,27625.277585,22020096
cpu,27625.277585,27625.278544,22020096
cpu,27625.278544,27625.279494,22020096
cpu,27625.279494,27625.280465,22020096
cpu,27625.280465,27625.281420,22020096
cpu,27625.281420,27625.282387,22020096
cpu,27625.282387,27625.283344,22020096
cpu,27625.283344,27625.284340,22020096
cpu,27625.284341,27625.285304,22020096
cpu,27625.285305,27625.286263,22020096
cpu,27625.286263,27625.287238,22020096
cpu,27625.287239,27625.288208,22020096
cpu,27625.288208,27625.289174,22020096
cpu,27625.289175,27625.290126,22020096
cpu,27625.290126,27625.291078,22020096
cpu,27625.291079,27625.292057,22020096
cpu,27625.292058,27625.293023,22020096
cpu,27625.293023,27625.294042,22020096
cpu,27625.294043,27625.295058,22020096
cpu,27625.295058,27625.296088,22020096
cpu,27625.296088,27625.297071,22020096
cpu,27625.297071,27625.298089,22020096
cpu,27625.298089,27625.299048,22020096
cpu,27625.299048,27625.300020,22020096
cpu,27625.300020,27625.300985,22020096
cpu,27625.300985,27625.301942,22020096
cpu,27625.301942,27625.302926,22020096
cpu,27625.302926,27625.303885,22020096
cpu,27625.303886,27625.304851,22020096
cpu,27625.304852,27625.305811,22020096
cpu,27625.305812,27625.306767,22020096
cpu,27625.306767,27625.307727,22020096
cpu,27625.307727,27625.308715,22020096
cpu,27625.308715,27625.309665,22020096
cpu,27625.309665,27625.310622,22020096
cpu,27625.310622,27625.311573,22020096
cpu,27625.311573,27625.312548,22020096
cpu,27625.312548,27625.313502,22020096
cpu,27625.313503,27625.314458,22020096
cpu,27625.314458,27625.315429,22020096
cpu,27625.315429,27625.316401,22020096
cpu,27625.316401,27625.317368,22020096
cpu,27625.317368,27625.318325,22020096
cpu,27625.318325,27625.319284,22020096
cpu,27625.319285,27625.320266,22020096
cpu,27625.320266,27625.321226,22020096
cpu,27625.321226,27625.322194,22020096
cpu,27625.322194,27625.323165,22020096
cpu,27625.323165,27625.324139,22020096
cpu,27625.324139,27625.325095,22020096
cpu,27625.325095,27625.326049,22020096
cpu,27625.326050,27625.327008,22020096
cpu,27625.327008,27625.327968,22020096
cpu,27625.327975,27625.328947,22020096
cpu,27625.328947,27625.329900,22020096
cpu,27625.329900,27625.330852,22020096
cpu,27625.330852,27625.331799,22020096
cpu,27625.331800,27625.332774,22020096
cpu,27625.332775,27625.333731,22020096
cpu,27625.333731,27625.334692,22020096
cpu,27625.334692,27625.335646,22020096
cpu,27625.335646,27625.336614,22020096
cpu,27625.336614,27625.337570,22020096
cpu,27625.337570,27625.338522,22020096
cpu,27625.338523,27625.339476,22020096
cpu,27625.339476,27625.340485,22020096
cpu,27625.340485,27625.341483,22020096
cpu,27625.341484,27625.342471,22020096
cpu,27625.342471,27625.343450,22020096
cpu,27625.343450,27625.344492,22020096
cpu,27625.344492,27625.345450,22020096
cpu,27625.345450,27625.346410,22020096
cpu,27625.346410,27625.347362,22020096
cpu,27625.347363,27625.348378,22020096
cpu,27625.348378,27625.349337,22020096
cpu,27625.349337,27625.350292,22020096
cpu,27625.350292,27625.351254,22020096
cpu,27625.351254,27625.352226,22020096
cpu,27625.352226,27625.353214,22020096
cpu,27625.353214,27625.354168,22020096
cpu,27625.354168,27625.355149,22020096
cpu,27625.355149,27625.356123,22020096
cpu,27625.356123,27625.357080,22020096
cpu,27625.357080,27625.358037,22020096
cpu,27625.358037,27625.358993,22020096
cpu,27625.358993,27625.359962,22020096
cpu,27625.359962,27625.360934,22020096
cpu,27625.360934,27625.361891,22020096
cpu,27625.361891,27625.362853,22020096
cpu,27625.362854,27625.363813,22020096
cpu,27625.363813,27625.364785,22020096
cpu,27625.364785,27625.365739,22020096
cpu,27625.365739,27625.366696,22020096
cpu,27625.366696,27625.367653,22020096
cpu,27625.367654,27625.368623,22020096
cpu,27625.368624,27625.369584,22020096
cpu,27625.369584,27625.370539,22020096
cpu,27625.370539,27625.371489,22020096
cpu,27625.371489,27625.372459,22020096
cpu,27625.372460,27625.373432,22020096
cpu,27625.373433,27625.374389,22020096
cpu,27625.374389,27625.375346,22020096
cpu,27625.375347,27625.376315,22020096
cpu,27625.376315,27625.377266,22020096
cpu,27625.377266,27625.378220,22020096
cpu,27625.378220,27625.379176,22020096
cpu,27625.379177,27625.380147,22020096
cpu,27625.380147,27625.381102,22020096
cpu,27625.381102,27625.382056,22020096
cpu,27625.382057,27625.383018,22020096
cpu,27625.383019,27625.383972,22020096
cpu,27625.383973,27625.384942,22020096
cpu,27625.384942,27625.385910,22020096
cpu,27625.385910,27625.386864,22020096
cpu,27625.386865,27625.387866,22020096
cpu,27625.387867,27625.388879,22020096
cpu,27625.388879,27625.389850,22020096
cpu,27625.389850,27625.390823,22020096
cpu,27625.390824,27625.391776,22020096
cpu,27625.391776,27625.392745,22020096
cpu,27625.392745,27625.393715,22020096
cpu,27625.393715,27625.394670,22020096
cpu,27625.394670,27625.395634,22020096
cpu,27625.395635,27625.396608,22020096
cpu,27625.396608,27625.397562,22020096
cpu,27625.397563,27625.398524,22020096
cpu,27625.398524,27625.399479,22020096
cpu,27625.399479,27625.400451,22020096
cpu,27625.400451,27625.401403,22020096
cpu,27625.401403,27625.402366,22020096
cpu,27625.402366,27625.403343,22020096
cpu,27625.403343,27625.404326,22020096
cpu,27625.404326,27625.405284,22020096
cpu,27625.405284,27625.406238,22020096
cpu,27625.406239,27625.407196,22020096
cpu,27625.407196,27625.408167,22020096
cpu,27625.408168,27625.409131,22020096
cpu,27625.409131,27625.410087,22020096
cpu,27625.410087,27625.411039,22020096
cpu,27625.411039,27625.411993,22020096
cpu,27625.411993,27625.412957,22020096
cpu,27625.412957,27625.413927,22020096
cpu,27625.413928,27625.414880,22020096
cpu,27625.414880,27625.415836,22020096
cpu,27625.415836,27625.416807,22020096
cpu,27625.416807,27625.417760,22020096
cpu,27625.417760,27625.418725,22020096
cpu,27625.418726,27625.419680,22020096
cpu,27625.419680,27625.420672,22020096
cpu,27625.420672,27625.421633,22020096
cpu,27625.421633,27625.422592,22020096
cpu,27625.422592,27625.423568,22020096
cpu,27625.423568,27625.424554,22020096
cpu,27625.424554,27625.425514,22020096
cpu,27625.425514,27625.426470,22020096
cpu,27625.426470,27625.427427,22020096
cpu,27625.427427,27625.428398,22020096
cpu,27625.428399,27625.429358,22020096
cpu,27625.429358,27625.430314,22020096
cpu,27625.430314,27625.431264,22020096
cpu,27625.431264,27625.432235,22020096
cpu,27625.432235,27625.433188,22020096
cpu,27625.433188,27625.434173,22020096
cpu,27625.434173,27625.435169,22020096
cpu,27625.435169,27625.436168,22020096
cpu,27625.436168,27625.437140,22020096
cpu,27625.437140,27625.438117,22020096
cpu,27625.438117,27625.439075,22020096
cpu,27625.439075,27625.440043,22020096
cpu,27625.440044,27625.441009,22020096
cpu,27625.441009,27625.441962,22020096
cpu,27625.441962,27625.442918,22020096
cpu,27625.442919,27625.443888,22020096
cpu,27625.443888,27625.444859,22020096
cpu,27625.444860,27625.445820,22020096
cpu,27625.445820,27625.446784,22020096
cpu,27625.446784,27625.447752,22020096
cpu,27625.447752,27625.448739,22020096
cpu,27625.448740,27625.449701,22020096
cpu,27625.449702,27625.450667,22020096
cpu,27625.450667,27625.451640,22020096
cpu,27625.451640,27625.452622,22020096
cpu,27625.452622,27625.453593,22020096
cpu,27625.453593,27625.454554,22020096
cpu,27625.454554,27625.455517,22020096
cpu,27625.455517,27625.456501,22020096
cpu,27625.456502,27625.457466,22020096
cpu,27625.457466,27625.458427,22020096
cpu,27625.458427,27625.459394,22020096
cpu,27625.459394,27625.460366,22020096
cpu,27625.460367,27625.461338,22020096
cpu,27625.461338,27625.462294,22020096
cpu,27625.462294,27625.463260,22020096
cpu,27625.463260,27625.464251,22020096
cpu,27625.464251,27625.465218,22020096
cpu,27625.465218,27625.466182,22020096
cpu,27625.466182,27625.467143,22020096
cpu,27625.467143,27625.468124,22020096
cpu,27625.468125,27625.469090,22020096
cpu,27625.469090,27625.470055,22020096
cpu,27625.470055,27625.471016,22020096
cpu,27625.471016,27625.471981,22020096
cpu,27625.471981,27625.472970,22020096
cpu,27625.472970,27625.473940,22020096
cpu,27625.473940,27625.474901,22020096
cpu,27625.474902,27625.475856,22020096
cpu,27625.475856,27625.476835,22020096
cpu,27625.476836,27625.477799,22020096
cpu,27625.477799,27625.478756,22020096
cpu,27625.478756,27625.479715,22020096
cpu,27625.479715,27625.480715,22020096
cpu,27625.480715,27625.481724,22020096
cpu,27625.481724,27625.482694,22020096
cpu,27625.482694,27625.483664,22020096
cpu,27625.483664,27625.484663,22020096
cpu,27625.484664,27625.485623,22020096
cpu,27625.485623,27625.486579,22020096
cpu,27625.486579,27625.487530,22020096
cpu,27625.487531,27625.488499,22020096
cpu,27625.488500,27625.489450,22020096
cpu,27625.489450,27625.490410,22020096
cpu,27625.490411,27625.491369,22020096
cpu,27625.491369,27625.492343,22020096
cpu,27625.492343,27625.493302,22020096
cpu,27625.493309,27625.494276,22020096
cpu,27625.494276,27625.495235,22020096
cpu,27625.495235,27625.496204,22020096
cpu,27625.496205,27625.497166,22020096
cpu,27625.497166,27625.498121,22020096
cpu,27625.498121,27625.499077,22020096
cpu,27625.499077,27625.500046,22020096
cpu,27625.500046,27625.501002,22020096
cpu,27625.501002,27625.501960,22020096
cpu,27625.501961,27625.502913,22020096
cpu,27625.502913,27625.503872,22020096
cpu,27625.503872,27625.504845,22020096
cpu,27625.504845,27625.505795,22020096
cpu,27625.505795,27625.506749,22020096
cpu,27625.506749,27625.507704,22020096
cpu,27625.507704,27625.508678,22020096
cpu,27625.508679,27625.509635,22020096
cpu,27625.509635,27625.510594,22020096
cpu,27625.510594,27625.511545,22020096
cpu,27625.511545,27625.512506,22020096
cpu,27625.512507,27625.513458,22020096
cpu,27625.513458,27625.514430,22020096
cpu,27625.514430,27625.515402,22020096
cpu,27625.515402,27625.516380,22020096
cpu,27625.516380,27625.517333,22020096
cpu,27625.517334,27625.518292,22020096
cpu,27625.518292,27625.519257,22020096
cpu,27625.519258,27625.520229,22020096
cpu,27625.520230,27625.521195,22020096
cpu,27625.521195,27625.522160,22020096
cpu,27625.522160,27625.523121,22020096
cpu,27625.523121,27625.524112,22020096
cpu,27625.524113,27625.525073,22020096
cpu,27625.525073,27625.526041,22020096
cpu,27625.526041,27625.527023,22020096
cpu,27625.527023,27625.528062,22020096
cpu,27625.528063,27625.529034,22020096
cpu,27625.529034,27625.530003,22020096
cpu,27625.530004,27625.531025,22020096
cpu,27625.531025,27625.531985,22020096
cpu,27625.531985,27625.532961,22020096
cpu,27625.532961,27625.533920,22020096
cpu,27625.533920,27625.534878,22020096
cpu,27625.534878,27625.535834,22020096
cpu,27625.535834,27625.536804,22020096
cpu,27625.536804,27625.537763,22020096
cpu,27625.537764,27625.538715,22020096
cpu,27625.538715,27625.539674,22020096
cpu,27625.539674,27625.540651,22020096
cpu,27625.540651,27625.541622,22020096
cpu,27625.541623,27625.542577,22020096
cpu,27625.542577,27625.543531,22020096
cpu,27625.543531,27625.544518,22020096
cpu,27625.544519,27625.545472,22020096
cpu,27625.545472,27625.546434,22020096
cpu,27625.546434,27625.547388,22020096
cpu,27625.547388,27625.548366,22020096
cpu,27625.548366,27625.549324,22020096
cpu,27625.549324,27625.550279,22020096
cpu,27625.550279,27625.551236,22020096
cpu,27625.551236,27625.552204,22020096
cpu,27625.552204,27625.553167,22020096
cpu,27625.553167,27625.554124,22020096
cpu,27625.554124,27625.555083,22020096
cpu,27625.555083,27625.556050,22020096
cpu,27625.556051,27625.557001,22020096
cpu,27625.557001,27625.557960,22020096
cpu,27625.557960,27625.558913,22020096
cpu,27625.558914,27625.559864,22020096
cpu,27625.559864,27625.560839,22020096
cpu,27625.560839,27625.561795,22020096
cpu,27625.561795,27625.562751,22020096
cpu,27625.562751,27625.563703,22020096
cpu,27625.563703,27625.564681,22020096
cpu,27625.564681,27625.565631,22020096
cpu,27625.565631,27625.566583,22020096
cpu,27625.566583,27625.567533,22020096
cpu,27625.567533,27625.568504,22020096
cpu,27625.568504,27625.569460,22020096
cpu,27625.569460,27625.570411,22020096
cpu,27625.570411,27625.571364,22020096
cpu,27625.571364,27625.572332,22020096
cpu,27625.572333,27625.573287,22020096
cpu,27625.573287,27625.574272,22020096
cpu,27625.574272,27625.575271,22020096
cpu,27625.575271,27625.576274,22020096
cpu,27625.576274,27625.577234,22020096
cpu,27625.577234,27625.578228,22020096
cpu,27625.578228,27625.579180,22020096
cpu,27625.579181,27625.580152,22020096
cpu,27625.580153,27625.581107,22020096
cpu,27625.581107,27625.582065,22020096
cpu,27625.582065,27625.583023,22020096
cpu,27625.583024,27625.583976,22020096
cpu,27625.583976,27625.584975,22020096
cpu,27625.584975,27625.585928,22020096
cpu,27625.585929,27625.586885,22020096
cpu,27625.586885,27625.587846,22020096
cpu,27625.587846,27625.588815,22020096
cpu,27625.588816,27625.589771,22020096
cpu,27625.589771,27625.590723,22020096
cpu,27625.590723,27625.591675,22020096
cpu,27625.591675,27625.592645,22020096
cpu,27625.592645,27625.593607,22020096
cpu,27625.593607,27625.594573,22020096
cpu,27625.594573,27625.595534,22020096
cpu,27625.595534,27625.596503,22020096
cpu,27625.596503,27625.597456,22020096
cpu,27625.597456,27625.598418,22020096
cpu,27625.598419,27625.599371,22020096
cpu,27625.599371,27625.600347,22020096
cpu,27625.600347,27625.601303,22020096
cpu,27625.601303,27625.602260,22020096
cpu,27625.602260,27625.603217,22020096
cpu,27625.603218,27625.604180,22020096
cpu,27625.604180,27625.605165,22020096
cpu,27625.605165,27625.606116,22020096
cpu,27625.606116,27625.607076,22020096
cpu,27625.607076,27625.608039,22020096
cpu,27625.608039,27625.609000,22020096
cpu,27625.609001,27625.609955,22020096
cpu,27625.609955,27625.610907,22020096
cpu,27625.610907,27625.611867,22020096
cpu,27625.611867,27625.612839,22020096
cpu,27625.612840,27625.613841,22020096
cpu,27625.613842,27625.614798,22020096
cpu,27625.614798,27625.615755,22020096
cpu,27625.615755,27625.616734,22020096
cpu,27625.616734,27625.617692,22020096
cpu,27625.617692,27625.618650,22020096
cpu,27625.618650,27625.619600,22020096
cpu,27625.619601,27625.620622,22020096
cpu,27625.620623,27625.621620,22020096
cpu,27625.621620,27625.622612,22020096
cpu,27625.622612,27625.623591,22020096
cpu,27625.623591,27625.624650,22020096
cpu,27625.624650,27625.625609,22020096
cpu,27625.625609,27625.626563,22020096
cpu,27625.626563,27625.627522,22020096
cpu,27625.627522,27625.628494,22020096
cpu,27625.628494,27625.629456,22020096
cpu,27625.629456,27625.630417,22020096
cpu,27625.630418,27625.631394,22020096
cpu,27625.631394,27625.632366,22020096
cpu,27625.632366,27625.633324,22020096
cpu,27625.633324,27625.634287,22020096
cpu,27625.634287,27625.635269,22020096
cpu,27625.635269,27625.636241,22020096
cpu,27625.636241,27625.637202,22020096
cpu,27625.637202,27625.638155,22020096
cpu,27625.638155,27625.639110,22020096
cpu,27625.639111,27625.640085,22020096
cpu,27625.640086,27625.641039,22020096
cpu,27625.641039,27625.641995,22020096
cpu,27625.641996,27625.642952,22020096
cpu,27625.642952,27625.643908,22020096
cpu,27625.643908,27625.644880,22020096
cpu,27625.644880,27625.645838,22020096
cpu,27625.645838,27625.646796,22020096
cpu,27625.646796,27625.647771,22020096
cpu,27625.647771,27625.648736,22020096
cpu,27625.648736,27625.649690,22020096
cpu,27625.649690,27625.650645,22020096
cpu,27625.650645,27625.651601,22020096
cpu,27625.651601,27625.652575,22020096
cpu,27625.652576,27625.653528,22020096
cpu,27625.653528,27625.654482,22020096
cpu,27625.654482,27625.655466,22020096
cpu,27625.655466,27625.656439,22020096
cpu,27625.656439,27625.657405,22020096
cpu,27625.657412,27625.658371,22020096
cpu,27625.658371,27625.659328,22020096
cpu,27625.659328,27625.660298,22020096
cpu,27625.660298,27625.661257,22020096
cpu,27625.661257,27625.662220,22020096
cpu,27625.662220,27625.663176,22020096
cpu,27625.663176,27625.664148,22020096
cpu,27625.664148,27625.665121,22020096
cpu,27625.665121,27625.666076,22020096
cpu,27625.666076,27625.667032,22020096
cpu,27625.667032,27625.668020,22020096
cpu,27625.668020,27625.669005,22020096
cpu,27625.669005,27625.669986,22020096
cpu,27625.669986,27625.670998,22020096
cpu,27625.670999,27625.671955,22020096
cpu,27625.671955,27625.672925,22020096
cpu,27625.672925,27625.673877,22020096
cpu,27625.673877,27625.674845,22020096
cpu,27625.674846,27625.675796,22020096
cpu,27625.675796,27625.676763,22020096
cpu,27625.676763,27625.677719,22020096
cpu,27625.677719,27625.678674,22020096
cpu,27625.678674,27625.679629,22020096
cpu,27625.679629,27625.680602,22020096
cpu,27625.680602,27625.681555,22020096
cpu,27625.681555,27625.682509,22020096
cpu,27625.682510,27625.683464,22020096
cpu,27625.683465,27625.684429,22020096
cpu,27625.684429,27625.685410,22020096
cpu,27625.685410,27625.686364,22020096
cpu,27625.686365,27625.687326,22020096
cpu,27625.687326,27625.688297,22020096
cpu,27625.688298,27625.689249,22020096
cpu,27625.689249,27625.690217,22020096
cpu,27625.690217,27625.691173,22020096
cpu,27625.691173,27625.692145,22020096
cpu,27625.692145,27625.693107,22020096
cpu,27625.693107,27625.694074,22020096
cpu,27625.694075,27625.695040,22020096
cpu,27625.695040,27625.695994,22020096
cpu,27625.695994,27625.696967,22020096
cpu,27625.696967,27625.697927,22020096
cpu,27625.697927,27625.698881,22020096
cpu,27625.698881,27625.699840,22020096
cpu,27625.699841,27625.700816,22020096
cpu,27625.700816,27625.701775,22020096
cpu,27625.701775,27625.702727,22020096
cpu,27625.702728,27625.703696,22020096
cpu,27625.703696,27625.704680,22020096
cpu,27625.704680,27625.705636,22020096
cpu,27625.705637,27625.706598,22020096
cpu,27625.706598,27625.707550,22020096
cpu,27625.707550,27625.708536,22020096
cpu,27625.708536,27625.709492,22020096
cpu,27625.709492,27625.710455,22020096
cpu,27625.710455,27625.711417,22020096
cpu,27625.711417,27625.712383,22020096
cpu,27625.712384,27625.713345,22020096
cpu,27625.713346,27625.714329,22020096
cpu,27625.714329,27625.715326,22020096
cpu,27625.715327,27625.716361,22020096
cpu,27625.716361,27625.717358,22020096
cpu,27625.717426,27625.718446,22020096
cpu,27625.718446,27625.719398,22020096
cpu,27625.719398,27625.720369,22020096
cpu,27625.720369,27625.721324,22020096
cpu,27625.721325,27625.722282,22020096
cpu,27625.722283,27625.723242,22020096
cpu,27625.723242,27625.724220,22020096
cpu,27625.724220,27625.725182,22020096
cpu,27625.725182,27625.726139,22020096
cpu,27625.726139,27625.727096,22020096
cpu,27625.727096,27625.728070,22020096
cpu,27625.728070,27625.729035,22020096
cpu,27625.729035,27625.730001,22020096
cpu,27625.730001,27625.730956,22020096
cpu,27625.730956,27625.731914,22020096
cpu,27625.731915,27625.732878,22020096
cpu,27625.732879,27625.733834,22020096
cpu,27625.733835,27625.734789,22020096
cpu,27625.734789,27625.735773,22020096
cpu,27625.735773,27625.736757,22020096
cpu,27625.736757,27625.737707,22020096
cpu,27625.737707,27625.738669,22020096
cpu,27625.738669,27625.739622,22020096
cpu,27625.739622,27625.740607,22020096
cpu,27625.740607,27625.741572,22020096
cpu,27625.741572,27625.742533,22020096
cpu,27625.742533,27625.743487,22020096
cpu,27625.743487,27625.744472,22020096
cpu,27625.744472,27625.745436,22020096
cpu,27625.745436,27625.746406,22020096
cpu,27625.746406,27625.747367,22020096
cpu,27625.747368,27625.748351,22020096
cpu,27625.748351,27625.749311,22020096
cpu,27625.749311,27625.750279,22020096
cpu,27625.750279,27625.751229,22020096
cpu,27625.751229,27625.752207,22020096
cpu,27625.752207,27625.753168,22020096
cpu,27625.753168,27625.754128,22020096
cpu,27625.754129,27625.755090,22020096
cpu,27625.755090,27625.756096,22020096
cpu,27625.756096,27625.757074,22020096
cpu,27625.757074,27625.758039,22020096
cpu,27625.758039,27625.758981,22020096
cpu,27625.758981,27625.759925,22020096
cpu,27625.759925,27625.760947,22020096
cpu,27625.760947,27625.761956,22020096
cpu,27625.761956,27625.762952,22020096
cpu,27625.762952,27625.763943,22020096
cpu,27625.763944,27625.765010,22020096
cpu,27625.765010,27625.765998,22020096
cpu,27625.765998,27625.766972,22020096
cpu,27625.766973,27625.767941,22020096
cpu,27625.767941,27625.768941,22020096
cpu,27625.768946,27625.769927,22020096
cpu,27625.769927,27625.770896,22020096
cpu,27625.770897,27625.771871,22020096
cpu,27625.771871,27625.772881,22020096
cpu,27625.772881,27625.773857,22020096
cpu,27625.773857,27625.774829,22020096
cpu,27625.774830,27625.775826,22020096
cpu,27625.775826,27625.776828,22020096
cpu,27625.776828,27625.777813,22020096
cpu,27625.777813,27625.778792,22020096
cpu,27625.778792,27625.779766,22020096
cpu,27625.779766,27625.780755,22020096
cpu,27625.780756,27625.781730,22020096
cpu,27625.781730,27625.782709,22020096
cpu,27625.782709,27625.783680,22020096
cpu,27625.783680,27625.784699,22020096
cpu,27625.784699,27625.785702,22020096
cpu,27625.785702,27625.786702,22020096
cpu,27625.786702,27625.787706,22020096
cpu,27625.787707,27625.788716,22020096
cpu,27625.788716,27625.789707,22020096
cpu,27625.789707,27625.790690,22020096
cpu,27625.790691,27625.791685,22020096
cpu,27625.791685,27625.792688,22020096
cpu,27625.792688,27625.793661,22020096
cpu,27625.793661,27625.794611,22020096
cpu,27625.794611,27625.795564,22020096
cpu,27625.795564,27625.796566,22020096
cpu,27625.796567,27625.797545,22020096
cpu,27625.797545,27625.798529,22020096
cpu,27625.798529,27625.799500,22020096
cpu,27625.799500,27625.800486,22020096
cpu,27625.800486,27625.801453,22020096
cpu,27625.801453,27625.802421,22020096
cpu,27625.802421,27625.803384,22020096
cpu,27625.803384,27625.804367,22020096
cpu,27625.804368,27625.805326,22020096
cpu,27625.805326,27625.806305,22020096
cpu,27625.806305,27625.807338,22020096
cpu,27625.807339,27625.808357,22020096
cpu,27625.808357,27625.809350,22020096
cpu,27625.809350,27625.810331,22020096
cpu,27625.810331,27625.811353,22020096
cpu,27625.811353,27625.812338,22020096
cpu,27625.812338,27625.813299,22020096
cpu,27625.813299,27625.814262,22020096
cpu,27625.814262,27625.815222,22020096
cpu,27625.815222,27625.816224,22020096
cpu,27625.816224,27625.817180,22020096
cpu,27625.817181,27625.818145,22020096
cpu,27625.818145,27625.819106,22020096
cpu,27625.819106,27625.820080,22020096
cpu,27625.820080,27625.821037,22020096
cpu,27625.821038,27625.821995,22020096
cpu,27625.821995,27625.822960,22020096
cpu,27625.822960,27625.823919,22020096
cpu,27625.823919,27625.824898,22020096
cpu,27625.824898,27625.825873,22020096
cpu,27625.825874,27625.826831,22020096
cpu,27625.826831,27625.827789,22020096
cpu,27625.827789,27625.828762,22020096
cpu,27625.828762,27625.829714,22020096
cpu,27625.829714,27625.830667,22020096
cpu,27625.830667,27625.831631,22020096
cpu,27625.831631,27625.832604,22020096
cpu,27625.832604,27625.833561,22020096
cpu,27625.833561,27625.834521,22020096
cpu,27625.834521,27625.835473,22020096
cpu,27625.835473,27625.836456,22020096
cpu,27625.836456,27625.837412,22020096
cpu,27625.837412,27625.838368,22020096
cpu,27625.838369,27625.839324,22020096
cpu,27625.839324,27625.840302,22020096
cpu,27625.840302,27625.841255,22020096
cpu,27625.841255,27625.842204,22020096
cpu,27625.842204,27625.843162,22020096
cpu,27625.843162,27625.844134,22020096
cpu,27625.844134,27625.845093,22020096
cpu,27625.845094,27625.846062,22020096
cpu,27625.846062,27625.847014,22020096
cpu,27625.847014,27625.847974,22020096
cpu,27625.847974,27625.848941,22020096
cpu,27625.848941,27625.849899,22020096
cpu,27625.849899,27625.850852,22020096
cpu,27625.850852,27625.851813,22020096
cpu,27625.851813,27625.852794,22020096
cpu,27625.852794,27625.853751,22020096
cpu,27625.853751,27625.854769,22020096
cpu,27625.854769,27625.855760,22020096
cpu,27625.855760,27625.856757,22020096
cpu,27625.856758,27625.857750,22020096
cpu,27625.857750,27625.858713,22020096
cpu,27625.858713,27625.859673,22020096
cpu,27625.859673,27625.860641,22020096
cpu,27625.860641,27625.861594,22020096
cpu,27625.861595,27625.862551,22020096
cpu,27625.862551,27625.863509,22020096
cpu,27625.863509,27625.864472,22020096
cpu,27625.864472,27625.865438,22020096
cpu,27625.865438,27625.866403,22020096
cpu,27625.866403,27625.867380,22020096
cpu,27625.867380,27625.868362,22020096
cpu,27625.868362,27625.869322,22020096
cpu,27625.869322,27625.870305,22020096
cpu,27625.870305,27625.871277,22020096
cpu,27625.871277,27625.872252,22020096
cpu,27625.872253,27625.873211,22020096
cpu,27625.873211,27625.874165,22020096
cpu,27625.874166,27625.875126,22020096
cpu,27625.875126,27625.876092,22020096
cpu,27625.876092,27625.877072,22020096
cpu,27625.877072,27625.878037,22020096
cpu,27625.878038,27625.879000,22020096
cpu,27625.879000,27625.879956,22020096
cpu,27625.879956,27625.880934,22020096
cpu,27625.880934,27625.881884,22020096
cpu,27625.881885,27625.882840,22020096
cpu,27625.882840,27625.883802,22020096
cpu,27625.883803,27625.884773,22020096
cpu,27625.884774,27625.885734,22020096
cpu,27625.885734,27625.886706,22020096
cpu,27625.886706,27625.887668,22020096
cpu,27625.887668,27625.888640,22020096
cpu,27625.888640,27625.889596,22020096
cpu,27625.889596,27625.890557,22020096
cpu,27625.890557,27625.891519,22020096
cpu,27625.891519,27625.892494,22020096
cpu,27625.892495,27625.893451,22020096
cpu,27625.893451,27625.894411,22020096
cpu,27625.894411,27625.895393,22020096
cpu,27625.895393,27625.896377,22020096
cpu,27625.896377,27625.897335,22020096
cpu,27625.897336,27625.898297,22020096
cpu,27625.898297,27625.899258,22020096
cpu,27625.899258,27625.900247,22020096
cpu,27625.900248,27625.901231,22020096
cpu,27625.901231,27625.902205,22020096
cpu,27625.902205,27625.903197,22020096
cpu,27625.903198,27625.904197,22020096
cpu,27625.904197,27625.905168,22020096
cpu,27625.905168,27625.906135,22020096
cpu,27625.906135,27625.907121,22020096
cpu,27625.907122,27625.908103,22020096
cpu,27625.908103,27625.909083,22020096
cpu,27625.909083,27625.910048,22020096
cpu,27625.910048,27625.911013,22020096
cpu,27625.911013,27625.911966,22020096
cpu,27625.911966,27625.912940,22020096
cpu,27625.912940,27625.913895,22020096
cpu,27625.913896,27625.914851,22020096
cpu,27625.914852,27625.915807,22020096
cpu,27625.915807,27625.916791,22020096
cpu,27625.916791,27625.917747,22020096
cpu,27625.917747,27625.918701,22020096
cpu,27625.918701,27625.919669,22020096
cpu,27625.919670,27625.920645,22020096
cpu,27625.920645,27625.921601,22020096
cpu,27625.921601,27625.922557,22020096
cpu,27625.922557,27625.923516,22020096
cpu,27625.923516,27625.924488,22020096
cpu,27625.924488,27625.925443,22020096
cpu,27625.925443,27625.926397,22020096
cpu,27625.926398,27625.927382,22020096
cpu,27625.927382,27625.928354,22020096
cpu,27625.928354,27625.929317,22020096
cpu,27625.929317,27625.930283,22020096
cpu,27625.930283,27625.931240,22020096
cpu,27625.931240,27625.932213,22020096
cpu,27625.932213,27625.933178,22020096
cpu,27625.933178,27625.934141,22020096
cpu,27625.934141,27625.935103,22020096
cpu,27625.935109,27625.936082,22020096
cpu,27625.936082,27625.937069,22020096
cpu,27625.937069,27625.938029,22020096
cpu,27625.938029,27625.938981,22020096
cpu,27625.938981,27625.939943,22020096
cpu,27625.939943,27625.940911,22020096
cpu,27625.940911,27625.941885,22020096
cpu,27625.941885,27625.942851,22020096
cpu,27625.942851,27625.943808,22020096
cpu,27625.943809,27625.944782,22020096
cpu,27625.944782,27625.945735,22020096
cpu,27625.945735,27625.946714,22020096
cpu,27625.946714,27625.947706,22020096
cpu,27625.947706,27625.948750,22020096
cpu,27625.948750,27625.949744,22020096
cpu,27625.949744,27625.950708,22020096
cpu,27625.950708,27625.951723,22020096
cpu,27625.951723,27625.952687,22020096
cpu,27625.952687,27625.953643,22020096
cpu,27625.953643,27625.954597,22020096
cpu,27625.954598,27625.955558,22020096
cpu,27625.955559,27625.956533,22020096
cpu,27625.956533,27625.957513,22020096
cpu,27625.957513,27625.958467,22020096
cpu,27625.958467,27625.959433,22020096
cpu,27625.959433,27625.960408,22020096
cpu,27625.960408,27625.961361,22020096
cpu,27625.961362,27625.962339,22020096
cpu,27625.962339,27625.963295,22020096
cpu,27625.963295,27625.964262,22020096
cpu,27625.964262,27625.965217,22020096
cpu,27625.965218,27625.966175,22020096
cpu,27625.966175,27625.967134,22020096
cpu,27625.967134,27625.968099,22020096
cpu,27625.968100,27625.969061,22020096
cpu,27625.969061,27625.970021,22020096
cpu,27625.970021,27625.970975,22020096
cpu,27625.970975,27625.971930,22020096
cpu,27625.971931,27625.972897,22020096
cpu,27625.972898,27625.973858,22020096
cpu,27625.973858,27625.974811,22020096
cpu,27625.974811,27625.975769,22020096
cpu,27625.975770,27625.976742,22020096
cpu,27625.976743,27625.977699,22020096
cpu,27625.977699,27625.978654,22020096
cpu,27625.978654,27625.979606,22020096
cpu,27625.979606,27625.980574,22020096
cpu,27625.980574,27625.981526,22020096
cpu,27625.981526,27625.982481,22020096
cpu,27625.982481,27625.983441,22020096
cpu,27625.983442,27625.984409,22020096
cpu,27625.984410,27625.985369,22020096
cpu,27625.985369,27625.986321,22020096
cpu,27625.986321,27625.987304,22020096
cpu,27625.987304,27625.988270,22020096
cpu,27625.988270,27625.989230,22020096
cpu,27625.989231,27625.990187,22020096
cpu,27625.990187,27625.991143,22020096
cpu,27625.991143,27625.992115,22020096
cpu,27625.992115,27625.993070,22020096
cpu,27625.993070,27625.994026,22020096
cpu,27625.994026,27625.995048,22020096
cpu,27625.995049,27625.996063,22020096
cpu,27625.996063,27625.997041,22020096
cpu,27625.997042,27625.998037,22020096
cpu,27625.998037,27625.998992,22020096
cpu,27625.998992,27625.999947,22020096
cpu,27625.999948,27626.000919,22020096
cpu,27626.000919,27626.001878,22020096
cpu,27626.001878,27626.002838,22020096
cpu,27626.002838,27626.003795,22020096
cpu,27626.003795,27626.004762,22020096
cpu,27626.004762,27626.005715,22020096
cpu,27626.005715,27626.006671,22020096
cpu,27626.006672,27626.007654,22020096
cpu,27626.007654,27626.008623,22020096
cpu,27626.008623,27626.009582,22020096
cpu,27626.009582,27626.010536,22020096
cpu,27626.010537,27626.011486,22020096
cpu,27626.011486,27626.012458,22020096
cpu,27626.012458,27626.013412,22020096
cpu,27626.013412,27626.014366,22020096
cpu,27626.014367,27626.015319,22020096
cpu,27626.015319,27626.016281,22020096
cpu,27626.016281,27626.017252,22020096
cpu,27626.017253,27626.018206,22020096
cpu,27626.018206,27626.019161,22020096
cpu,27626.019161,27626.020128,22020096
cpu,27626.020128,27626.021087,22020096
cpu,27626.021088,27626.022041,22020096
cpu,27626.022041,27626.023001,22020096
cpu,27626.023001,27626.023955,22020096
cpu,27626.023955,27626.024917,22020096
cpu,27626.024918,27626.025880,22020096
cpu,27626.025880,27626.026834,22020096
cpu,27626.026834,27626.027811,22020096
cpu,27626.027811,27626.028776,22020096
cpu,27626.028776,27626.029734,22020096
cpu,27626.029734,27626.030691,22020096
cpu,27626.030691,27626.031654,22020096
cpu,27626.031654,27626.032624,22020096
cpu,27626.032624,27626.033593,22020096
cpu,27626.033593,27626.034549,22020096
cpu,27626.034549,27626.035505,22020096
cpu,27626.035505,27626.036477,22020096
cpu,27626.036477,27626.037449,22020096
cpu,27626.037449,27626.038408,22020096
cpu,27626.038408,27626.039364,22020096
cpu,27626.039364,27626.040329,22020096
cpu,27626.040329,27626.041311,22020096
cpu,27626.041311,27626.042276,22020096
cpu,27626.042276,27626.043247,22020096
cpu,27626.043248,27626.044275,22020096
cpu,27626.044275,27626.045257,22020096
cpu,27626.045257,27626.046214,22020096
cpu,27626.046214,27626.047173,22020096
cpu,27626.047174,27626.048146,22020096
cpu,27626.048146,27626.049102,22020096
cpu,27626.049102,27626.050061,22020096
cpu,27626.050061,27626.051018,22020096
cpu,27626.051018,27626.051969,22020096
cpu,27626.051969,27626.052941,22020096
cpu,27626.052941,27626.053896,22020096
cpu,27626.053896,27626.054855,22020096
cpu,27626.054855,27626.055808,22020096
cpu,27626.055808,27626.056777,22020096
cpu,27626.056777,27626.057731,22020096
cpu,27626.057731,27626.058689,22020096
cpu,27626.058690,27626.059649,22020096
cpu,27626.059649,27626.060617,22020096
cpu,27626.060617,27626.061572,22020096
cpu,27626.061572,27626.062526,22020096
cpu,27626.062526,27626.063484,22020096
cpu,27626.063484,27626.064457,22020096
cpu,27626.064458,27626.065411,22020096
cpu,27626.065411,27626.066370,22020096
cpu,27626.066370,27626.067321,22020096
cpu,27626.067321,27626.068317,22020096
cpu,27626.068317,27626.069275,22020096
cpu,27626.069276,27626.070233,22020096
cpu,27626.070233,27626.071191,22020096
cpu,27626.071192,27626.072155,22020096
cpu,27626.072155,27626.073114,22020096
cpu,27626.073114,27626.074070,22020096
cpu,27626.074070,27626.075029,22020096
cpu,27626.075029,27626.075983,22020096
cpu,27626.075983,27626.076961,22020096
cpu,27626.076961,27626.077933,22020096
cpu,27626.077933,27626.078891,22020096
cpu,27626.078891,27626.079850,22020096
cpu,27626.079850,27626.080814,22020096
cpu,27626.080814,27626.081778,22020096
cpu,27626.081779,27626.082741,22020096
cpu,27626.082741,27626.083702,22020096
cpu,27626.083702,27626.084669,22020096
cpu,27626.084669,27626.085628,22020096
cpu,27626.085628,27626.086584,22020096
cpu,27626.086585,27626.087581,22020096
cpu,27626.087581,27626.088617,22020096
cpu,27626.088617,27626.089615,22020096
cpu,27626.089615,27626.090592,22020096
cpu,27626.090592,27626.091633,22020096
cpu,27626.091633,27626.092602,22020096
cpu,27626.092602,27626.093560,22020096
cpu,27626.093560,27626.094517,22020096
cpu,27626.094518,27626.095473,22020096
cpu,27626.095473,27626.096435,22020096
cpu,27626.096436,27626.097398,22020096
cpu,27626.097399,27626.098380,22020096
cpu,27626.098380,27626.099331,22020096
cpu,27626.099338,27626.100307,22020096
cpu,27626.100308,27626.101258,22020096
cpu,27626.101258,27626.102213,22020096
cpu,27626.102213,27626.103169,22020096
cpu,27626.103169,27626.104141,22020096
cpu,27626.104142,27626.105107,22020096
cpu,27626.105108,27626.106062,22020096
cpu,27626.106063,27626.107027,22020096
cpu,27626.107027,27626.107984,22020096
cpu,27626.107985,27626.108957,22020096
cpu,27626.108957,27626.109913,22020096
cpu,27626.109914,27626.110869,22020096
cpu,27626.110870,27626.111822,22020096
cpu,27626.111822,27626.112786,22020096
cpu,27626.112787,27626.113742,22020096
cpu,27626.113742,27626.114702,22020096
cpu,27626.114702,27626.115654,22020096
cpu,27626.115654,27626.116619,22020096
cpu,27626.116619,27626.117582,22020096
cpu,27626.117583,27626.118566,22020096
cpu,27626.118566,27626.119518,22020096
cpu,27626.119518,27626.120490,22020096
cpu,27626.120490,27626.121445,22020096
cpu,27626.121445,27626.122405,22020096
cpu,27626.122405,27626.123361,22020096
cpu,27626.123361,27626.124336,22020096
cpu,27626.124337,27626.125292,22020096
cpu,27626.125292,27626.126248,22020096
cpu,27626.126248,27626.127205,22020096
cpu,27626.127205,27626.128179,22020096
cpu,27626.128179,27626.129139,22020096
cpu,27626.129140,27626.130093,22020096
cpu,27626.130093,27626.131053,22020096
cpu,27626.131053,27626.132028,22020096
cpu,27626.132029,27626.132982,22020096
cpu,27626.132982,27626.133940,22020096
cpu,27626.133940,27626.134946,22020096
cpu,27626.134946,27626.135946,22020096
cpu,27626.135947,27626.136952,22020096
cpu,27626.136952,27626.138000,22020096
cpu,27626.138001,27626.138985,22020096
cpu,27626.138985,27626.139943,22020096
cpu,27626.139944,27626.140918,22020096
cpu,27626.140919,27626.141876,22020096
cpu,27626.141876,27626.142840,22020096
cpu,27626.142840,27626.143794,22020096
cpu,27626.143794,27626.144760,22020096
cpu,27626.144760,27626.145718,22020096
cpu,27626.145718,27626.146674,22020096
cpu,27626.146675,27626.147632,22020096
cpu,27626.147632,27626.148602,22020096
cpu,27626.148603,27626.149563,22020096
cpu,27626.149563,27626.150515,22020096
cpu,27626.150515,27626.151472,22020096
cpu,27626.151472,27626.152446,22020096
cpu,27626.152446,27626.153405,22020096
cpu,27626.153406,27626.154362,22020096
cpu,27626.154362,27626.155317,22020096
cpu,27626.155318,27626.156301,22020096
cpu,27626.156302,27626.157299,22020096
cpu,27626.157299,27626.158271,22020096
cpu,27626.158272,27626.159233,22020096
cpu,27626.159234,27626.160209,22020096
cpu,27626.160209,27626.161187,22020096
cpu,27626.161187,27626.162146,22020096
cpu,27626.162146,27626.163106,22020096
cpu,27626.163106,27626.164072,22020096
cpu,27626.164072,27626.165033,22020096
cpu,27626.165033,27626.165995,22020096
cpu,27626.165995,27626.166942,22020096
cpu,27626.166942,27626.167900,22020096
cpu,27626.167900,27626.168897,22020096
cpu,27626.168897,27626.169876,22020096
cpu,27626.169876,27626.170846,22020096
cpu,27626.170846,27626.171802,22020096
cpu,27626.171803,27626.172770,22020096
cpu,27626.172770,27626.173721,22020096
cpu,27626.173721,27626.174677,22020096
cpu,27626.174677,27626.175636,22020096
cpu,27626.175637,27626.176606,22020096
cpu,27626.176606,27626.177558,22020096
cpu,27626.177558,27626.178541,22020096
cpu,27626.178541,27626.179498,22020096
cpu,27626.179498,27626.180489,22020096
cpu,27626.180490,27626.181508,22020096
cpu,27626.181508,27626.182511,22020096
cpu,27626.182511,27626.183487,22020096
cpu,27626.183487,27626.184478,22020096
cpu,27626.184478,27626.185454,22020096
cpu,27626.185455,27626.186411,22020096
cpu,27626.186412,27626.187366,22020096
cpu,27626.187366,27626.188350,22020096
cpu,27626.188350,27626.189306,22020096
cpu,27626.189306,27626.190261,22020096
cpu,27626.190262,27626.191228,22020096
cpu,27626.191228,27626.192194,22020096
cpu,27626.192194,27626.193157,22020096
cpu,27626.193157,27626.194110,22020096
cpu,27626.194110,27626.195069,22020096
cpu,27626.195069,27626.196039,22020096
cpu,27626.196039,27626.196997,22020096
cpu,27626.196997,27626.197946,22020096
cpu,27626.197946,27626.198913,22020096
cpu,27626.198913,27626.199871,22020096
cpu,27626.199871,27626.200839,22020096
cpu,27626.200839,27626.201793,22020096
cpu,27626.201793,27626.202748,22020096
cpu,27626.202749,27626.203712,22020096
cpu,27626.203712,27626.204690,22020096
cpu,27626.204691,27626.205646,22020096
cpu,27626.205646,27626.206601,22020096
cpu,27626.206601,27626.207553,22020096
cpu,27626.207553,27626.208531,22020096
cpu,27626.208531,27626.209487,22020096
cpu,27626.209488,27626.210462,22020096
cpu,27626.210463,27626.211420,22020096
cpu,27626.211420,27626.212385,22020096
cpu,27626.212385,27626.213345,22020096
cpu,27626.213345,27626.214312,22020096
cpu,27626.214313,27626.215269,22020096
cpu,27626.215269,27626.216242,22020096
cpu,27626.216243,27626.217202,22020096
cpu,27626.217203,27626.218162,22020096
cpu,27626.218162,27626.219133,22020096
cpu,27626.219133,27626.220106,22020096
cpu,27626.220106,27626.221064,22020096
cpu,27626.221065,27626.222018,22020096
cpu,27626.222018,27626.222973,22020096
cpu,27626.222973,27626.223934,22020096
cpu,27626.223935,27626.224903,22020096
cpu,27626.224903,27626.225859,22020096
cpu,27626.225859,27626.226816,22020096
cpu,27626.226817,27626.227807,22020096
cpu,27626.227807,27626.228811,22020096
cpu,27626.228811,27626.229784,22020096
cpu,27626.229785,27626.230760,22020096
cpu,27626.230760,27626.231734,22020096
cpu,27626.231734,27626.232704,22020096
cpu,27626.232704,27626.233661,22020096
cpu,27626.233662,27626.234616,22020096
cpu,27626.234616,27626.235571,22020096
cpu,27626.235571,27626.236547,22020096
cpu,27626.236547,27626.237510,22020096
cpu,27626.237511,27626.238470,22020096
cpu,27626.238470,27626.239443,22020096
cpu,27626.239443,27626.240421,22020096
cpu,27626.240421,27626.241376,22020096
cpu,27626.241376,27626.242332,22020096
cpu,27626.242332,27626.243284,22020096
cpu,27626.243284,27626.244260,22020096
cpu,27626.244260,27626.245211,22020096
cpu,27626.245211,27626.246177,22020096
cpu,27626.246177,27626.247133,22020096
cpu,27626.247133,27626.248102,22020096
cpu,27626.248102,27626.249074,22020096
cpu,27626.249075,27626.250030,22020096
cpu,27626.250030,27626.250997,22020096
cpu,27626.250997,27626.251954,22020096
cpu,27626.251954,27626.252921,22020096
cpu,27626.252921,27626.253881,22020096
cpu,27626.253881,27626.254831,22020096
cpu,27626.254831,27626.255792,22020096
cpu,27626.255792,27626.256762,22020096
cpu,27626.256762,27626.257746,22020096
cpu,27626.257747,27626.258702,22020096
cpu,27626.258702,27626.259675,22020096
cpu,27626.259675,27626.260642,22020096
cpu,27626.260642,27626.261595,22020096
cpu,27626.261596,27626.262556,22020096
cpu,27626.262556,27626.263512,22020096
cpu,27626.263512,27626.264479,22020096
cpu,27626.264487,27626.265443,22020096
cpu,27626.265443,27626.266396,22020096
cpu,27626.266397,27626.267352,22020096
cpu,27626.267352,27626.268323,22020096
cpu,27626.268323,27626.269294,22020096
cpu,27626.269294,27626.270247,22020096
cpu,27626.270247,27626.271205,22020096
cpu,27626.271205,27626.272182,22020096
cpu,27626.272182,27626.273138,22020096
cpu,27626.273138,27626.274111,22020096
cpu,27626.274112,27626.275072,22020096
cpu,27626.275072,27626.276073,22020096
cpu,27626.276074,27626.277044,22020096
cpu,27626.277044,27626.278011,22020096
cpu,27626.278011,27626.278974,22020096
cpu,27626.278975,27626.279927,22020096
cpu,27626.279927,27626.280901,22020096
cpu,27626.280902,27626.281852,22020096
cpu,27626.281852,27626.282813,22020096
cpu,27626.282814,27626.283784,22020096
cpu,27626.283784,27626.284770,22020096
cpu,27626.284770,27626.285743,22020096
cpu,27626.285743,27626.286701,22020096
cpu,27626.286701,27626.287667,22020096
cpu,27626.287667,27626.288635,22020096
cpu,27626.288635,27626.289621,22020096
cpu,27626.289621,27626.290578,22020096
cpu,27626.290579,27626.291541,22020096
cpu,27626.291541,27626.292516,22020096
cpu,27626.292517,27626.293469,22020096
cpu,27626.293469,27626.294432,22020096
cpu,27626.294432,27626.295386,22020096
cpu,27626.295386,27626.296357,22020096
cpu,27626.296357,27626.297322,22020096
cpu,27626.297322,27626.298288,22020096
cpu,27626.298288,27626.299246,22020096
cpu,27626.299246,27626.300221,22020096
cpu,27626.300222,27626.301180,22020096
cpu,27626.301181,27626.302135,22020096
cpu,27626.302136,27626.303099,22020096
cpu,27626.303100,27626.304071,22020096
cpu,27626.304071,27626.305033,22020096
cpu,27626.305034,27626.305989,22020096
cpu,27626.305989,27626.306947,22020096
cpu,27626.306947,27626.307905,22020096
cpu,27626.307905,27626.308881,22020096
cpu,27626.308881,27626.309854,22020096
cpu,27626.309854,27626.310806,22020096
cpu,27626.310806,27626.311763,22020096
cpu,27626.311763,27626.312732,22020096
cpu,27626.312732,27626.313693,22020096
cpu,27626.313693,27626.314656,22020096
cpu,27626.314656,27626.315612,22020096
cpu,27626.315613,27626.316578,22020096
cpu,27626.316578,27626.317537,22020096
cpu,27626.317537,27626.318491,22020096
cpu,27626.318491,27626.319459,22020096
cpu,27626.319459,27626.320431,22020096
cpu,27626.320431,27626.321415,22020096
cpu,27626.321415,27626.322399,22020096
cpu,27626.322400,27626.323373,22020096
cpu,27626.323373,27626.324354,22020096
cpu,27626.324354,27626.325337,22020096
cpu,27626.325337,27626.326297,22020096
cpu,27626.326298,27626.327258,22020096
cpu,27626.327258,27626.328229,22020096
cpu,27626.328229,27626.329203,22020096
cpu,27626.329203,27626.330167,22020096
cpu,27626.330167,27626.331127,22020096
cpu,27626.331127,27626.332106,22020096
cpu,27626.332106,27626.333073,22020096
cpu,27626.333073,27626.334023,22020096
cpu,27626.334023,27626.334979,22020096
cpu,27626.334979,27626.335928,22020096
cpu,27626.335928,27626.336904,22020096
cpu,27626.336905,27626.337866,22020096
cpu,27626.337866,27626.338833,22020096
cpu,27626.338833,27626.339803,22020096
cpu,27626.339803,27626.340767,22020096
cpu,27626.340768,27626.341724,22020096
cpu,27626.341725,27626.342696,22020096
cpu,27626.342696,27626.343649,22020096
cpu,27626.343650,27626.344621,22020096
cpu,27626.344621,27626.345579,22020096
cpu,27626.345580,27626.346546,22020096
cpu,27626.346546,27626.347501,22020096
cpu,27626.347501,27626.348470,22020096
cpu,27626.348470,27626.349426,22020096
cpu,27626.349427,27626.350389,22020096
cpu,27626.350389,27626.351345,22020096
cpu,27626.351345,27626.352315,22020096
cpu,27626.352315,27626.353269,22020096
cpu,27626.353269,27626.354230,22020096
cpu,27626.354230,27626.355193,22020096
cpu,27626.355193,27626.356160,22020096
cpu,27626.356161,27626.357117,22020096
cpu,27626.357117,27626.358076,22020096
cpu,27626.358077,27626.359032,22020096
cpu,27626.359032,27626.360018,22020096
cpu,27626.360019,27626.360974,22020096
cpu,27626.360975,27626.361936,22020096
cpu,27626.361937,27626.362887,22020096
cpu,27626.362887,27626.363842,22020096
cpu,27626.363843,27626.364816,22020096
cpu,27626.364816,27626.365769,22020096
cpu,27626.365770,27626.366723,22020096
cpu,27626.366723,27626.367709,22020096
cpu,27626.367710,27626.368723,22020096
cpu,27626.368723,27626.369698,22020096
cpu,27626.369698,27626.370676,22020096
cpu,27626.370677,27626.371684,22020096
cpu,27626.371684,27626.372659,22020096
cpu,27626.372660,27626.373618,22020096
cpu,27626.373619,27626.374570,22020096
cpu,27626.374570,27626.375529,22020096
cpu,27626.375529,27626.376497,22020096
cpu,27626.376497,27626.377452,22020096
cpu,27626.377453,27626.378410,22020096
cpu,27626.378410,27626.379377,22020096
cpu,27626.379377,27626.380371,22020096
cpu,27626.380371,27626.381333,22020096
cpu,27626.381333,27626.382291,22020096
cpu,27626.382291,27626.383241,22020096
cpu,27626.383241,27626.384213,22020096
cpu,27626.384213,27626.385172,22020096
cpu,27626.385173,27626.386132,22020096
cpu,27626.386132,27626.387087,22020096
cpu,27626.387087,27626.388062,22020096
cpu,27626.388062,27626.389013,22020096
cpu,27626.389014,27626.389981,22020096
cpu,27626.389981,27626.390940,22020096
cpu,27626.390940,27626.391895,22020096
cpu,27626.391895,27626.392869,22020096
cpu,27626.392869,27626.393825,22020096
cpu,27626.393825,27626.394785,22020096
cpu,27626.394786,27626.395747,22020096
cpu,27626.395747,27626.396713,22020096
cpu,27626.396713,27626.397672,22020096
cpu,27626.397673,27626.398632,22020096
cpu,27626.398632,27626.399594,22020096
cpu,27626.399594,27626.400579,22020096
cpu,27626.400579,27626.401545,22020096
cpu,27626.401545,27626.402500,22020096
cpu,27626.402500,27626.403452,22020096
cpu,27626.403452,27626.404424,22020096
cpu,27626.404424,27626.405380,22020096
cpu,27626.405380,27626.406340,22020096
cpu,27626.406340,27626.407297,22020096
cpu,27626.407297,27626.408314,22020096
cpu,27626.408315,27626.409275,22020096
cpu,27626.409275,27626.410244,22020096
cpu,27626.410244,27626.411202,22020096
cpu,27626.411202,27626.412174,22020096
cpu,27626.412174,27626.413141,22020096
cpu,27626.413141,27626.414127,22020096
cpu,27626.414127,27626.415097,22020096
cpu,27626.415097,27626.416106,22020096
cpu,27626.416106,27626.417072,22020096
cpu,27626.417073,27626.418071,22020096
cpu,27626.418071,27626.419027,22020096
cpu,27626.419027,27626.419994,22020096
cpu,27626.419994,27626.420966,22020096
cpu,27626.420966,27626.421922,22020096
cpu,27626.421922,27626.422881,22020096
cpu,27626.422881,27626.423832,22020096
cpu,27626.423833,27626.424810,22020096
cpu,27626.424810,27626.425768,22020096
cpu,27626.425768,27626.426733,22020096
cpu,27626.426733,27626.427689,22020096
cpu,27626.427690,27626.428655,22020096
cpu,27626.428655,27626.429624,22020096
cpu,27626.429631,27626.430599,22020096
cpu,27626.430599,27626.431558,22020096
cpu,27626.431558,27626.432526,22020096
cpu,27626.432526,27626.433491,22020096
cpu,27626.433491,27626.434450,22020096
cpu,27626.434450,27626.435401,22020096
cpu,27626.435401,27626.436373,22020096
cpu,27626.436374,27626.437323,22020096
cpu,27626.437323,27626.438275,22020096
cpu,27626.438276,27626.439229,22020096
cpu,27626.439229,27626.440205,22020096
cpu,27626.440205,27626.441157,22020096
cpu,27626.441158,27626.442112,22020096
cpu,27626.442112,27626.443088,22020096
cpu,27626.443088,27626.444053,22020096
cpu,27626.444054,27626.445009,22020096
cpu,27626.445009,27626.445966,22020096
cpu,27626.445967,27626.446923,22020096
cpu,27626.446923,27626.447886,22020096
cpu,27626.447886,27626.448862,22020096
cpu,27626.448862,27626.449819,22020096
cpu,27626.449819,27626.450788,22020096
cpu,27626.450788,27626.451746,22020096
cpu,27626.451746,27626.452728,22020096
cpu,27626.452728,27626.453697,22020096
cpu,27626.453697,27626.454654,22020096
cpu,27626.454654,27626.455608,22020096
cpu,27626.455608,27626.456582,22020096
cpu,27626.456582,27626.457540,22020096
cpu,27626.457540,27626.458506,22020096
cpu,27626.458506,27626.459461,22020096
cpu,27626.459461,27626.460446,22020096
cpu,27626.460446,27626.461464,22020096
cpu,27626.461464,27626.462440,22020096
cpu,27626.462440,27626.463445,22020096
cpu,27626.463445,27626.464425,22020096
cpu,27626.464425,27626.465459,22020096
cpu,27626.465459,27626.466414,22020096
cpu,27626.466414,27626.467372,22020096
cpu,27626.467372,27626.468350,22020096
cpu,27626.468350,27626.469303,22020096
cpu,27626.469303,27626.470261,22020096
cpu,27626.470261,27626.471216,22020096
cpu,27626.471216,27626.472189,22020096
cpu,27626.472190,27626.473149,22020096
cpu,27626.473150,27626.474101,22020096
cpu,27626.474101,27626.475057,22020096
cpu,27626.475057,27626.476029,22020096
cpu,27626.476030,27626.476986,22020096
cpu,27626.476986,27626.477943,22020096
cpu,27626.477943,27626.478906,22020096
cpu,27626.478906,27626.479862,22020096
cpu,27626.479862,27626.480845,22020096
cpu,27626.480845,27626.481800,22020096
cpu,27626.481800,27626.482754,22020096
cpu,27626.482755,27626.483713,22020096
cpu,27626.483713,27626.484686,22020096
cpu,27626.484686,27626.485648,22020096
cpu,27626.485649,27626.486604,22020096
cpu,27626.486604,27626.487568,22020096
cpu,27626.487569,27626.488543,22020096
cpu,27626.488543,27626.489499,22020096
cpu,27626.489499,27626.490457,22020096
cpu,27626.490458,27626.491417,22020096
cpu,27626.491417,27626.492391,22020096
cpu,27626.492391,27626.493349,22020096
cpu,27626.493349,27626.494300,22020096
cpu,27626.494300,27626.495262,22020096
cpu,27626.495263,27626.496231,22020096
cpu,27626.496232,27626.497189,22020096
cpu,27626.497189,27626.498146,22020096
cpu,27626.498146,27626.499110,22020096
cpu,27626.499110,27626.500084,22020096
cpu,27626.500084,27626.501052,22020096
cpu,27626.501052,27626.502009,22020096
cpu,27626.502009,27626.502965,22020096
cpu,27626.502965,27626.503921,22020096
cpu,27626.503921,27626.504897,22020096
cpu,27626.504897,27626.505859,22020096
cpu,27626.505860,27626.506820,22020096
cpu,27626.506820,27626.507817,22020096
cpu,27626.507817,27626.508831,22020096
cpu,27626.508831,27626.509817,22020096
cpu,27626.509817,27626.510802,22020096
cpu,27626.510802,27626.511876,22020096
cpu,27626.511876,27626.512847,22020096
cpu,27626.512847,27626.513814,22020096
cpu,27626.513815,27626.514769,22020096
cpu,27626.514769,27626.515734,22020096
cpu,27626.515734,27626.516712,22020096
cpu,27626.516712,27626.517672,22020096
cpu,27626.517672,27626.518627,22020096
cpu,27626.518627,27626.519591,22020096
cpu,27626.519591,27626.520576,22020096
cpu,27626.520577,27626.521539,22020096
cpu,27626.521539,27626.522498,22020096
cpu,27626.522499,27626.523462,22020096
cpu,27626.523463,27626.524456,22020096
cpu,27626.524456,27626.525423,22020096
cpu,27626.525423,27626.526381,22020096
cpu,27626.526381,27626.527343,22020096
cpu,27626.527344,27626.528313,22020096
cpu,27626.528313,27626.529270,22020096
cpu,27626.529270,27626.530227,22020096
cpu,27626.530228,27626.531207,22020096
cpu,27626.531208,27626.532181,22020096
cpu,27626.532181,27626.533144,22020096
cpu,27626.533144,27626.534108,22020096
cpu,27626.534108,27626.535059,22020096
cpu,27626.535060,27626.536030,22020096
cpu,27626.536030,27626.536986,22020096
cpu,27626.536986,27626.537944,22020096
cpu,27626.537944,27626.538904,22020096
cpu,27626.538904,27626.539871,22020096
cpu,27626.539872,27626.540857,22020096
cpu,27626.540857,27626.541810,22020096
cpu,27626.541810,27626.542766,22020096
cpu,27626.542766,27626.543724,22020096
cpu,27626.543724,27626.544696,22020096
cpu,27626.544697,27626.545652,22020096
cpu,27626.545652,27626.546613,22020096
cpu,27626.546613,27626.547568,22020096
cpu,27626.547568,27626.548536,22020096
cpu,27626.548537,27626.549495,22020096
cpu,27626.549496,27626.550453,22020096
cpu,27626.550453,27626.551430,22020096
cpu,27626.551430,27626.552400,22020096
cpu,27626.552401,27626.553355,22020096
cpu,27626.553355,27626.554311,22020096
cpu,27626.554311,27626.555333,22020096
cpu,27626.555334,27626.556347,22020096
cpu,27626.556347,27626.557316,22020096
cpu,27626.557317,27626.558325,22020096
cpu,27626.558325,27626.559282,22020096
cpu,27626.559282,27626.560253,22020096
cpu,27626.560253,27626.561229,22020096
cpu,27626.561229,27626.562183,22020096
cpu,27626.562184,27626.563140,22020096
cpu,27626.563140,27626.564110,22020096
cpu,27626.564110,27626.565068,22020096
cpu,27626.565069,27626.566025,22020096
cpu,27626.566025,27626.566973,22020096
cpu,27626.566974,27626.567931,22020096
cpu,27626.567931,27626.568901,22020096
cpu,27626.568901,27626.569857,22020096
cpu,27626.569857,27626.570814,22020096
cpu,27626.570815,27626.571780,22020096
cpu,27626.571780,27626.572755,22020096
cpu,27626.572756,27626.573710,22020096
cpu,27626.573710,27626.574672,22020096
cpu,27626.574672,27626.575632,22020096
cpu,27626.575633,27626.576611,22020096
cpu,27626.576611,27626.577574,22020096
cpu,27626.577574,27626.578541,22020096
cpu,27626.578541,27626.579500,22020096
cpu,27626.579500,27626.580475,22020096
cpu,27626.580475,27626.581455,22020096
cpu,27626.581455,27626.582409,22020096
cpu,27626.582409,27626.583371,22020096
cpu,27626.583371,27626.584343,22020096
cpu,27626.584343,27626.585305,22020096
cpu,27626.585305,27626.586281,22020096
cpu,27626.586281,27626.587238,22020096
cpu,27626.587238,27626.588221,22020096
cpu,27626.588222,27626.589180,22020096
cpu,27626.589180,27626.590135,22020096
cpu,27626.590135,27626.591090,22020096
cpu,27626.591090,27626.592063,22020096
cpu,27626.592063,27626.593023,22020096
cpu,27626.593024,27626.593975,22020096
cpu,27626.593982,27626.594939,22020096
cpu,27626.594939,27626.595891,22020096
cpu,27626.595891,27626.596867,22020096
cpu,27626.596867,27626.597822,22020096
cpu,27626.597823,27626.598780,22020096
cpu,27626.598780,27626.599736,22020096
cpu,27626.599736,27626.600704,22020096
cpu,27626.600704,27626.601709,22020096
cpu,27626.601709,27626.602714,22020096
cpu,27626.602715,27626.603705,22020096
cpu,27626.603705,27626.604693,22020096
cpu,27626.604694,27626.605663,22020096
cpu,27626.605663,27626.606626,22020096
cpu,27626.606626,27626.607579,22020096
cpu,27626.607579,27626.608557,22020096
cpu,27626.608558,27626.609517,22020096
cpu,27626.609517,27626.610470,22020096
cpu,27626.610470,27626.611436,22020096
cpu,27626.611436,27626.612410,22020096
cpu,27626.612410,27626.613375,22020096
cpu,27626.613375,27626.614328,22020096
cpu,27626.614328,27626.615287,22020096
cpu,27626.615287,27626.616260,22020096
cpu,27626.616260,27626.617224,22020096
cpu,27626.617224,27626.618202,22020096
cpu,27626.618202,27626.619163,22020096
cpu,27626.619163,27626.620137,22020096
cpu,27626.620137,27626.621091,22020096
cpu,27626.621091,27626.622050,22020096
cpu,27626.622050,27626.623006,22020096
cpu,27626.623006,27626.623963,22020096
cpu,27626.623963,27626.624936,22020096
cpu,27626.624936,27626.625897,22020096
cpu,27626.625897,27626.626858,22020096
cpu,27626.626858,27626.627810,22020096
cpu,27626.627810,27626.628781,22020096
cpu,27626.628781,27626.629740,22020096
cpu,27626.629740,27626.630697,22020096
cpu,27626.630697,27626.631665,22020096
cpu,27626.631666,27626.632652,22020096
cpu,27626.632652,27626.633616,22020096
cpu,27626.633616,27626.634565,22020096
cpu,27626.634565,27626.635522,22020096
cpu,27626.635522,27626.636497,22020096
cpu,27626.636497,27626.637455,22020096
cpu,27626.637456,27626.638417,22020096
cpu,27626.638417,27626.639377,22020096
cpu,27626.639377,27626.640353,22020096
cpu,27626.640353,27626.641308,22020096
cpu,27626.641308,27626.642261,22020096
cpu,27626.642261,27626.643219,22020096
cpu,27626.643219,27626.644201,22020096
cpu,27626.644201,27626.645156,22020096
cpu,27626.645157,27626.646115,22020096
cpu,27626.646115,27626.647072,22020096
cpu,27626.647072,27626.648067,22020096
cpu,27626.648067,27626.649063,22020096
cpu,27626.649064,27626.650037,22020096
cpu,27626.650037,27626.651020,22020096
cpu,27626.651020,27626.652029,22020096
cpu,27626.652029,27626.652982,22020096
cpu,27626.652982,27626.653932,22020096
cpu,27626.653933,27626.654883,22020096
cpu,27626.654884,27626.655835,22020096
cpu,27626.655836,27626.656805,22020096
cpu,27626.656805,27626.657760,22020096
cpu,27626.657761,27626.658719,22020096
cpu,27626.658719,27626.659674,22020096
cpu,27626.659674,27626.660640,22020096
cpu,27626.660641,27626.661607,22020096
cpu,27626.661607,27626.662564,22020096
cpu,27626.662564,27626.663522,22020096
cpu,27626.663522,27626.664496,22020096
cpu,27626.664496,27626.665454,22020096
cpu,27626.665454,27626.666406,22020096
cpu,27626.666406,27626.667364,22020096
cpu,27626.667365,27626.668339,22020096
cpu,27626.668340,27626.669301,22020096
cpu,27626.669301,27626.670252,22020096
cpu,27626.670252,27626.671208,22020096
cpu,27626.671208,27626.672194,22020096
cpu,27626.672194,27626.673158,22020096
cpu,27626.673159,27626.674121,22020096
cpu,27626.674121,27626.675074,22020096
cpu,27626.675074,27626.676047,22020096
cpu,27626.676047,27626.677010,22020096
cpu,27626.677010,27626.677966,22020096
cpu,27626.677966,27626.678924,22020096
cpu,27626.678924,27626.679882,22020096
cpu,27626.679882,27626.680851,22020096
cpu,27626.680851,27626.681817,22020096
cpu,27626.681817,27626.682774,22020096
cpu,27626.682775,27626.683729,22020096
cpu,27626.683729,27626.684698,22020096
cpu,27626.684699,27626.685655,22020096
cpu,27626.685655,27626.686611,22020096
cpu,27626.686611,27626.687569,22020096
cpu,27626.687569,27626.688537,22020096
cpu,27626.688537,27626.689495,22020096
cpu,27626.689495,27626.690451,22020096
cpu,27626.690451,27626.691406,22020096
cpu,27626.691406,27626.692391,22020096
cpu,27626.692392,27626.693348,22020096
cpu,27626.693348,27626.694321,22020096
cpu,27626.694321,27626.695285,22020096
cpu,27626.695285,27626.696293,22020096
cpu,27626.696294,27626.697282,22020096
cpu,27626.697282,27626.698316,22020096
cpu,27626.698316,27626.699269,22020096
cpu,27626.699269,27626.700248,22020096
cpu,27626.700248,27626.701207,22020096
cpu,27626.701207,27626.702177,22020096
cpu,27626.702178,27626.703132,22020096
cpu,27626.703132,27626.704098,22020096
cpu,27626.704099,27626.705058,22020096
cpu,27626.705058,27626.706011,22020096
cpu,27626.706012,27626.706972,22020096
cpu,27626.706972,27626.707927,22020096
cpu,27626.707928,27626.708897,22020096
cpu,27626.708897,27626.709856,22020096
cpu,27626.709856,27626.710814,22020096
cpu,27626.710814,27626.711777,22020096
cpu,27626.711777,27626.712749,22020096
cpu,27626.712749,27626.713703,22020096
cpu,27626.713704,27626.714663,22020096
cpu,27626.714663,27626.715615,22020096
cpu,27626.715616,27626.716588,22020096
cpu,27626.716588,27626.717543,22020096
cpu,27626.717543,27626.718501,22020096
cpu,27626.718501,27626.719455,22020096
cpu,27626.719455,27626.720427,22020096
cpu,27626.720428,27626.721384,22020096
cpu,27626.721385,27626.722351,22020096
cpu,27626.722351,27626.723310,22020096
cpu,27626.723310,27626.724277,22020096
cpu,27626.724277,27626.725251,22020096
cpu,27626.725251,27626.726204,22020096
cpu,27626.726205,27626.727164,22020096
cpu,27626.727164,27626.728138,22020096
cpu,27626.728138,27626.729094,22020096
cpu,27626.729094,27626.730051,22020096
cpu,27626.730052,27626.731008,22020096
cpu,27626.731008,27626.731970,22020096
cpu,27626.731970,27626.732963,22020096
cpu,27626.732963,27626.733921,22020096
cpu,27626.733922,27626.734881,22020096
cpu,27626.734882,27626.735835,22020096
cpu,27626.735835,27626.736814,22020096
cpu,27626.736814,27626.737773,22020096
cpu,27626.737773,27626.738736,22020096
cpu,27626.738736,27626.739688,22020096
cpu,27626.739689,27626.740669,22020096
cpu,27626.740669,27626.741657,22020096
cpu,27626.741657,27626.742662,22020096
cpu,27626.742662,27626.743683,22020096
cpu,27626.743683,27626.744668,22020096
cpu,27626.744668,27626.745636,22020096
cpu,27626.745636,27626.746590,22020096
cpu,27626.746590,27626.747552,22020096
cpu,27626.747552,27626.748528,22020096
cpu,27626.748528,27626.749488,22020096
cpu,27626.749488,27626.750452,22020096
cpu,27626.750452,27626.751409,22020096
cpu,27626.751409,27626.752395,22020096
cpu,27626.752396,27626.753354,22020096
cpu,27626.753354,27626.754315,22020096
cpu,27626.754315,27626.755280,22020096
cpu,27626.755280,27626.756251,22020096
cpu,27626.756251,27626.757213,22020096
cpu,27626.757213,27626.758166,22020096
cpu,27626.758166,27626.759117,22020096
cpu,27626.759125,27626.760098,22020096
cpu,27626.760098,27626.761059,22020096
cpu,27626.761059,27626.762029,22020096
cpu,27626.762029,27626.762984,22020096
cpu,27626.762984,27626.763944,22020096
cpu,27626.763944,27626.764911,22020096
cpu,27626.764912,27626.765877,22020096
cpu,27626.765877,27626.766831,22020096
cpu,27626.766832,27626.767793,22020096
cpu,27626.767793,27626.768764,22020096
cpu,27626.768764,27626.769717,22020096
cpu,27626.769718,27626.770675,22020096
cpu,27626.770675,27626.771629,22020096
cpu,27626.771629,27626.772611,22020096
cpu,27626.772611,27626.773585,22020096
cpu,27626.773585,27626.774543,22020096
cpu,27626.774543,27626.775508,22020096
cpu,27626.775508,27626.776472,22020096
cpu,27626.776472,27626.777428,22020096
cpu,27626.777429,27626.778384,22020096
cpu,27626.778384,27626.779340,22020096
cpu,27626.779340,27626.780313,22020096
cpu,27626.780313,27626.781271,22020096
cpu,27626.781272,27626.782242,22020096
cpu,27626.782242,27626.783194,22020096
cpu,27626.783194,27626.784167,22020096
cpu,27626.784167,27626.785121,22020096
cpu,27626.785121,27626.786077,22020096
cpu,27626.786077,27626.787037,22020096
cpu,27626.787038,27626.788052,22020096
cpu,27626.788052,27626.789055,22020096
cpu,27626.789055,27626.790036,22020096
cpu,27626.790036,27626.791023,22020096
cpu,27626.791024,27626.792017,22020096
cpu,27626.792018,27626.792983,22020096
cpu,27626.792984,27626.793972,22020096
cpu,27626.793972,27626.794939,22020096
cpu,27626.794939,27626.795906,22020096
cpu,27626.795906,27626.796879,22020096
cpu,27626.796879,27626.797837,22020096
cpu,27626.797837,27626.798793,22020096
cpu,27626.798793,27626.799748,22020096
cpu,27626.799748,27626.800725,22020096
cpu,27626.800725,27626.801688,22020096
cpu,27626.801689,27626.802659,22020096
cpu,27626.802659,27626.803617,22020096
cpu,27626.803617,27626.804603,22020096
cpu,27626.804603,27626.805559,22020096
cpu,27626.805560,27626.806527,22020096
cpu,27626.806527,27626.807495,22020096
cpu,27626.807495,27626.808468,22020096
cpu,27626.808469,27626.809430,22020096
cpu,27626.809430,27626.810382,22020096
cpu,27626.810382,27626.811341,22020096
cpu,27626.811341,27626.812315,22020096
cpu,27626.812315,27626.813270,22020096
cpu,27626.813270,27626.814230,22020096
cpu,27626.814230,27626.815191,22020096
cpu,27626.815191,27626.816154,22020096
cpu,27626.816154,27626.817111,22020096
cpu,27626.817112,27626.818076,22020096
cpu,27626.818076,27626.819036,22020096
cpu,27626.819036,27626.820017,22020096
cpu,27626.820018,27626.820978,22020096
cpu,27626.820978,27626.821961,22020096
cpu,27626.821961,27626.822939,22020096
cpu,27626.822939,27626.823901,22020096
cpu,27626.823901,27626.824870,22020096
cpu,27626.824870,27626.825824,22020096
cpu,27626.825824,27626.826782,22020096
cpu,27626.826782,27626.827739,22020096
cpu,27626.827740,27626.828713,22020096
cpu,27626.828714,27626.829669,22020096
cpu,27626.829669,27626.830625,22020096
cpu,27626.830625,27626.831578,22020096
cpu,27626.831579,27626.832549,22020096
cpu,27626.832549,27626.833510,22020096
cpu,27626.833511,27626.834494,22020096
cpu,27626.834494,27626.835500,22020096
cpu,27626.835500,27626.836492,22020096
cpu,27626.836492,27626.837466,22020096
cpu,27626.837466,27626.838446,22020096
cpu,27626.838446,27626.839396,22020096
cpu,27626.839396,27626.840372,22020096
cpu,27626.840372,27626.841325,22020096
cpu,27626.841325,27626.842285,22020096
cpu,27626.842285,27626.843258,22020096
cpu,27626.843258,27626.844227,22020096
cpu,27626.844227,27626.845184,22020096
cpu,27626.845185,27626.846136,22020096
cpu,27626.846136,27626.847090,22020096
cpu,27626.847091,27626.848058,22020096
cpu,27626.848058,27626.849018,22020096
cpu,27626.849018,27626.849976,22020096
cpu,27626.849976,27626.850932,22020096
cpu,27626.850932,27626.851896,22020096
cpu,27626.851896,27626.852878,22020096
cpu,27626.852878,27626.853839,22020096
cpu,27626.853839,27626.854814,22020096
cpu,27626.854815,27626.855773,22020096
cpu,27626.855773,27626.856742,22020096
cpu,27626.856742,27626.857694,22020096
cpu,27626.857694,27626.858656,22020096
cpu,27626.858656,27626.859610,22020096
cpu,27626.859610,27626.860578,22020096
cpu,27626.860579,27626.861534,22020096
cpu,27626.861534,27626.862488,22020096
cpu,27626.862489,27626.863454,22020096
cpu,27626.863454,27626.864431,22020096
cpu,27626.864431,27626.865393,22020096
cpu,27626.865393,27626.866347,22020096
cpu,27626.866348,27626.867303,22020096
cpu,27626.867303,27626.868279,22020096
cpu,27626.868279,27626.869231,22020096
cpu,27626.869231,27626.870187,22020096
cpu,27626.870187,27626.871147,22020096
cpu,27626.871148,27626.872124,22020096
cpu,27626.872124,27626.873097,22020096
cpu,27626.873097,27626.874057,22020096
cpu,27626.874058,27626.875013,22020096
cpu,27626.875013,27626.875976,22020096
cpu,27626.875976,27626.876949,22020096
cpu,27626.876950,27626.877908,22020096
cpu,27626.877908,27626.878871,22020096
cpu,27626.878871,27626.879827,22020096
cpu,27626.879828,27626.880805,22020096
cpu,27626.880805,27626.881790,22020096
cpu,27626.881790,27626.882767,22020096
cpu,27626.882767,27626.883776,22020096
cpu,27626.883776,27626.884808,22020096
cpu,27626.884808,27626.885796,22020096
cpu,27626.885796,27626.886747,22020096
cpu,27626.886747,27626.887726,22020096
cpu,27626.887726,27626.888700,22020096
cpu,27626.888700,27626.889658,22020096
cpu,27626.889658,27626.890613,22020096
cpu,27626.890613,27626.891568,22020096
cpu,27626.891568,27626.892543,22020096
cpu,27626.892543,27626.893511,22020096
cpu,27626.893511,27626.894470,22020096
cpu,27626.894470,27626.895430,22020096
cpu,27626.895430,27626.896402,22020096
cpu,27626.896403,27626.897374,22020096
cpu,27626.897375,27626.898333,22020096
cpu,27626.898333,27626.899298,22020096
cpu,27626.899298,27626.900265,22020096
cpu,27626.900265,27626.901221,22020096
cpu,27626.901221,27626.902177,22020096
cpu,27626.902177,27626.903152,22020096
cpu,27626.903152,27626.904120,22020096
cpu,27626.904120,27626.905079,22020096
cpu,27626.905079,27626.906040,22020096
cpu,27626.906041,27626.906996,22020096
cpu,27626.906996,27626.907950,22020096
cpu,27626.907950,27626.908925,22020096
cpu,27626.908925,27626.909892,22020096
cpu,27626.909892,27626.910848,22020096
cpu,27626.910848,27626.911801,22020096
cpu,27626.911801,27626.912768,22020096
cpu,27626.912769,27626.913734,22020096
cpu,27626.913735,27626.914687,22020096
cpu,27626.914687,27626.915654,22020096
cpu,27626.915654,27626.916645,22020096
cpu,27626.916645,27626.917608,22020096
cpu,27626.917608,27626.918573,22020096
cpu,27626.918573,27626.919530,22020096
cpu,27626.919530,27626.920511,22020096
cpu,27626.920511,27626.921472,22020096
cpu,27626.921472,27626.922430,22020096
cpu,27626.922430,27626.923405,22020096
cpu,27626.923405,27626.924382,22020096
cpu,27626.924389,27626.925348,22020096
cpu,27626.925348,27626.926307,22020096
cpu,27626.926308,27626.927262,22020096
cpu,27626.927262,27626.928284,22020096
cpu,27626.928284,27626.929268,22020096
cpu,27626.929269,27626.930248,22020096
cpu,27626.930248,27626.931221,22020096
cpu,27626.931221,27626.932227,22020096
cpu,27626.932227,27626.933187,22020096
cpu,27626.933187,27626.934139,22020096
cpu,27626.934139,27626.935096,22020096
cpu,27626.935096,27626.936064,22020096
cpu,27626.936065,27626.937022,22020096
cpu,27626.937023,27626.937993,22020096
cpu,27626.937993,27626.938954,22020096
cpu,27626.938955,27626.939917,22020096
cpu,27626.939918,27626.940885,22020096
cpu,27626.940885,27626.941843,22020096
cpu,27626.941843,27626.942799,22020096
cpu,27626.942799,27626.943773,22020096
cpu,27626.943773,27626.944745,22020096
cpu,27626.944745,27626.945707,22020096
cpu,27626.945707,27626.946665,22020096
cpu,27626.946665,27626.947619,22020096
cpu,27626.947620,27626.948606,22020096
cpu,27626.948606,27626.949557,22020096
cpu,27626.949558,27626.950513,22020096
cpu,27626.950514,27626.951468,22020096
cpu,27626.951468,27626.952448,22020096
cpu,27626.952448,27626.953415,22020096
cpu,27626.953415,27626.954374,22020096
cpu,27626.954375,27626.955339,22020096
cpu,27626.955340,27626.956315,22020096
cpu,27626.956316,27626.957286,22020096
cpu,27626.957287,27626.958248,22020096
cpu,27626.958248,27626.959212,22020096
cpu,27626.959212,27626.960186,22020096
cpu,27626.960186,27626.961140,22020096
cpu,27626.961141,27626.962099,22020096
cpu,27626.962099,27626.963059,22020096
cpu,27626.963059,27626.964042,22020096
cpu,27626.964042,27626.965000,22020096
cpu,27626.965001,27626.965960,22020096
cpu,27626.965961,27626.966915,22020096
cpu,27626.966915,27626.967870,22020096
cpu,27626.967870,27626.968840,22020096
cpu,27626.968840,27626.969791,22020096
cpu,27626.969791,27626.970749,22020096
cpu,27626.970749,27626.971702,22020096
cpu,27626.971702,27626.972696,22020096
cpu,27626.972696,27626.973672,22020096
cpu,27626.973672,27626.974709,22020096
cpu,27626.974710,27626.975757,22020096
cpu,27626.975757,27626.976769,22020096
cpu,27626.976769,27626.977749,22020096
cpu,27626.977749,27626.978762,22020096
cpu,27626.978762,27626.979717,22020096
cpu,27626.979718,27626.980691,22020096
cpu,27626.980692,27626.981655,22020096
cpu,27626.981655,27626.982617,22020096
cpu,27626.982617,27626.983576,22020096
cpu,27626.983576,27626.984550,22020096
cpu,27626.984550,27626.985509,22020096
cpu,27626.985509,27626.986460,22020096
cpu,27626.986460,27626.987422,22020096
cpu,27626.987422,27626.988399,22020096
cpu,27626.988399,27626.989367,22020096
cpu,27626.989367,27626.990324,22020096
cpu,27626.990325,27626.991286,22020096
cpu,27626.991286,27626.992263,22020096
cpu,27626.992263,27626.993219,22020096
cpu,27626.993219,27626.994200,22020096
cpu,27626.994200,27626.995153,22020096
cpu,27626.995153,27626.996127,22020096
cpu,27626.996127,27626.997086,22020096
cpu,27626.997086,27626.998051,22020096
cpu,27626.998051,27626.999013,22020096
cpu,27626.999013,27626.999967,22020096
cpu,27626.999967,27627.000940,22020096
cpu,27627.000940,27627.001895,22020096
cpu,27627.001896,27627.002852,22020096
cpu,27627.002852,27627.003824,22020096
cpu,27627.003824,27627.004801,22020096
cpu,27627.004801,27627.005760,22020096
cpu,27627.005760,27627.006716,22020096
cpu,27627.006716,27627.007678,22020096
cpu,27627.007678,27627.008643,22020096
cpu,27627.008644,27627.009600,22020096
cpu,27627.009601,27627.010553,22020096
cpu,27627.010553,27627.011512,22020096
cpu,27627.011512,27627.012483,22020096
cpu,27627.012483,27627.013435,22020096
cpu,27627.013435,27627.014406,22020096
cpu,27627.014406,27627.015360,22020096
cpu,27627.015360,27627.016335,22020096
cpu,27627.016335,27627.017293,22020096
cpu,27627.017293,27627.018254,22020096
cpu,27627.018254,27627.019216,22020096
cpu,27627.019216,27627.020186,22020096
cpu,27627.020186,27627.021171,22020096
cpu,27627.021171,27627.022133,22020096
cpu,27627.022134,27627.023126,22020096
cpu,27627.023126,27627.024123,22020096
cpu,27627.024123,27627.025105,22020096
cpu,27627.025105,27627.026054,22020096
cpu,27627.026054,27627.027012,22020096
cpu,27627.027012,27627.027974,22020096
cpu,27627.027974,27627.028946,22020096
cpu,27627.028946,27627.029900,22020096
cpu,27627.029900,27627.030859,22020096
cpu,27627.030859,27627.031817,22020096
cpu,27627.031817,27627.032792,22020096
cpu,27627.032792,27627.033766,22020096
cpu,27627.033766,27627.034732,22020096
cpu,27627.034732,27627.035682,22020096
cpu,27627.035682,27627.036649,22020096
cpu,27627.036649,27627.037604,22020096
cpu,27627.037605,27627.038561,22020096
cpu,27627.038561,27627.039521,22020096
cpu,27627.039521,27627.040492,22020096
cpu,27627.040493,27627.041452,22020096
cpu,27627.041452,27627.042405,22020096
cpu,27627.042405,27627.043359,22020096
cpu,27627.043359,27627.044340,22020096
cpu,27627.044340,27627.045321,22020096
cpu,27627.045321,27627.046277,22020096
cpu,27627.046277,27627.047229,22020096
cpu,27627.047229,27627.048204,22020096
cpu,27627.048204,27627.049163,22020096
cpu,27627.049163,27627.050123,22020096
cpu,27627.050123,27627.051077,22020096
cpu,27627.051077,27627.052051,22020096
cpu,27627.052052,27627.053007,22020096
cpu,27627.053007,27627.053964,22020096
cpu,27627.053965,27627.054920,22020096
cpu,27627.054920,27627.055869,22020096
cpu,27627.055869,27627.056846,22020096
cpu,27627.056846,27627.057801,22020096
cpu,27627.057801,27627.058763,22020096
cpu,27627.058763,27627.059720,22020096
cpu,27627.059720,27627.060686,22020096
cpu,27627.060686,27627.061648,22020096
cpu,27627.061648,27627.062602,22020096
cpu,27627.062602,27627.063559,22020096
cpu,27627.063559,27627.064548,22020096
cpu,27627.064548,27627.065506,22020096
cpu,27627.065506,27627.066461,22020096
cpu,27627.066461,27627.067415,22020096
cpu,27627.067416,27627.068456,22020096
cpu,27627.068457,27627.069431,22020096
cpu,27627.069431,27627.070429,22020096
cpu,27627.070429,27627.071402,22020096
cpu,27627.071403,27627.072407,22020096
cpu,27627.072407,27627.073362,22020096
cpu,27627.073362,27627.074330,22020096
cpu,27627.074330,27627.075288,22020096
cpu,27627.075288,27627.076258,22020096
cpu,27627.076258,27627.077212,22020096
cpu,27627.077213,27627.078171,22020096
cpu,27627.078171,27627.079124,22020096
cpu,27627.079124,27627.080099,22020096
cpu,27627.080099,27627.081051,22020096
cpu,27627.081051,27627.082006,22020096
cpu,27627.082006,27627.082961,22020096
cpu,27627.082961,27627.083916,22020096
cpu,27627.083916,27627.084902,22020096
cpu,27627.084902,27627.085856,22020096
cpu,27627.085856,27627.086813,22020096
cpu,27627.086813,27627.087764,22020096
cpu,27627.087764,27627.088735,22020096
cpu,27627.088741,27627.089697,22020096
cpu,27627.089697,27627.090657,22020096
cpu,27627.090657,27627.091614,22020096
cpu,27627.091614,27627.092577,22020096
cpu,27627.092578,27627.093532,22020096
cpu,27627.093532,27627.094517,22020096
cpu,27627.094517,27627.095472,22020096
cpu,27627.095472,27627.096445,22020096
cpu,27627.096446,27627.097403,22020096
cpu,27627.097403,27627.098360,22020096
cpu,27627.098361,27627.099317,22020096
cpu,27627.099317,27627.100291,22020096
cpu,27627.100291,27627.101242,22020096
cpu,27627.101242,27627.102196,22020096
cpu,27627.102196,27627.103151,22020096
cpu,27627.103151,27627.104129,22020096
cpu,27627.104130,27627.105109,22020096
cpu,27627.105109,27627.106066,22020096
cpu,27627.106066,27627.107022,22020096
cpu,27627.107022,27627.107981,22020096
cpu,27627.107981,27627.108954,22020096
cpu,27627.108955,27627.109910,22020096
cpu,27627.109910,27627.110863,22020096
cpu,27627.110863,27627.111814,22020096
cpu,27627.111814,27627.112783,22020096
cpu,27627.112783,27627.113739,22020096
cpu,27627.113739,27627.114728,22020096
cpu,27627.114729,27627.115795,22020096
cpu,27627.115795,27627.116796,22020096
cpu,27627.116797,27627.117770,22020096
cpu,27627.117770,27627.118783,22020096
cpu,27627.118783,27627.119743,22020096
cpu,27627.119743,27627.120720,22020096
cpu,27627.120720,27627.121676,22020096
cpu,27627.121676,27627.122635,22020096
cpu,27627.122635,27627.123589,22020096
cpu,27627.123589,27627.124573,22020096
cpu,27627.124573,27627.125535,22020096
cpu,27627.125535,27627.126493,22020096
cpu,27627.126493,27627.127456,22020096
cpu,27627.127456,27627.128425,22020096
cpu,27627.128425,27627.129395,22020096
cpu,27627.129395,27627.130352,22020096
cpu,27627.130352,27627.131313,22020096
cpu,27627.131313,27627.132298,22020096
cpu,27627.132298,27627.133253,22020096
cpu,27627.133253,27627.134235,22020096
cpu,27627.134235,27627.135193,22020096
cpu,27627.135194,27627.136163,22020096
cpu,27627.136163,27627.137121,22020096
cpu,27627.137121,27627.138084,22020096
cpu,27627.138084,27627.139042,22020096
cpu,27627.139042,27627.140000,22020096
cpu,27627.140000,27627.140970,22020096
cpu,27627.140970,27627.141922,22020096
cpu,27627.141923,27627.142880,22020096
cpu,27627.142881,27627.143837,22020096
cpu,27627.143837,27627.144818,22020096
cpu,27627.144818,27627.145778,22020096
cpu,27627.145778,27627.146736,22020096
cpu,27627.146736,27627.147692,22020096
cpu,27627.147692,27627.148658,22020096
cpu,27627.148658,27627.149613,22020096
cpu,27627.149613,27627.150568,22020096
cpu,27627.150569,27627.151528,22020096
cpu,27627.151528,27627.152520,22020096
cpu,27627.152520,27627.153475,22020096
cpu,27627.153475,27627.154433,22020096
cpu,27627.154433,27627.155409,22020096
cpu,27627.155409,27627.156385,22020096
cpu,27627.156385,27627.157342,22020096
cpu,27627.157342,27627.158302,22020096
cpu,27627.158302,27627.159252,22020096
cpu,27627.159252,27627.160226,22020096
cpu,27627.160226,27627.161184,22020096
cpu,27627.161184,27627.162163,22020096
cpu,27627.162163,27627.163144,22020096
cpu,27627.163144,27627.164137,22020096
cpu,27627.164137,27627.165124,22020096
cpu,27627.165124,27627.166119,22020096
cpu,27627.166119,27627.167082,22020096
cpu,27627.167082,27627.168066,22020096
cpu,27627.168066,27627.169020,22020096
cpu,27627.169020,27627.169979,22020096
cpu,27627.169979,27627.170939,22020096
cpu,27627.170939,27627.171902,22020096
cpu,27627.171902,27627.172878,22020096
cpu,27627.172878,27627.173841,22020096
cpu,27627.173841,27627.174810,22020096
cpu,27627.174810,27627.175763,22020096
cpu,27627.175763,27627.176729,22020096
cpu,27627.176730,27627.177684,22020096
cpu,27627.177684,27627.178644,22020096
cpu,27627.178644,27627.179600,22020096
cpu,27627.179600,27627.180576,22020096
cpu,27627.180576,27627.181529,22020096
cpu,27627.181529,27627.182488,22020096
cpu,27627.182488,27627.183449,22020096
cpu,27627.183449,27627.184422,22020096
cpu,27627.184422,27627.185405,22020096
cpu,27627.185405,27627.186361,22020096
cpu,27627.186361,27627.187313,22020096
cpu,27627.187313,27627.188282,22020096
cpu,27627.188283,27627.189235,22020096
cpu,27627.189235,27627.190190,22020096
cpu,27627.190191,27627.191144,22020096
cpu,27627.191145,27627.192118,22020096
cpu,27627.192119,27627.193073,22020096
cpu,27627.193073,27627.194026,22020096
cpu,27627.194026,27627.194983,22020096
cpu,27627.194983,27627.195960,22020096
cpu,27627.195961,27627.196934,22020096
cpu,27627.196934,27627.197887,22020096
cpu,27627.197888,27627.198838,22020096
cpu,27627.198838,27627.199793,22020096
cpu,27627.199793,27627.200764,22020096
cpu,27627.200764,27627.201716,22020096
cpu,27627.201716,27627.202668,22020096
cpu,27627.202668,27627.203671,22020096
cpu,27627.203671,27627.204645,22020096
cpu,27627.204645,27627.205636,22020096
cpu,27627.205636,27627.206599,22020096
cpu,27627.206599,27627.207564,22020096
cpu,27627.207564,27627.208553,22020096
cpu,27627.208553,27627.209522,22020096
cpu,27627.209522,27627.210519,22020096
cpu,27627.210519,27627.211487,22020096
cpu,27627.211487,27627.212458,22020096
cpu,27627.212458,27627.213420,22020096
cpu,27627.213420,27627.214373,22020096
cpu,27627.214373,27627.215336,22020096
cpu,27627.215336,27627.216300,22020096
cpu,27627.216300,27627.217264,22020096
cpu,27627.217264,27627.218222,22020096
cpu,27627.218223,27627.219194,22020096
cpu,27627.219194,27627.220171,22020096
cpu,27627.220171,27627.221132,22020096
cpu,27627.221132,27627.222099,22020096
cpu,27627.222099,27627.223058,22020096
cpu,27627.223058,27627.224037,22020096
cpu,27627.224037,27627.225001,22020096
cpu,27627.225002,27627.225957,22020096
cpu,27627.225957,27627.226918,22020096
cpu,27627.226918,27627.227880,22020096
cpu,27627.227881,27627.228862,22020096
cpu,27627.228862,27627.229820,22020096
cpu,27627.229820,27627.230780,22020096
cpu,27627.230780,27627.231743,22020096
cpu,27627.231743,27627.232719,22020096
cpu,27627.232719,27627.233675,22020096
cpu,27627.233675,27627.234637,22020096
cpu,27627.234638,27627.235614,22020096
cpu,27627.235615,27627.236587,22020096
cpu,27627.236587,27627.237558,22020096
cpu,27627.237559,27627.238516,22020096
cpu,27627.238516,27627.239473,22020096
cpu,27627.239473,27627.240446,22020096
cpu,27627.240446,27627.241402,22020096
cpu,27627.241402,27627.242361,22020096
cpu,27627.242362,27627.243313,22020096
cpu,27627.243314,27627.244285,22020096
cpu,27627.244285,27627.245246,22020096
cpu,27627.245246,27627.246206,22020096
cpu,27627.246207,27627.247164,22020096
cpu,27627.247164,27627.248139,22020096
cpu,27627.248139,27627.249093,22020096
cpu,27627.249093,27627.250045,22020096
cpu,27627.250046,27627.251002,22020096
cpu,27627.251002,27627.251958,22020096
cpu,27627.251958,27627.252929,22020096
cpu,27627.252930,27627.253884,22020096
cpu,27627.253890,27627.254880,22020096
cpu,27627.254880,27627.255894,22020096
cpu,27627.255894,27627.256923,22020096
cpu,27627.256923,27627.257892,22020096
cpu,27627.257893,27627.258880,22020096
cpu,27627.258880,27627.259842,22020096
cpu,27627.259842,27627.260816,22020096
cpu,27627.260816,27627.261768,22020096
cpu,27627.261768,27627.262728,22020096
cpu,27627.262728,27627.263679,22020096
cpu,27627.263679,27627.264655,22020096
cpu,27627.264655,27627.265635,22020096
cpu,27627.265635,27627.266597,22020096
cpu,27627.266597,27627.267553,22020096
cpu,27627.267553,27627.268520,22020096
cpu,27627.268521,27627.269475,22020096
cpu,27627.269475,27627.270433,22020096
cpu,27627.270433,27627.271386,22020096
cpu,27627.271386,27627.272354,22020096
cpu,27627.272354,27627.273308,22020096
cpu,27627.273308,27627.274268,22020096
cpu,27627.274268,27627.275226,22020096
cpu,27627.275226,27627.276219,22020096
cpu,27627.276220,27627.277171,22020096
cpu,27627.277171,27627.278128,22020096
cpu,27627.278128,27627.279083,22020096
cpu,27627.279084,27627.280061,22020096
cpu,27627.280061,27627.281016,22020096
cpu,27627.281016,27627.281966,22020096
cpu,27627.281966,27627.282931,22020096
cpu,27627.282931,27627.283883,22020096
cpu,27627.283883,27627.284856,22020096
cpu,27627.284856,27627.285847,22020096
cpu,27627.285847,27627.286807,22020096
cpu,27627.286808,27627.287764,22020096
cpu,27627.287764,27627.288734,22020096
cpu,27627.288734,27627.289693,22020096
cpu,27627.289693,27627.290640,22020096
cpu,27627.290640,27627.291594,22020096
cpu,27627.291594,27627.292560,22020096
cpu,27627.292560,27627.293519,22020096
cpu,27627.293519,27627.294476,22020096
cpu,27627.294477,27627.295441,22020096
cpu,27627.295441,27627.296417,22020096
cpu,27627.296417,27627.297371,22020096
cpu,27627.297371,27627.298325,22020096
cpu,27627.298326,27627.299276,22020096
cpu,27627.299276,27627.300253,22020096
cpu,27627.300253,27627.301248,22020096
cpu,27627.301248,27627.302214,22020096
cpu,27627.302214,27627.303178,22020096
cpu,27627.303178,27627.304158,22020096
cpu,27627.304159,27627.305161,22020096
cpu,27627.305162,27627.306118,22020096
cpu,27627.306119,27627.307082,22020096
cpu,27627.307083,27627.308056,22020096
cpu,27627.308056,27627.309009,22020096
cpu,27627.309009,27627.309968,22020096
cpu,27627.309968,27627.310920,22020096
cpu,27627.310920,27627.311878,22020096
cpu,27627.311878,27627.312848,22020096
cpu,27627.312848,27627.313807,22020096
cpu,27627.313808,27627.314761,22020096
cpu,27627.314761,27627.315729,22020096
cpu,27627.315730,27627.316702,22020096
cpu,27627.316703,27627.317667,22020096
cpu,27627.317667,27627.318625,22020096
cpu,27627.318625,27627.319584,22020096
cpu,27627.319584,27627.320567,22020096
cpu,27627.320568,27627.321527,22020096
cpu,27627.321527,27627.322520,22020096
cpu,27627.322520,27627.323483,22020096
cpu,27627.323483,27627.324472,22020096
cpu,27627.324472,27627.325430,22020096
cpu,27627.325430,27627.326404,22020096
cpu,27627.326404,27627.327367,22020096
cpu,27627.327367,27627.328339,22020096
cpu,27627.328339,27627.329289,22020096
cpu,27627.329289,27627.330251,22020096
cpu,27627.330251,27627.331208,22020096
cpu,27627.331208,27627.332181,22020096
cpu,27627.332181,27627.333138,22020096
cpu,27627.333138,27627.334096,22020096
cpu,27627.334096,27627.335056,22020096
cpu,27627.335056,27627.336041,22020096
cpu,27627.336041,27627.337002,22020096
cpu,27627.337002,27627.337957,22020096
cpu,27627.337957,27627.338912,22020096
cpu,27627.338912,27627.339870,22020096
cpu,27627.339871,27627.340855,22020096
cpu,27627.340855,27627.341816,22020096
cpu,27627.341817,27627.342779,22020096
cpu,27627.342779,27627.343750,22020096
cpu,27627.343750,27627.344716,22020096
cpu,27627.344716,27627.345673,22020096
cpu,27627.345673,27627.346660,22020096
cpu,27627.346660,27627.347618,22020096
cpu,27627.347618,27627.348622,22020096
cpu,27627.348622,27627.349614,22020096
cpu,27627.349614,27627.350589,22020096
cpu,27627.350590,27627.351552,22020096
cpu,27627.351553,27627.352545,22020096
cpu,27627.352545,27627.353500,22020096
cpu,27627.353500,27627.354461,22020096
cpu,27627.354461,27627.355427,22020096
cpu,27627.355427,27627.356415,22020096
cpu,27627.356415,27627.357375,22020096
cpu,27627.357375,27627.358329,22020096
cpu,27627.358329,27627.359288,22020096
cpu,27627.359288,27627.360261,22020096
cpu,27627.360261,27627.361218,22020096
cpu,27627.361218,27627.362179,22020096
cpu,27627.362180,27627.363135,22020096
cpu,27627.363135,27627.364110,22020096
cpu,27627.364110,27627.365064,22020096
cpu,27627.365064,27627.366031,22020096
cpu,27627.366031,27627.366985,22020096
cpu,27627.366986,27627.367944,22020096
cpu,27627.367944,27627.368912,22020096
cpu,27627.368913,27627.369867,22020096
cpu,27627.369867,27627.370823,22020096
cpu,27627.370823,27627.371781,22020096
cpu,27627.371781,27627.372753,22020096
cpu,27627.372753,27627.373705,22020096
cpu,27627.373705,27627.374665,22020096
cpu,27627.374665,27627.375624,22020096
cpu,27627.375624,27627.376593,22020096
cpu,27627.376593,27627.377548,22020096
cpu,27627.377548,27627.378502,22020096
cpu,27627.378503,27627.379460,22020096
cpu,27627.379460,27627.380428,22020096
cpu,27627.380428,27627.381385,22020096
cpu,27627.381386,27627.382345,22020096
cpu,27627.382345,27627.383298,22020096
cpu,27627.383298,27627.384266,22020096
cpu,27627.384266,27627.385215,22020096
cpu,27627.385216,27627.386180,22020096
cpu,27627.386180,27627.387133,22020096
cpu,27627.387133,27627.388106,22020096
cpu,27627.388106,27627.389072,22020096
cpu,27627.389072,27627.390026,22020096
cpu,27627.390026,27627.390984,22020096
cpu,27627.390984,27627.391937,22020096
cpu,27627.391937,27627.392906,22020096
cpu,27627.392906,27627.393863,22020096
cpu,27627.393863,27627.394847,22020096
cpu,27627.394847,27627.395843,22020096
cpu,27627.395843,27627.396872,22020096
cpu,27627.396872,27627.397855,22020096
cpu,27627.397855,27627.398856,22020096
cpu,27627.398857,27627.399816,22020096
cpu,27627.399816,27627.400786,22020096
cpu,27627.400786,27627.401748,22020096
cpu,27627.401748,27627.402710,22020096
cpu,27627.402710,27627.403663,22020096
cpu,27627.403664,27627.404643,22020096
cpu,27627.404643,27627.405601,22020096
cpu,27627.405601,27627.406574,22020096
cpu,27627.406574,27627.407529,22020096
cpu,27627.407529,27627.408503,22020096
cpu,27627.408503,27627.409460,22020096
cpu,27627.409460,27627.410416,22020096
cpu,27627.410416,27627.411374,22020096
cpu,27627.411374,27627.412353,22020096
cpu,27627.412353,27627.413314,22020096
cpu,27627.413314,27627.414271,22020096
cpu,27627.414271,27627.415230,22020096
cpu,27627.415230,27627.416200,22020096
cpu,27627.416201,27627.417183,22020096
cpu,27627.417183,27627.418144,22020096
cpu,27627.418144,27627.419098,22020096
cpu,27627.419105,27627.420081,22020096
cpu,27627.420081,27627.421038,22020096
cpu,27627.421038,27627.421998,22020096
cpu,27627.421998,27627.422956,22020096
cpu,27627.422956,27627.423910,22020096
cpu,27627.423910,27627.424880,22020096
cpu,27627.424880,27627.425836,22020096
cpu,27627.425836,27627.426812,22020096
cpu,27627.426812,27627.427768,22020096
cpu,27627.427768,27627.428739,22020096
cpu,27627.428739,27627.429693,22020096
cpu,27627.429694,27627.430646,22020096
cpu,27627.430646,27627.431603,22020096
cpu,27627.431604,27627.432572,22020096
cpu,27627.432573,27627.433527,22020096
cpu,27627.433528,27627.434479,22020096
cpu,27627.434480,27627.435434,22020096
cpu,27627.435434,27627.436410,22020096
cpu,27627.436410,27627.437378,22020096
cpu,27627.437378,27627.438337,22020096
cpu,27627.438337,27627.439290,22020096
cpu,27627.439290,27627.440261,22020096
cpu,27627.440261,27627.441212,22020096
cpu,27627.441212,27627.442242,22020096
cpu,27627.442242,27627.443246,22020096
cpu,27627.443246,27627.444233,22020096
cpu,27627.444233,27627.445237,22020096
cpu,27627.445237,27627.446199,22020096
cpu,27627.446200,27627.447184,22020096
cpu,27627.447185,27627.448154,22020096
cpu,27627.448155,27627.449112,22020096
cpu,27627.449113,27627.450071,22020096
cpu,27627.450071,27627.451022,22020096
cpu,27627.451022,27627.451981,22020096
cpu,27627.451981,27627.452954,22020096
cpu,27627.452954,27627.453911,22020096
cpu,27627.453912,27627.454866,22020096
cpu,27627.454867,27627.455826,22020096
cpu,27627.455826,27627.456825,22020096
cpu,27627.456825,27627.457802,22020096
cpu,27627.457802,27627.458759,22020096
cpu,27627.458759,27627.459711,22020096
cpu,27627.459711,27627.460694,22020096
cpu,27627.460695,27627.461649,22020096
cpu,27627.461650,27627.462609,22020096
cpu,27627.462609,27627.463571,22020096
cpu,27627.463571,27627.464537,22020096
cpu,27627.464537,27627.465496,22020096
cpu,27627.465496,27627.466453,22020096
cpu,27627.466453,27627.467424,22020096
cpu,27627.467424,27627.468443,22020096
cpu,27627.468443,27627.469403,22020096
cpu,27627.469403,27627.470364,22020096
cpu,27627.470364,27627.471337,22020096
cpu,27627.471337,27627.472309,22020096
cpu,27627.472309,27627.473264,22020096
cpu,27627.473264,27627.474224,22020096
cpu,27627.474224,27627.475184,22020096
cpu,27627.475184,27627.476155,22020096
cpu,27627.476155,27627.477144,22020096
cpu,27627.477144,27627.478096,22020096
cpu,27627.478096,27627.479052,22020096
cpu,27627.479052,27627.480025,22020096
cpu,27627.480026,27627.480988,22020096
cpu,27627.480988,27627.481946,22020096
cpu,27627.481946,27627.482904,22020096
cpu,27627.482904,27627.483863,22020096
cpu,27627.483863,27627.484832,22020096
cpu,27627.484833,27627.485792,22020096
cpu,27627.485793,27627.486753,22020096
cpu,27627.486753,27627.487711,22020096
cpu,27627.487711,27627.488713,22020096
cpu,27627.488713,27627.489711,22020096
cpu,27627.489712,27627.490686,22020096
cpu,27627.490686,27627.491665,22020096
cpu,27627.491665,27627.492665,22020096
cpu,27627.492665,27627.493626,22020096
cpu,27627.493626,27627.494588,22020096
cpu,27627.494588,27627.495548,22020096
cpu,27627.495548,27627.496516,22020096
cpu,27627.496517,27627.497482,22020096
cpu,27627.497482,27627.498436,22020096
cpu,27627.498436,27627.499390,22020096
cpu,27627.499391,27627.500364,22020096
cpu,27627.500364,27627.501322,22020096
cpu,27627.501322,27627.502276,22020096
cpu,27627.502276,27627.503229,22020096
cpu,27627.503229,27627.504211,22020096
cpu,27627.504212,27627.505163,22020096
cpu,27627.505163,27627.506117,22020096
cpu,27627.506117,27627.507092,22020096
cpu,27627.507092,27627.508070,22020096
cpu,27627.508070,27627.509027,22020096
cpu,27627.509028,27627.509984,22020096
cpu,27627.509984,27627.510938,22020096
cpu,27627.510938,27627.511894,22020096
cpu,27627.511894,27627.512864,22020096
cpu,27627.512864,27627.513821,22020096
cpu,27627.513821,27627.514805,22020096
cpu,27627.514805,27627.515760,22020096
cpu,27627.515761,27627.516727,22020096
cpu,27627.516728,27627.517700,22020096
cpu,27627.517700,27627.518654,22020096
cpu,27627.518654,27627.519607,22020096
cpu,27627.519607,27627.520580,22020096
cpu,27627.520581,27627.521538,22020096
cpu,27627.521539,27627.522493,22020096
cpu,27627.522493,27627.523445,22020096
cpu,27627.523445,27627.524421,22020096
cpu,27627.524421,27627.525375,22020096
cpu,27627.525375,27627.526329,22020096
cpu,27627.526330,27627.527303,22020096
cpu,27627.527303,27627.528278,22020096
cpu,27627.528278,27627.529232,22020096
cpu,27627.529233,27627.530194,22020096
cpu,27627.530194,27627.531152,22020096
cpu,27627.531153,27627.532128,22020096
cpu,27627.532128,27627.533088,22020096
cpu,27627.533088,27627.534046,22020096
cpu,27627.534047,27627.535071,22020096
cpu,27627.535071,27627.536092,22020096
cpu,27627.536093,27627.537067,22020096
cpu,27627.537067,27627.538074,22020096
cpu,27627.538074,27627.539072,22020096
cpu,27627.539072,27627.540041,22020096
cpu,27627.540042,27627.541002,22020096
cpu,27627.541002,27627.541961,22020096
cpu,27627.541961,27627.542916,22020096
cpu,27627.542916,27627.543874,22020096
cpu,27627.543874,27627.544848,22020096
cpu,27627.544849,27627.545812,22020096
cpu,27627.545813,27627.546769,22020096
cpu,27627.546769,27627.547741,22020096
cpu,27627.547741,27627.548721,22020096
cpu,27627.548721,27627.549677,22020096
cpu,27627.549677,27627.550634,22020096
cpu,27627.550634,27627.551592,22020096
cpu,27627.551592,27627.552570,22020096
cpu,27627.552570,27627.553542,22020096
cpu,27627.553542,27627.554501,22020096
cpu,27627.554501,27627.555464,22020096
cpu,27627.555465,27627.556442,22020096
cpu,27627.556442,27627.557420,22020096
cpu,27627.557420,27627.558381,22020096
cpu,27627.558381,27627.559342,22020096
cpu,27627.559342,27627.560319,22020096
cpu,27627.560319,27627.561276,22020096
cpu,27627.561276,27627.562234,22020096
cpu,27627.562234,27627.563189,22020096
cpu,27627.563189,27627.564159,22020096
cpu,27627.564159,27627.565117,22020096
cpu,27627.565118,27627.566088,22020096
cpu,27627.566089,27627.567043,22020096
cpu,27627.567043,27627.567996,22020096
cpu,27627.567996,27627.568969,22020096
cpu,27627.568969,27627.569928,22020096
cpu,27627.569929,27627.570878,22020096
cpu,27627.570878,27627.571856,22020096
cpu,27627.571856,27627.572833,22020096
cpu,27627.572834,27627.573799,22020096
cpu,27627.573799,27627.574756,22020096
cpu,27627.574756,27627.575713,22020096
cpu,27627.575714,27627.576696,22020096
cpu,27627.576696,27627.577657,22020096
cpu,27627.577658,27627.578620,22020096
cpu,27627.578620,27627.579579,22020096
cpu,27627.579579,27627.580551,22020096
cpu,27627.580551,27627.581527,22020096
cpu,27627.581527,27627.582501,22020096
cpu,27627.582501,27627.583494,22020096
cpu,27627.583500,27627.584481,22020096
cpu,27627.584481,27627.585467,22020096
cpu,27627.585467,27627.586424,22020096
cpu,27627.586424,27627.587398,22020096
cpu,27627.587398,27627.588396,22020096
cpu,27627.588396,27627.589347,22020096
cpu,27627.589347,27627.590301,22020096
cpu,27627.590302,27627.591256,22020096
cpu,27627.591257,27627.592218,22020096
cpu,27627.592219,27627.593170,22020096
cpu,27627.593170,27627.594132,22020096
cpu,27627.594132,27627.595090,22020096
cpu,27627.595090,27627.596065,22020096
cpu,27627.596065,27627.597024,22020096
cpu,27627.597024,27627.597992,22020096
cpu,27627.597992,27627.598948,22020096
cpu,27627.598948,27627.599903,22020096
cpu,27627.599903,27627.600882,22020096
cpu,27627.600883,27627.601843,22020096
cpu,27627.601843,27627.602800,22020096
cpu,27627.602800,27627.603759,22020096
cpu,27627.603760,27627.604728,22020096
cpu,27627.604728,27627.605680,22020096
cpu,27627.605680,27627.606636,22020096
cpu,27627.606637,27627.607625,22020096
cpu,27627.607626,27627.608609,22020096
cpu,27627.608609,27627.609580,22020096
cpu,27627.609580,27627.610541,22020096
cpu,27627.610541,27627.611498,22020096
cpu,27627.611498,27627.612475,22020096
cpu,27627.612475,27627.613433,22020096
cpu,27627.613434,27627.614396,22020096
cpu,27627.614396,27627.615355,22020096
cpu,27627.615355,27627.616372,22020096
cpu,27627.616373,27627.617327,22020096
cpu,27627.617328,27627.618304,22020096
cpu,27627.618304,27627.619265,22020096
cpu,27627.619265,27627.620233,22020096
cpu,27627.620234,27627.621192,22020096
cpu,27627.621192,27627.622149,22020096
cpu,27627.622149,27627.623099,22020096
cpu,27627.623099,27627.624067,22020096
cpu,27627.624068,27627.625021,22020096
cpu,27627.625021,27627.625976,22020096
cpu,27627.625977,27627.626935,22020096
cpu,27627.626935,27627.627892,22020096
cpu,27627.627893,27627.628881,22020096
cpu,27627.628882,27627.629856,22020096
cpu,27627.629856,27627.630861,22020096
cpu,27627.630861,27627.631862,22020096
cpu,27627.631862,27627.632870,22020096
cpu,27627.632870,27627.633824,22020096
cpu,27627.633824,27627.634783,22020096
cpu,27627.634783,27627.635746,22020096
cpu,27627.635746,27627.636721,22020096
cpu,27627.636721,27627.637681,22020096
cpu,27627.637681,27627.638665,22020096
cpu,27627.638665,27627.639621,22020096
cpu,27627.639621,27627.640590,22020096
cpu,27627.640590,27627.641552,22020096
cpu,27627.641552,27627.642514,22020096
cpu,27627.642514,27627.643468,22020096
cpu,27627.643468,27627.644435,22020096
cpu,27627.644435,27627.645384,22020096
cpu,27627.645384,27627.646351,22020096
cpu,27627.646351,27627.647303,22020096
cpu,27627.647303,27627.648272,22020096
cpu,27627.648272,27627.649227,22020096
cpu,27627.649227,27627.650178,22020096
cpu,27627.650178,27627.651133,22020096
cpu,27627.651133,27627.652096,22020096
cpu,27627.652096,27627.653050,22020096
cpu,27627.653051,27627.654005,22020096
cpu,27627.654005,27627.654961,22020096
cpu,27627.654961,27627.655917,22020096
cpu,27627.655917,27627.656887,22020096
cpu,27627.656887,27627.657844,22020096
cpu,27627.657844,27627.658794,22020096
cpu,27627.658794,27627.659749,22020096
cpu,27627.659749,27627.660718,22020096
cpu,27627.660719,27627.661678,22020096
cpu,27627.661678,27627.662631,22020096
cpu,27627.662631,27627.663580,22020096
cpu,27627.663580,27627.664548,22020096
cpu,27627.664548,27627.665505,22020096
cpu,27627.665505,27627.666464,22020096
cpu,27627.666464,27627.667415,22020096
cpu,27627.667415,27627.668415,22020096
cpu,27627.668415,27627.669375,22020096
cpu,27627.669375,27627.670326,22020096
cpu,27627.670326,27627.671295,22020096
cpu,27627.671295,27627.672263,22020096
cpu,27627.672263,27627.673218,22020096
cpu,27627.673218,27627.674175,22020096
cpu,27627.674176,27627.675163,22020096
cpu,27627.675163,27627.676182,22020096
cpu,27627.676182,27627.677188,22020096
cpu,27627.677188,27627.678168,22020096
cpu,27627.678168,27627.679131,22020096
cpu,27627.679131,27627.680102,22020096
cpu,27627.680102,27627.681053,22020096
cpu,27627.681054,27627.682011,22020096
cpu,27627.682012,27627.682972,22020096
cpu,27627.682972,27627.683929,22020096
cpu,27627.683929,27627.684907,22020096
cpu,27627.684907,27627.685862,22020096
cpu,27627.685862,27627.686818,22020096
cpu,27627.686819,27627.687772,22020096
cpu,27627.687772,27627.688773,22020096
cpu,27627.688773,27627.689734,22020096
cpu,27627.689734,27627.690685,22020096
cpu,27627.690685,27627.691640,22020096
cpu,27627.691641,27627.692610,22020096
cpu,27627.692610,27627.693568,22020096
cpu,27627.693569,27627.694526,22020096
cpu,27627.694526,27627.695481,22020096
cpu,27627.695481,27627.696455,22020096
cpu,27627.696456,27627.697409,22020096
cpu,27627.697409,27627.698383,22020096
cpu,27627.698383,27627.699335,22020096
cpu,27627.699335,27627.700308,22020096
cpu,27627.700308,27627.701263,22020096
cpu,27627.701263,27627.702218,22020096
cpu,27627.702218,27627.703173,22020096
cpu,27627.703173,27627.704144,22020096
cpu,27627.704144,27627.705100,22020096
cpu,27627.705100,27627.706055,22020096
cpu,27627.706056,27627.707020,22020096
cpu,27627.707020,27627.707977,22020096
cpu,27627.707977,27627.708970,22020096
cpu,27627.708971,27627.709931,22020096
cpu,27627.709931,27627.710882,22020096
cpu,27627.710882,27627.711845,22020096
cpu,27627.711845,27627.712815,22020096
cpu,27627.712815,27627.713775,22020096
cpu,27627.713776,27627.714729,22020096
cpu,27627.714729,27627.715686,22020096
cpu,27627.715686,27627.716657,22020096
cpu,27627.716657,27627.717609,22020096
cpu,27627.717609,27627.718576,22020096
cpu,27627.718576,27627.719529,22020096
cpu,27627.719530,27627.720504,22020096
cpu,27627.720504,27627.721469,22020096
cpu,27627.721469,27627.722436,22020096
cpu,27627.722437,27627.723401,22020096
cpu,27627.723401,27627.724393,22020096
cpu,27627.724393,27627.725377,22020096
cpu,27627.725377,27627.726327,22020096
cpu,27627.726328,27627.727280,22020096
cpu,27627.727280,27627.728248,22020096
cpu,27627.728249,27627.729224,22020096
cpu,27627.729224,27627.730179,22020096
cpu,27627.730179,27627.731141,22020096
cpu,27627.731141,27627.732114,22020096
cpu,27627.732114,27627.733082,22020096
cpu,27627.733082,27627.734043,22020096
cpu,27627.734044,27627.735004,22020096
cpu,27627.735004,27627.735958,22020096
cpu,27627.735959,27627.736924,22020096
cpu,27627.736924,27627.737882,22020096
cpu,27627.737883,27627.738852,22020096
cpu,27627.738853,27627.739809,22020096
cpu,27627.739809,27627.740783,22020096
cpu,27627.740783,27627.741740,22020096
cpu,27627.741740,27627.742701,22020096
cpu,27627.742701,27627.743657,22020096
cpu,27627.743657,27627.744624,22020096
cpu,27627.744625,27627.745575,22020096
cpu,27627.745576,27627.746527,22020096
cpu,27627.746527,27627.747486,22020096
cpu,27627.747486,27627.748457,22020096
cpu,27627.748464,27627.749447,22020096
cpu,27627.749447,27627.750400,22020096
cpu,27627.750401,27627.751365,22020096
cpu,27627.751365,27627.752337,22020096
cpu,27627.752337,27627.753290,22020096
cpu,27627.753290,27627.754243,22020096
cpu,27627.754244,27627.755197,22020096
cpu,27627.755197,27627.756170,22020096
cpu,27627.756170,27627.757132,22020096
cpu,27627.757132,27627.758092,22020096
cpu,27627.758093,27627.759049,22020096
cpu,27627.759049,27627.760020,22020096
cpu,27627.760020,27627.761002,22020096
cpu,27627.761002,27627.761953,22020096
cpu,27627.761953,27627.762906,22020096
cpu,27627.762906,27627.763861,22020096
cpu,27627.763862,27627.764834,22020096
cpu,27627.764835,27627.765788,22020096
cpu,27627.765788,27627.766751,22020096
cpu,27627.766751,27627.767709,22020096
cpu,27627.767709,27627.768705,22020096
cpu,27627.768705,27627.769736,22020096
cpu,27627.769736,27627.770730,22020096
cpu,27627.770730,27627.771721,22020096
cpu,27627.771721,27627.772717,22020096
cpu,27627.772717,27627.773668,22020096
cpu,27627.773668,27627.774623,22020096
cpu,27627.774623,27627.775580,22020096
cpu,27627.775580,27627.776556,22020096
cpu,27627.776556,27627.777512,22020096
cpu,27627.777512,27627.778474,22020096
cpu,27627.778474,27627.779447,22020096
cpu,27627.779447,27627.780414,22020096
cpu,27627.780414,27627.781367,22020096
cpu,27627.781367,27627.782323,22020096
cpu,27627.782324,27627.783287,22020096
cpu,27627.783287,27627.784258,22020096
cpu,27627.784258,27627.785221,22020096
cpu,27627.785221,27627.786180,22020096
cpu,27627.786180,27627.787139,22020096
cpu,27627.787139,27627.788124,22020096
cpu,27627.788125,27627.789093,22020096
cpu,27627.789094,27627.790061,22020096
cpu,27627.790061,27627.791024,22020096
cpu,27627.791024,27627.791998,22020096
cpu,27627.791998,27627.792979,22020096
cpu,27627.792980,27627.793940,22020096
cpu,27627.793941,27627.794908,22020096
cpu,27627.794908,27627.795874,22020096
cpu,27627.795874,27627.796871,22020096
cpu,27627.796871,27627.797830,22020096
cpu,27627.797830,27627.798799,22020096
cpu,27627.798799,27627.799785,22020096
cpu,27627.799785,27627.800766,22020096
cpu,27627.800766,27627.801748,22020096
cpu,27627.801748,27627.802712,22020096
cpu,27627.802713,27627.803673,22020096
cpu,27627.803673,27627.804655,22020096
cpu,27627.804655,27627.805623,22020096
cpu,27627.805623,27627.806590,22020096
cpu,27627.806590,27627.807546,22020096
cpu,27627.807547,27627.808522,22020096
cpu,27627.808522,27627.809491,22020096
cpu,27627.809492,27627.810459,22020096
cpu,27627.810459,27627.811416,22020096
cpu,27627.811417,27627.812393,22020096
cpu,27627.812393,27627.813346,22020096
cpu,27627.813347,27627.814299,22020096
cpu,27627.814299,27627.815329,22020096
cpu,27627.815329,27627.816343,22020096
cpu,27627.816343,27627.817333,22020096
cpu,27627.817334,27627.818314,22020096
cpu,27627.818314,27627.819330,22020096
cpu,27627.819330,27627.820302,22020096
cpu,27627.820303,27627.821258,22020096
cpu,27627.821258,27627.822216,22020096
cpu,27627.822216,27627.823176,22020096
cpu,27627.823176,27627.824143,22020096
cpu,27627.824144,27627.825100,22020096
cpu,27627.825100,27627.826054,22020096
cpu,27627.826055,27627.827015,22020096
cpu,27627.827015,27627.827968,22020096
cpu,27627.827968,27627.828939,22020096
cpu,27627.828939,27627.829913,22020096
cpu,27627.829913,27627.830875,22020096
cpu,27627.830875,27627.831832,22020096
cpu,27627.831832,27627.832802,22020096
cpu,27627.832802,27627.833774,22020096
cpu,27627.833774,27627.834728,22020096
cpu,27627.834728,27627.835690,22020096
cpu,27627.835690,27627.836658,22020096
cpu,27627.836658,27627.837614,22020096
cpu,27627.837614,27627.838567,22020096
cpu,27627.838568,27627.839544,22020096
cpu,27627.839545,27627.840515,22020096
cpu,27627.840515,27627.841466,22020096
cpu,27627.841467,27627.842422,22020096
cpu,27627.842423,27627.843380,22020096
cpu,27627.843380,27627.844351,22020096
cpu,27627.844351,27627.845304,22020096
cpu,27627.845304,27627.846324,22020096
cpu,27627.846325,27627.847286,22020096
cpu,27627.847286,27627.848257,22020096
cpu,27627.848257,27627.849217,22020096
cpu,27627.849217,27627.850190,22020096
cpu,27627.850190,27627.851148,22020096
cpu,27627.851149,27627.852132,22020096
cpu,27627.852132,27627.853103,22020096
cpu,27627.853104,27627.854066,22020096
cpu,27627.854066,27627.855020,22020096
cpu,27627.855020,27627.855974,22020096
cpu,27627.855974,27627.856943,22020096
cpu,27627.856943,27627.857905,22020096
cpu,27627.857905,27627.858868,22020096
cpu,27627.858868,27627.859841,22020096
cpu,27627.859841,27627.860821,22020096
cpu,27627.860821,27627.861804,22020096
cpu,27627.861804,27627.862810,22020096
cpu,27627.862810,27627.863794,22020096
cpu,27627.863794,27627.864813,22020096
cpu,27627.864813,27627.865792,22020096
cpu,27627.865792,27627.866751,22020096
cpu,27627.866752,27627.867717,22020096
cpu,27627.867717,27627.868684,22020096
cpu,27627.868685,27627.869647,22020096
cpu,27627.869648,27627.870607,22020096
cpu,27627.870607,27627.871573,22020096
cpu,27627.871573,27627.872550,22020096
cpu,27627.872550,27627.873507,22020096
cpu,27627.873507,27627.874470,22020096
cpu,27627.874471,27627.875427,22020096
cpu,27627.875427,27627.876395,22020096
cpu,27627.876395,27627.877348,22020096
cpu,27627.877349,27627.878308,22020096
cpu,27627.878308,27627.879265,22020096
cpu,27627.879265,27627.880264,22020096
cpu,27627.880264,27627.881220,22020096
cpu,27627.881220,27627.882174,22020096
cpu,27627.882174,27627.883128,22020096
cpu,27627.883128,27627.884095,22020096
cpu,27627.884095,27627.885059,22020096
cpu,27627.885060,27627.886015,22020096
cpu,27627.886015,27627.886975,22020096
cpu,27627.886975,27627.887929,22020096
cpu,27627.887930,27627.888896,22020096
cpu,27627.888896,27627.889869,22020096
cpu,27627.889869,27627.890821,22020096
cpu,27627.890821,27627.891783,22020096
cpu,27627.891783,27627.892755,22020096
cpu,27627.892755,27627.893733,22020096
cpu,27627.893734,27627.894689,22020096
cpu,27627.894689,27627.895637,22020096
cpu,27627.895637,27627.896614,22020096
cpu,27627.896614,27627.897573,22020096
cpu,27627.897573,27627.898537,22020096
cpu,27627.898537,27627.899495,22020096
cpu,27627.899495,27627.900480,22020096
cpu,27627.900480,27627.901441,22020096
cpu,27627.901441,27627.902394,22020096
cpu,27627.902394,27627.903357,22020096
cpu,27627.903357,27627.904336,22020096
cpu,27627.904336,27627.905339,22020096
cpu,27627.905339,27627.906304,22020096
cpu,27627.906304,27627.907259,22020096
cpu,27627.907260,27627.908273,22020096
cpu,27627.908273,27627.909241,22020096
cpu,27627.909241,27627.910241,22020096
cpu,27627.910241,27627.911214,22020096
cpu,27627.911214,27627.912247,22020096
cpu,27627.912247,27627.913211,22020096
cpu,27627.913212,27627.914164,22020096
cpu,27627.914171,27627.915140,22020096
cpu,27627.915140,27627.916115,22020096
cpu,27627.916115,27627.917069,22020096
cpu,27627.917069,27627.918038,22020096
cpu,27627.918039,27627.918998,22020096
cpu,27627.918998,27627.919964,22020096
cpu,27627.919965,27627.920939,22020096
cpu,27627.920940,27627.921896,22020096
cpu,27627.921896,27627.922846,22020096
cpu,27627.922846,27627.923801,22020096
cpu,27627.923801,27627.924773,22020096
cpu,27627.924774,27627.925735,22020096
cpu,27627.925735,27627.926690,22020096
cpu,27627.926690,27627.927646,22020096
cpu,27627.927646,27627.928615,22020096
cpu,27627.928615,27627.929569,22020096
cpu,27627.929569,27627.930539,22020096
cpu,27627.930539,27627.931493,22020096
cpu,27627.931493,27627.932465,22020096
cpu,27627.932465,27627.933424,22020096
cpu,27627.933424,27627.934382,22020096
cpu,27627.934382,27627.935340,22020096
cpu,27627.935341,27627.936306,22020096
cpu,27627.936306,27627.937261,22020096
cpu,27627.937261,27627.938216,22020096
cpu,27627.938216,27627.939178,22020096
cpu,27627.939179,27627.940165,22020096
cpu,27627.940165,27627.941122,22020096
cpu,27627.941123,27627.942084,22020096
cpu,27627.942084,27627.943036,22020096
cpu,27627.943036,27627.944015,22020096
cpu,27627.944015,27627.944977,22020096
cpu,27627.944978,27627.945946,22020096
cpu,27627.945946,27627.946902,22020096
cpu,27627.946902,27627.947859,22020096
cpu,27627.947859,27627.948835,22020096
cpu,27627.948835,27627.949789,22020096
cpu,27627.949789,27627.950759,22020096
cpu,27627.950759,27627.951714,22020096
cpu,27627.951714,27627.952689,22020096
cpu,27627.952689,27627.953671,22020096
cpu,27627.953671,27627.954631,22020096
cpu,27627.954631,27627.955619,22020096
cpu,27627.955619,27627.956613,22020096
cpu,27627.956613,27627.957586,22020096
cpu,27627.957586,27627.958566,22020096
cpu,27627.958566,27627.959561,22020096
cpu,27627.959562,27627.960552,22020096
cpu,27627.960553,27627.961503,22020096
cpu,27627.961503,27627.962456,22020096
cpu,27627.962457,27627.963409,22020096
cpu,27627.963409,27627.964383,22020096
cpu,27627.964383,27627.965329,22020096
cpu,27627.965330,27627.966292,22020096
cpu,27627.966292,27627.967248,22020096
cpu,27627.967248,27627.968212,22020096
cpu,27627.968213,27627.969170,22020096
cpu,27627.969170,27627.970122,22020096
cpu,27627.970123,27627.971075,22020096
cpu,27627.971076,27627.972044,22020096
cpu,27627.972045,27627.973007,22020096
cpu,27627.973007,27627.973967,22020096
cpu,27627.973967,27627.974939,22020096
cpu,27627.974939,27627.975893,22020096
cpu,27627.975893,27627.976857,22020096
cpu,27627.976857,27627.977813,22020096
cpu,27627.977813,27627.978769,22020096
cpu,27627.978769,27627.979730,22020096
cpu,27627.979730,27627.980714,22020096
cpu,27627.980714,27627.981676,22020096
cpu,27627.981676,27627.982633,22020096
cpu,27627.982633,27627.983584,22020096
cpu,27627.983585,27627.984554,22020096
cpu,27627.984554,27627.985518,22020096
cpu,27627.985518,27627.986480,22020096
cpu,27627.986480,27627.987437,22020096
cpu,27627.987437,27627.988409,22020096
cpu,27627.988409,27627.989363,22020096
cpu,27627.989363,27627.990319,22020096
cpu,27627.990320,27627.991273,22020096
cpu,27627.991273,27627.992243,22020096
cpu,27627.992243,27627.993204,22020096
cpu,27627.993204,27627.994172,22020096
cpu,27627.994172,27627.995136,22020096
cpu,27627.995136,27627.996117,22020096
cpu,27627.996117,27627.997072,22020096
cpu,27627.997072,27627.998037,22020096
cpu,27627.998037,27627.998996,22020096
cpu,27627.998996,27627.999957,22020096
cpu,27627.999958,27628.000953,22020096
cpu,27628.000953,27628.001961,22020096
cpu,27628.001961,27628.002953,22020096
cpu,27628.002953,27628.003963,22020096
cpu,27628.003963,27628.004949,22020096
cpu,27628.004949,27628.005944,22020096
cpu,27628.005944,27628.006905,22020096
cpu,27628.006905,27628.007863,22020096
cpu,27628.007863,27628.008835,22020096
cpu,27628.008835,27628.009793,22020096
cpu,27628.009793,27628.010758,22020096
cpu,27628.010758,27628.011715,22020096
cpu,27628.011715,27628.012687,22020096
cpu,27628.012688,27628.013647,22020096
cpu,27628.013647,27628.014603,22020096
cpu,27628.014603,27628.015560,22020096
cpu,27628.015560,27628.016530,22020096
cpu,27628.016530,27628.017479,22020096
cpu,27628.017479,27628.018434,22020096
cpu,27628.018434,27628.019390,22020096
cpu,27628.019391,27628.020366,22020096
cpu,27628.020366,27628.021320,22020096
cpu,27628.021320,27628.022288,22020096
cpu,27628.022289,27628.023257,22020096
cpu,27628.023257,27628.024229,22020096
cpu,27628.024229,27628.025195,22020096
cpu,27628.025195,27628.026173,22020096
cpu,27628.026173,27628.027133,22020096
cpu,27628.027133,27628.028116,22020096
cpu,27628.028116,27628.029065,22020096
cpu,27628.029065,27628.030024,22020096
cpu,27628.030024,27628.030995,22020096
cpu,27628.030995,27628.031953,22020096
cpu,27628.031953,27628.032919,22020096
cpu,27628.032919,27628.033879,22020096
cpu,27628.033879,27628.034839,22020096
cpu,27628.034839,27628.035793,22020096
cpu,27628.035793,27628.036766,22020096
cpu,27628.036767,27628.037717,22020096
cpu,27628.037717,27628.038669,22020096
cpu,27628.038669,27628.039620,22020096
cpu,27628.039621,27628.040595,22020096
cpu,27628.040596,27628.041550,22020096
cpu,27628.041550,27628.042524,22020096
cpu,27628.042524,27628.043479,22020096
cpu,27628.043479,27628.044449,22020096
cpu,27628.044449,27628.045404,22020096
cpu,27628.045404,27628.046360,22020096
cpu,27628.046360,27628.047321,22020096
cpu,27628.047321,27628.048304,22020096
cpu,27628.048304,27628.049269,22020096
cpu,27628.049269,27628.050234,22020096
cpu,27628.050235,27628.051217,22020096
cpu,27628.051218,27628.052216,22020096
cpu,27628.052216,27628.053181,22020096
cpu,27628.053182,27628.054148,22020096
cpu,27628.054148,27628.055111,22020096
cpu,27628.055112,27628.056089,22020096
cpu,27628.056089,27628.057055,22020096
cpu,27628.057055,27628.058014,22020096
cpu,27628.058014,27628.058982,22020096
cpu,27628.058982,27628.059948,22020096
cpu,27628.059948,27628.060952,22020096
cpu,27628.060952,27628.061913,22020096
cpu,27628.061913,27628.062875,22020096
cpu,27628.062875,27628.063830,22020096
cpu,27628.063830,27628.064800,22020096
cpu,27628.064800,27628.065757,22020096
cpu,27628.065757,27628.066712,22020096
cpu,27628.066712,27628.067668,22020096
cpu,27628.067668,27628.068639,22020096
cpu,27628.068639,27628.069593,22020096
cpu,27628.069593,27628.070551,22020096
cpu,27628.070551,27628.071523,22020096
cpu,27628.071524,27628.072497,22020096
cpu,27628.072497,27628.073453,22020096
cpu,27628.073453,27628.074407,22020096
cpu,27628.074407,27628.075359,22020096
cpu,27628.075359,27628.076341,22020096
cpu,27628.076342,27628.077304,22020096
cpu,27628.077304,27628.078259,22020096
cpu,27628.078266,27628.079226,22020096
cpu,27628.079226,27628.080196,22020096
cpu,27628.080196,27628.081169,22020096
cpu,27628.081169,27628.082137,22020096
cpu,27628.082137,27628.083094,22020096
cpu,27628.083094,27628.084065,22020096
cpu,27628.084065,27628.085016,22020096
cpu,27628.085016,27628.085972,22020096
cpu,27628.085972,27628.086925,22020096
cpu,27628.086925,27628.087883,22020096
cpu,27628.087883,27628.088853,22020096
cpu,27628.088853,27628.089815,22020096
cpu,27628.089815,27628.090786,22020096
cpu,27628.090786,27628.091737,22020096
cpu,27628.091737,27628.092711,22020096
cpu,27628.092711,27628.093663,22020096
cpu,27628.093663,27628.094619,22020096
cpu,27628.094619,27628.095629,22020096
cpu,27628.095629,27628.096650,22020096
cpu,27628.096650,27628.097643,22020096
cpu,27628.097643,27628.098610,22020096
cpu,27628.098610,27628.099567,22020096
cpu,27628.099568,27628.100542,22020096
cpu,27628.100542,27628.101513,22020096
cpu,27628.101513,27628.102466,22020096
cpu,27628.102466,27628.103422,22020096
cpu,27628.103422,27628.104395,22020096
cpu,27628.104396,27628.105348,22020096
cpu,27628.105348,27628.106308,22020096
cpu,27628.106309,27628.107264,22020096
cpu,27628.107264,27628.108247,22020096
cpu,27628.108247,27628.109198,22020096
cpu,27628.109198,27628.110158,22020096
cpu,27628.110158,27628.111116,22020096
cpu,27628.111116,27628.112080,22020096
cpu,27628.112080,27628.113035,22020096
cpu,27628.113035,27628.113987,22020096
cpu,27628.113987,27628.114938,22020096
cpu,27628.114939,27628.115888,22020096
cpu,27628.115889,27628.116860,22020096
cpu,27628.116860,27628.117819,22020096
cpu,27628.117819,27628.118775,22020096
cpu,27628.118775,27628.119736,22020096
cpu,27628.119737,27628.120711,22020096
cpu,27628.120711,27628.121678,22020096
cpu,27628.121678,27628.122634,22020096
cpu,27628.122634,27628.123591,22020096
cpu,27628.123591,27628.124560,22020096
cpu,27628.124560,27628.125511,22020096
cpu,27628.125512,27628.126463,22020096
cpu,27628.126463,27628.127414,22020096
cpu,27628.127414,27628.128380,22020096
cpu,27628.128381,27628.129333,22020096
cpu,27628.129333,27628.130290,22020096
cpu,27628.130290,27628.131251,22020096
cpu,27628.131251,27628.132214,22020096
cpu,27628.132214,27628.133169,22020096
cpu,27628.133169,27628.134118,22020096
cpu,27628.134119,27628.135076,22020096
cpu,27628.135076,27628.136048,22020096
cpu,27628.136049,27628.137004,22020096
cpu,27628.137004,27628.137961,22020096
cpu,27628.137961,27628.138913,22020096
cpu,27628.138913,27628.139875,22020096
cpu,27628.139876,27628.140845,22020096
cpu,27628.140846,27628.141846,22020096
cpu,27628.141846,27628.142810,22020096
cpu,27628.142811,27628.143801,22020096
cpu,27628.143802,27628.144786,22020096
cpu,27628.144786,27628.145778,22020096
cpu,27628.145778,27628.146731,22020096
cpu,27628.146731,27628.147704,22020096
cpu,27628.147704,27628.148669,22020096
cpu,27628.148669,27628.149625,22020096
cpu,27628.149626,27628.150598,22020096
cpu,27628.150598,27628.151583,22020096
cpu,27628.151583,27628.152553,22020096
cpu,27628.152554,27628.153513,22020096
cpu,27628.153513,27628.154468,22020096
cpu,27628.154468,27628.155421,22020096
cpu,27628.155421,27628.156400,22020096
cpu,27628.156400,27628.157356,22020096
cpu,27628.157357,27628.158311,22020096
cpu,27628.158311,27628.159259,22020096
cpu,27628.159260,27628.160231,22020096
cpu,27628.160231,27628.161186,22020096
cpu,27628.161186,27628.162147,22020096
cpu,27628.162147,27628.163101,22020096
cpu,27628.163101,27628.164070,22020096
cpu,27628.164070,27628.165027,22020096
cpu,27628.165027,27628.165985,22020096
cpu,27628.165985,27628.166941,22020096
cpu,27628.166942,27628.167897,22020096
cpu,27628.167897,27628.168864,22020096
cpu,27628.168864,27628.169835,22020096
cpu,27628.169835,27628.170794,22020096
cpu,27628.170794,27628.171766,22020096
cpu,27628.171766,27628.172745,22020096
cpu,27628.172745,27628.173699,22020096
cpu,27628.173699,27628.174654,22020096
cpu,27628.174654,27628.175603,22020096
cpu,27628.175603,27628.176565,22020096
cpu,27628.176565,27628.177522,22020096
cpu,27628.177523,27628.178477,22020096
cpu,27628.178478,27628.179431,22020096
cpu,27628.179431,27628.180394,22020096
cpu,27628.180394,27628.181362,22020096
cpu,27628.181362,27628.182318,22020096
cpu,27628.182319,27628.183270,22020096
cpu,27628.183270,27628.184243,22020096
cpu,27628.184244,27628.185202,22020096
cpu,27628.185202,27628.186155,22020096
cpu,27628.186155,27628.187116,22020096
cpu,27628.187116,27628.188087,22020096
cpu,27628.188087,27628.189066,22020096
cpu,27628.189066,27628.190053,22020096
cpu,27628.190054,27628.191040,22020096
cpu,27628.191040,27628.192054,22020096
cpu,27628.192054,27628.193027,22020096
cpu,27628.193027,27628.193992,22020096
cpu,27628.193993,27628.194944,22020096
cpu,27628.194945,27628.195904,22020096
cpu,27628.195904,27628.196880,22020096
cpu,27628.196880,27628.197844,22020096
cpu,27628.197844,27628.198797,22020096
cpu,27628.198797,27628.199752,22020096
cpu,27628.199752,27628.200723,22020096
cpu,27628.200723,27628.201675,22020096
cpu,27628.201675,27628.202624,22020096
cpu,27628.202624,27628.203580,22020096
cpu,27628.203580,27628.204556,22020096
cpu,27628.204557,27628.205519,22020096
cpu,27628.205519,27628.206480,22020096
cpu,27628.206481,27628.207446,22020096
cpu,27628.207447,27628.208414,22020096
cpu,27628.208414,27628.209372,22020096
cpu,27628.209372,27628.210348,22020096
cpu,27628.210348,27628.211324,22020096
cpu,27628.211325,27628.212312,22020096
cpu,27628.212312,27628.213269,22020096
cpu,27628.213269,27628.214232,22020096
cpu,27628.214232,27628.215184,22020096
cpu,27628.215185,27628.216154,22020096
cpu,27628.216155,27628.217108,22020096
cpu,27628.217109,27628.218065,22020096
cpu,27628.218065,27628.219025,22020096
cpu,27628.219025,27628.219987,22020096
cpu,27628.219987,27628.220959,22020096
cpu,27628.220960,27628.221936,22020096
cpu,27628.221936,27628.222895,22020096
cpu,27628.222895,27628.223849,22020096
cpu,27628.223849,27628.224822,22020096
cpu,27628.224822,27628.225803,22020096
cpu,27628.225803,27628.226776,22020096
cpu,27628.226776,27628.227732,22020096
cpu,27628.227732,27628.228696,22020096
cpu,27628.228696,27628.229657,22020096
cpu,27628.229657,27628.230608,22020096
cpu,27628.230609,27628.231565,22020096
cpu,27628.231565,27628.232555,22020096
cpu,27628.232555,27628.233510,22020096
cpu,27628.233510,27628.234464,22020096
cpu,27628.234464,27628.235438,22020096
cpu,27628.235438,27628.236423,22020096
cpu,27628.236423,27628.237412,22020096
cpu,27628.237412,27628.238396,22020096
cpu,27628.238396,27628.239392,22020096
cpu,27628.239392,27628.240371,22020096
cpu,27628.240371,27628.241329,22020096
cpu,27628.241330,27628.242298,22020096
cpu,27628.242298,27628.243249,22020096
cpu,27628.243256,27628.244226,22020096
cpu,27628.244227,27628.245184,22020096
cpu,27628.245184,27628.246141,22020096
cpu,27628.246141,27628.247099,22020096
cpu,27628.247099,27628.248071,22020096
cpu,27628.248071,27628.249025,22020096
cpu,27628.249025,27628.249978,22020096
cpu,27628.249978,27628.250933,22020096
cpu,27628.250933,27628.251895,22020096
cpu,27628.251896,27628.252868,22020096
cpu,27628.252868,27628.253818,22020096
cpu,27628.253818,27628.254773,22020096
cpu,27628.254773,27628.255743,22020096
cpu,27628.255744,27628.256712,22020096
cpu,27628.256712,27628.257663,22020096
cpu,27628.257663,27628.258620,22020096
cpu,27628.258621,27628.259579,22020096
cpu,27628.259579,27628.260548,22020096
cpu,27628.260548,27628.261502,22020096
cpu,27628.261502,27628.262469,22020096
cpu,27628.262469,27628.263472,22020096
cpu,27628.263473,27628.264443,22020096
cpu,27628.264443,27628.265402,22020096
cpu,27628.265403,27628.266364,22020096
cpu,27628.266365,27628.267321,22020096
cpu,27628.267321,27628.268300,22020096
cpu,27628.268300,27628.269254,22020096
cpu,27628.269254,27628.270210,22020096
cpu,27628.270210,27628.271163,22020096
cpu,27628.271163,27628.272138,22020096
cpu,27628.272138,27628.273092,22020096
cpu,27628.273093,27628.274050,22020096
cpu,27628.274050,27628.275007,22020096
cpu,27628.275007,27628.275960,22020096
cpu,27628.275960,27628.276928,22020096
cpu,27628.276929,27628.277881,22020096
cpu,27628.277881,27628.278835,22020096
cpu,27628.278835,27628.279798,22020096
cpu,27628.279798,27628.280764,22020096
cpu,27628.280764,27628.281740,22020096
cpu,27628.281740,27628.282733,22020096
cpu,27628.282733,27628.283763,22020096
cpu,27628.283763,27628.284764,22020096
cpu,27628.284764,27628.285759,22020096
cpu,27628.285759,27628.286716,22020096
cpu,27628.286716,27628.287668,22020096
cpu,27628.287668,27628.288641,22020096
cpu,27628.288641,27628.289598,22020096
cpu,27628.289599,27628.290555,22020096
cpu,27628.290555,27628.291512,22020096
cpu,27628.291512,27628.292493,22020096
cpu,27628.292493,27628.293449,22020096
cpu,27628.293449,27628.294398,22020096
cpu,27628.294398,27628.295351,22020096
cpu,27628.295351,27628.296320,22020096
cpu,27628.296320,27628.297279,22020096
cpu,27628.297279,27628.298229,22020096
cpu,27628.298229,27628.299185,22020096
cpu,27628.299185,27628.300160,22020096
cpu,27628.300160,27628.301112,22020096
cpu,27628.301112,27628.302066,22020096
cpu,27628.302066,27628.303035,22020096
cpu,27628.303035,27628.303994,22020096
cpu,27628.303994,27628.304967,22020096
cpu,27628.304967,27628.305924,22020096
cpu,27628.305924,27628.306878,22020096
cpu,27628.306878,27628.307829,22020096
cpu,27628.307829,27628.308803,22020096
cpu,27628.308803,27628.309759,22020096
cpu,27628.309759,27628.310721,22020096
cpu,27628.310721,27628.311676,22020096
cpu,27628.311676,27628.312662,22020096
cpu,27628.312663,27628.313622,22020096
cpu,27628.313623,27628.314573,22020096
cpu,27628.314573,27628.315522,22020096
cpu,27628.315523,27628.316496,22020096
cpu,27628.316496,27628.317450,22020096
cpu,27628.317450,27628.318407,22020096
cpu,27628.318408,27628.319363,22020096
cpu,27628.319364,27628.320336,22020096
cpu,27628.320336,27628.321286,22020096
cpu,27628.321287,27628.322240,22020096
cpu,27628.322240,27628.323211,22020096
cpu,27628.323212,27628.324181,22020096
cpu,27628.324181,27628.325138,22020096
cpu,27628.325138,27628.326095,22020096
cpu,27628.326095,27628.327054,22020096
cpu,27628.327054,27628.328023,22020096
cpu,27628.328023,27628.329061,22020096
cpu,27628.329061,27628.330046,22020096
cpu,27628.330046,27628.331017,22020096
cpu,27628.331017,27628.332015,22020096
cpu,27628.332015,27628.332992,22020096
cpu,27628.332992,27628.333945,22020096
cpu,27628.333945,27628.334898,22020096
cpu,27628.334898,27628.335851,22020096
cpu,27628.335852,27628.336821,22020096
cpu,27628.336822,27628.337785,22020096
cpu,27628.337785,27628.338738,22020096
cpu,27628.338738,27628.339688,22020096
cpu,27628.339689,27628.340675,22020096
cpu,27628.340675,27628.341635,22020096
cpu,27628.341635,27628.342588,22020096
cpu,27628.342588,27628.343541,22020096
cpu,27628.343541,27628.344514,22020096
cpu,27628.344514,27628.345469,22020096
cpu,27628.345469,27628.346424,22020096
cpu,27628.346424,27628.347379,22020096
cpu,27628.347379,27628.348352,22020096
cpu,27628.348352,27628.349308,22020096
cpu,27628.349308,27628.350267,22020096
cpu,27628.350267,27628.351223,22020096
cpu,27628.351223,27628.352191,22020096
cpu,27628.352191,27628.353156,22020096
cpu,27628.353156,27628.354114,22020096
cpu,27628.354115,27628.355064,22020096
cpu,27628.355065,27628.356040,22020096
cpu,27628.356040,27628.356994,22020096
cpu,27628.356995,27628.357952,22020096
cpu,27628.357953,27628.358907,22020096
cpu,27628.358907,27628.359864,22020096
cpu,27628.359864,27628.360839,22020096
cpu,27628.360839,27628.361789,22020096
cpu,27628.361789,27628.362745,22020096
cpu,27628.362745,27628.363701,22020096
cpu,27628.363701,27628.364674,22020096
cpu,27628.364675,27628.365632,22020096
cpu,27628.365632,27628.366581,22020096
cpu,27628.366581,27628.367538,22020096
cpu,27628.367538,27628.368507,22020096
cpu,27628.368507,27628.369465,22020096
cpu,27628.369465,27628.370421,22020096
cpu,27628.370421,27628.371386,22020096
cpu,27628.371386,27628.372351,22020096
cpu,27628.372351,27628.373323,22020096
cpu,27628.373323,27628.374281,22020096
cpu,27628.374282,27628.375230,22020096
cpu,27628.375230,27628.376278,22020096
cpu,27628.376278,27628.377263,22020096
cpu,27628.377263,27628.378240,22020096
cpu,27628.378240,27628.379250,22020096
cpu,27628.379251,27628.380223,22020096
cpu,27628.380223,27628.381178,22020096
cpu,27628.381178,27628.382128,22020096
cpu,27628.382128,27628.383101,22020096
cpu,27628.383102,27628.384076,22020096
cpu,27628.384076,27628.385033,22020096
cpu,27628.385033,27628.385994,22020096
cpu,27628.385995,27628.386945,22020096
cpu,27628.386945,27628.387907,22020096
cpu,27628.387907,27628.388882,22020096
cpu,27628.388882,27628.389834,22020096
cpu,27628.389834,27628.390787,22020096
cpu,27628.390787,27628.391745,22020096
cpu,27628.391745,27628.392722,22020096
cpu,27628.392723,27628.393670,22020096
cpu,27628.393671,27628.394628,22020096
cpu,27628.394628,27628.395581,22020096
cpu,27628.395581,27628.396551,22020096
cpu,27628.396551,27628.397504,22020096
cpu,27628.397504,27628.398461,22020096
cpu,27628.398461,27628.399417,22020096
cpu,27628.399417,27628.400387,22020096
cpu,27628.400387,27628.401338,22020096
cpu,27628.401338,27628.402296,22020096
cpu,27628.402296,27628.403269,22020096
cpu,27628.403269,27628.404235,22020096
cpu,27628.404235,27628.405194,22020096
cpu,27628.405194,27628.406149,22020096
cpu,27628.406149,27628.407099,22020096
cpu,27628.407100,27628.408065,22020096
cpu,27628.408072,27628.409030,22020096
cpu,27628.409030,27628.409989,22020096
cpu,27628.409989,27628.410940,22020096
cpu,27628.410940,27628.411897,22020096
cpu,27628.411897,27628.412875,22020096
cpu,27628.412876,27628.413828,22020096
cpu,27628.413828,27628.414781,22020096
cpu,27628.414781,27628.415736,22020096
cpu,27628.415737,27628.416712,22020096
cpu,27628.416713,27628.417665,22020096
cpu,27628.417666,27628.418625,22020096
cpu,27628.418625,27628.419581,22020096
cpu,27628.419581,27628.420546,22020096
cpu,27628.420546,27628.421509,22020096
cpu,27628.421509,27628.422497,22020096
cpu,27628.422498,27628.423476,22020096
cpu,27628.423476,27628.424495,22020096
cpu,27628.424495,27628.425505,22020096
cpu,27628.425505,27628.426489,22020096
cpu,27628.426489,27628.427440,22020096
cpu,27628.427440,27628.428414,22020096
cpu,27628.428414,27628.429368,22020096
cpu,27628.429368,27628.430320,22020096
cpu,27628.430321,27628.431275,22020096
cpu,27628.431275,27628.432252,22020096
cpu,27628.432252,27628.433213,22020096
cpu,27628.433213,27628.434168,22020096
cpu,27628.434168,27628.435128,22020096
cpu,27628.435128,27628.436096,22020096
cpu,27628.436096,27628.437050,22020096
cpu,27628.437050,27628.438000,22020096
cpu,27628.438001,27628.438955,22020096
cpu,27628.438955,27628.439907,22020096
cpu,27628.439908,27628.440872,22020096
cpu,27628.440872,27628.441834,22020096
cpu,27628.441834,27628.442787,22020096
cpu,27628.442787,27628.443762,22020096
cpu,27628.443762,27628.444732,22020096
cpu,27628.444732,27628.445688,22020096
cpu,27628.445688,27628.446649,22020096
cpu,27628.446650,27628.447603,22020096
cpu,27628.447603,27628.448573,22020096
cpu,27628.448573,27628.449523,22020096
cpu,27628.449523,27628.450475,22020096
cpu,27628.450476,27628.451424,22020096
cpu,27628.451424,27628.452399,22020096
cpu,27628.452399,27628.453356,22020096
cpu,27628.453356,27628.454308,22020096
cpu,27628.454308,27628.455262,22020096
cpu,27628.455262,27628.456232,22020096
cpu,27628.456232,27628.457184,22020096
cpu,27628.457185,27628.458134,22020096
cpu,27628.458135,27628.459095,22020096
cpu,27628.459096,27628.460062,22020096
cpu,27628.460062,27628.461013,22020096
cpu,27628.461013,27628.461966,22020096
cpu,27628.461966,27628.462920,22020096
cpu,27628.462921,27628.463891,22020096
cpu,27628.463892,27628.464859,22020096
cpu,27628.464859,27628.465812,22020096
cpu,27628.465812,27628.466765,22020096
cpu,27628.466765,27628.467717,22020096
cpu,27628.467717,27628.468710,22020096
cpu,27628.468711,27628.469688,22020096
cpu,27628.469689,27628.470703,22020096
cpu,27628.470703,27628.471674,22020096
cpu,27628.471674,27628.472675,22020096
cpu,27628.472676,27628.473647,22020096
cpu,27628.473648,27628.474598,22020096
cpu,27628.474598,27628.475555,22020096
cpu,27628.475555,27628.476523,22020096
cpu,27628.476523,27628.477485,22020096
cpu,27628.477486,27628.478465,22020096
cpu,27628.478465,27628.479426,22020096
cpu,27628.479426,27628.480394,22020096
cpu,27628.480394,27628.481352,22020096
cpu,27628.481353,27628.482312,22020096
cpu,27628.482312,27628.483265,22020096
cpu,27628.483265,27628.484251,22020096
cpu,27628.484251,27628.485210,22020096
cpu,27628.485210,27628.486164,22020096
cpu,27628.486164,27628.487123,22020096
cpu,27628.487123,27628.488086,22020096
cpu,27628.488086,27628.489043,22020096
cpu,27628.489043,27628.490000,22020096
cpu,27628.490000,27628.490961,22020096
cpu,27628.490962,27628.491923,22020096
cpu,27628.491923,27628.492889,22020096
cpu,27628.492889,27628.493865,22020096
cpu,27628.493865,27628.494813,22020096
cpu,27628.494813,27628.495763,22020096
cpu,27628.495763,27628.496730,22020096
cpu,27628.496730,27628.497683,22020096
cpu,27628.497684,27628.498642,22020096
cpu,27628.498642,27628.499595,22020096
cpu,27628.499595,27628.500562,22020096
cpu,27628.500563,27628.501514,22020096
cpu,27628.501514,27628.502465,22020096
cpu,27628.502466,27628.503427,22020096
cpu,27628.503427,27628.504396,22020096
cpu,27628.504396,27628.505356,22020096
cpu,27628.505357,27628.506312,22020096
cpu,27628.506312,27628.507269,22020096
cpu,27628.507269,27628.508242,22020096
cpu,27628.508242,27628.509201,22020096
cpu,27628.509201,27628.510154,22020096
cpu,27628.510155,27628.511113,22020096
cpu,27628.511114,27628.512082,22020096
cpu,27628.512082,27628.513040,22020096
cpu,27628.513040,27628.514006,22020096
cpu,27628.514006,27628.514958,22020096
cpu,27628.514958,27628.515934,22020096
cpu,27628.515934,27628.516925,22020096
cpu,27628.516925,27628.517897,22020096
cpu,27628.517897,27628.518856,22020096
cpu,27628.518857,27628.519824,22020096
cpu,27628.519825,27628.520800,22020096
cpu,27628.520800,27628.521759,22020096
cpu,27628.521760,27628.522719,22020096
cpu,27628.522719,27628.523681,22020096
cpu,27628.523682,27628.524653,22020096
cpu,27628.524653,27628.525609,22020096
cpu,27628.525610,27628.526561,22020096
cpu,27628.526561,27628.527529,22020096
cpu,27628.527529,27628.528545,22020096
cpu,27628.528545,27628.529508,22020096
cpu,27628.529508,27628.530467,22020096
cpu,27628.530467,27628.531428,22020096
cpu,27628.531429,27628.532397,22020096
cpu,27628.532398,27628.533350,22020096
cpu,27628.533350,27628.534325,22020096
cpu,27628.534325,27628.535276,22020096
cpu,27628.535276,27628.536252,22020096
cpu,27628.536253,27628.537203,22020096
cpu,27628.537203,27628.538160,22020096
cpu,27628.538161,27628.539116,22020096
cpu,27628.539116,27628.540085,22020096
cpu,27628.540086,27628.541048,22020096
cpu,27628.541048,27628.541999,22020096
cpu,27628.542000,27628.542959,22020096
cpu,27628.542960,27628.543912,22020096
cpu,27628.543912,27628.544883,22020096
cpu,27628.544884,27628.545841,22020096
cpu,27628.545841,27628.546792,22020096
cpu,27628.546793,27628.547748,22020096
cpu,27628.547748,27628.548711,22020096
cpu,27628.548711,27628.549664,22020096
cpu,27628.549664,27628.550621,22020096
cpu,27628.550621,27628.551581,22020096
cpu,27628.551582,27628.552556,22020096
cpu,27628.552557,27628.553507,22020096
cpu,27628.553508,27628.554480,22020096
cpu,27628.554480,27628.555431,22020096
cpu,27628.555431,27628.556400,22020096
cpu,27628.556400,27628.557353,22020096
cpu,27628.557353,27628.558307,22020096
cpu,27628.558307,27628.559257,22020096
cpu,27628.559257,27628.560220,22020096
cpu,27628.560220,27628.561172,22020096
cpu,27628.561172,27628.562166,22020096
cpu,27628.562167,27628.563176,22020096
cpu,27628.563176,27628.564190,22020096
cpu,27628.564190,27628.565159,22020096
cpu,27628.565159,27628.566162,22020096
cpu,27628.566162,27628.567112,22020096
cpu,27628.567112,27628.568092,22020096
cpu,27628.568092,27628.569052,22020096
cpu,27628.569052,27628.570011,22020096
cpu,27628.570011,27628.570964,22020096
cpu,27628.570965,27628.571919,22020096
cpu,27628.571925,27628.572894,22020096
cpu,27628.572895,27628.573851,22020096
cpu,27628.573851,27628.574823,22020096
cpu,27628.574823,27628.575783,22020096
cpu,27628.575783,27628.576759,22020096
cpu,27628.576759,27628.577714,22020096
cpu,27628.577714,27628.578684,22020096
cpu,27628.578684,27628.579636,22020096
cpu,27628.579636,27628.580634,22020096
cpu,27628.580634,27628.581597,22020096
cpu,27628.581597,27628.582557,22020096
cpu,27628.582557,27628.583513,22020096
cpu,27628.583513,27628.584506,22020096
cpu,27628.584506,27628.585468,22020096
cpu,27628.585469,27628.586434,22020096
cpu,27628.586434,27628.587394,22020096
cpu,27628.587394,27628.588370,22020096
cpu,27628.588370,27628.589339,22020096
cpu,27628.589339,27628.590297,22020096
cpu,27628.590297,27628.591259,22020096
cpu,27628.591259,27628.592242,22020096
cpu,27628.592242,27628.593194,22020096
cpu,27628.593194,27628.594162,22020096
cpu,27628.594162,27628.595114,22020096
cpu,27628.595115,27628.596086,22020096
cpu,27628.596086,27628.597038,22020096
cpu,27628.597038,27628.597999,22020096
cpu,27628.598000,27628.598956,22020096
cpu,27628.598956,27628.599911,22020096
cpu,27628.599911,27628.600885,22020096
cpu,27628.600885,27628.601838,22020096
cpu,27628.601839,27628.602796,22020096
cpu,27628.602796,27628.603751,22020096
cpu,27628.603752,27628.604745,22020096
cpu,27628.604745,27628.605701,22020096
cpu,27628.605702,27628.606654,22020096
cpu,27628.606654,27628.607608,22020096
cpu,27628.607608,27628.608578,22020096
cpu,27628.608578,27628.609546,22020096
cpu,27628.609546,27628.610545,22020096
cpu,27628.610546,27628.611520,22020096
cpu,27628.611520,27628.612527,22020096
cpu,27628.612527,27628.613496,22020096
cpu,27628.613496,27628.614462,22020096
cpu,27628.614462,27628.615425,22020096
cpu,27628.615425,27628.616394,22020096
cpu,27628.616395,27628.617352,22020096
cpu,27628.617352,27628.618308,22020096
cpu,27628.618309,27628.619262,22020096
cpu,27628.619262,27628.620236,22020096
cpu,27628.620237,27628.621197,22020096
cpu,27628.621197,27628.622155,22020096
cpu,27628.622155,27628.623108,22020096
cpu,27628.623108,27628.624076,22020096
cpu,27628.624076,27628.625076,22020096
cpu,27628.625076,27628.626034,22020096
cpu,27628.626035,27628.626986,22020096
cpu,27628.626986,27628.627942,22020096
cpu,27628.627942,27628.628910,22020096
cpu,27628.628911,27628.629867,22020096
cpu,27628.629868,27628.630824,22020096
cpu,27628.630824,27628.631782,22020096
cpu,27628.631782,27628.632750,22020096
cpu,27628.632750,27628.633702,22020096
cpu,27628.633702,27628.634672,22020096
cpu,27628.634672,27628.635634,22020096
cpu,27628.635634,27628.636604,22020096
cpu,27628.636605,27628.637566,22020096
cpu,27628.637566,27628.638528,22020096
cpu,27628.638528,27628.639488,22020096
cpu,27628.639488,27628.640454,22020096
cpu,27628.640454,27628.641411,22020096
cpu,27628.641411,27628.642360,22020096
cpu,27628.642361,27628.643319,22020096
cpu,27628.643319,27628.644285,22020096
cpu,27628.644285,27628.645267,22020096
cpu,27628.645268,27628.646227,22020096
cpu,27628.646227,27628.647178,22020096
cpu,27628.647178,27628.648156,22020096
cpu,27628.648156,27628.649107,22020096
cpu,27628.649107,27628.650065,22020096
cpu,27628.650065,27628.651018,22020096
cpu,27628.651018,27628.651977,22020096
cpu,27628.651977,27628.652952,22020096
cpu,27628.652953,27628.653901,22020096
cpu,27628.653902,27628.654863,22020096
cpu,27628.654864,27628.655842,22020096
cpu,27628.655843,27628.656856,22020096
cpu,27628.656857,27628.657835,22020096
cpu,27628.657835,27628.658807,22020096
cpu,27628.658807,27628.659821,22020096
cpu,27628.659822,27628.660792,22020096
cpu,27628.660792,27628.661745,22020096
cpu,27628.661745,27628.662715,22020096
cpu,27628.662715,27628.663670,22020096
cpu,27628.663670,27628.664648,22020096
cpu,27628.664649,27628.665604,22020096
cpu,27628.665604,27628.666562,22020096
cpu,27628.666562,27628.667511,22020096
cpu,27628.667512,27628.668482,22020096
cpu,27628.668482,27628.669439,22020096
cpu,27628.669439,27628.670390,22020096
cpu,27628.670390,27628.671344,22020096
cpu,27628.671345,27628.672312,22020096
cpu,27628.672312,27628.673268,22020096
cpu,27628.673269,27628.674219,22020096
cpu,27628.674219,27628.675202,22020096
cpu,27628.675202,27628.676172,22020096
cpu,27628.676172,27628.677125,22020096
cpu,27628.677125,27628.678081,22020096
cpu,27628.678081,27628.679038,22020096
cpu,27628.679038,27628.679991,22020096
cpu,27628.679991,27628.680959,22020096
cpu,27628.680959,27628.681912,22020096
cpu,27628.681912,27628.682861,22020096
cpu,27628.682861,27628.683815,22020096
cpu,27628.683815,27628.684787,22020096
cpu,27628.684787,27628.685742,22020096
cpu,27628.685742,27628.686700,22020096
cpu,27628.686700,27628.687651,22020096
cpu,27628.687651,27628.688626,22020096
cpu,27628.688626,27628.689580,22020096
cpu,27628.689580,27628.690533,22020096
cpu,27628.690534,27628.691492,22020096
cpu,27628.691492,27628.692462,22020096
cpu,27628.692463,27628.693416,22020096
cpu,27628.693416,27628.694367,22020096
cpu,27628.694367,27628.695354,22020096
cpu,27628.695354,27628.696326,22020096
cpu,27628.696326,27628.697279,22020096
cpu,27628.697280,27628.698235,22020096
cpu,27628.698235,27628.699189,22020096
cpu,27628.699190,27628.700162,22020096
cpu,27628.700162,27628.701113,22020096
cpu,27628.701113,27628.702139,22020096
cpu,27628.702139,27628.703158,22020096
cpu,27628.703158,27628.704166,22020096
cpu,27628.704167,27628.705162,22020096
cpu,27628.705163,27628.706130,22020096
cpu,27628.706130,27628.707099,22020096
cpu,27628.707099,27628.708066,22020096
cpu,27628.708066,27628.709019,22020096
cpu,27628.709019,27628.709973,22020096
cpu,27628.709973,27628.710930,22020096
cpu,27628.710930,27628.711886,22020096
cpu,27628.711886,27628.712849,22020096
cpu,27628.712850,27628.713801,22020096
cpu,27628.713802,27628.714774,22020096
cpu,27628.714774,27628.715744,22020096
cpu,27628.715744,27628.716720,22020096
cpu,27628.716720,27628.717680,22020096
cpu,27628.717680,27628.718638,22020096
cpu,27628.718638,27628.719594,22020096
cpu,27628.719594,27628.720568,22020096
cpu,27628.720569,27628.721525,22020096
cpu,27628.721525,27628.722476,22020096
cpu,27628.722476,27628.723428,22020096
cpu,27628.723428,27628.724400,22020096
cpu,27628.724400,27628.725381,22020096
cpu,27628.725381,27628.726336,22020096
cpu,27628.726336,27628.727288,22020096
cpu,27628.727289,27628.728256,22020096
cpu,27628.728256,27628.729209,22020096
cpu,27628.729210,27628.730162,22020096
cpu,27628.730162,27628.731119,22020096
cpu,27628.731120,27628.732087,22020096
cpu,27628.732088,27628.733043,22020096
cpu,27628.733043,27628.734000,22020096
cpu,27628.734000,27628.734955,22020096
cpu,27628.734956,27628.735911,22020096
cpu,27628.735911,27628.736875,22020096
cpu,27628.736882,27628.737838,22020096
cpu,27628.737838,27628.738792,22020096
cpu,27628.738792,27628.739743,22020096
cpu,27628.739743,27628.740711,22020096
cpu,27628.740711,27628.741660,22020096
cpu,27628.741660,27628.742618,22020096
cpu,27628.742619,27628.743571,22020096
cpu,27628.743571,27628.744543,22020096
cpu,27628.744543,27628.745500,22020096
cpu,27628.745500,27628.746452,22020096
cpu,27628.746452,27628.747406,22020096
cpu,27628.747407,27628.748376,22020096
cpu,27628.748377,27628.749379,22020096
cpu,27628.749379,27628.750381,22020096
cpu,27628.750381,27628.751389,22020096
cpu,27628.751389,27628.752435,22020096
cpu,27628.752435,27628.753387,22020096
cpu,27628.753388,27628.754346,22020096
cpu,27628.754346,27628.755319,22020096
cpu,27628.755319,27628.756296,22020096
cpu,27628.756296,27628.757253,22020096
cpu,27628.757254,27628.758202,22020096
cpu,27628.758202,27628.759163,22020096
cpu,27628.759163,27628.760129,22020096
cpu,27628.760130,27628.761082,22020096
cpu,27628.761082,27628.762035,22020096
cpu,27628.762035,27628.762991,22020096
cpu,27628.762991,27628.763938,22020096
cpu,27628.763938,27628.764926,22020096
cpu,27628.764926,27628.765899,22020096
cpu,27628.765899,27628.766851,22020096
cpu,27628.766852,27628.767801,22020096
cpu,27628.767801,27628.768783,22020096
cpu,27628.768783,27628.769744,22020096
cpu,27628.769744,27628.770700,22020096
cpu,27628.770700,27628.771667,22020096
cpu,27628.771668,27628.772646,22020096
cpu,27628.772646,27628.773597,22020096
cpu,27628.773597,27628.774548,22020096
cpu,27628.774548,27628.775527,22020096
cpu,27628.775527,27628.776504,22020096
cpu,27628.776505,27628.777463,22020096
cpu,27628.777463,27628.778414,22020096
cpu,27628.778414,27628.779373,22020096
cpu,27628.779373,27628.780347,22020096
cpu,27628.780347,27628.781305,22020096
cpu,27628.781305,27628.782257,22020096
cpu,27628.782257,27628.783216,22020096
cpu,27628.783217,27628.784185,22020096
cpu,27628.784185,27628.785138,22020096
cpu,27628.785138,27628.786121,22020096
cpu,27628.786121,27628.787075,22020096
cpu,27628.787075,27628.788047,22020096
cpu,27628.788047,27628.789005,22020096
cpu,27628.789005,27628.789968,22020096
cpu,27628.789968,27628.790923,22020096
cpu,27628.790923,27628.791879,22020096
cpu,27628.791879,27628.792850,22020096
cpu,27628.792850,27628.793806,22020096
cpu,27628.793806,27628.794804,22020096
cpu,27628.794805,27628.795835,22020096
cpu,27628.795836,27628.796849,22020096
cpu,27628.796850,27628.797831,22020096
cpu,27628.797831,27628.798808,22020096
cpu,27628.798808,27628.799830,22020096
cpu,27628.799830,27628.800804,22020096
cpu,27628.800804,27628.801766,22020096
cpu,27628.801766,27628.802716,22020096
cpu,27628.802716,27628.803689,22020096
cpu,27628.803689,27628.804681,22020096
cpu,27628.804681,27628.805670,22020096
cpu,27628.805670,27628.806648,22020096
cpu,27628.806648,27628.807626,22020096
cpu,27628.807626,27628.808618,22020096
cpu,27628.808618,27628.809617,22020096
cpu,27628.809618,27628.810602,22020096
cpu,27628.810602,27628.811571,22020096
cpu,27628.811571,27628.812548,22020096
cpu,27628.812549,27628.813525,22020096
cpu,27628.813526,27628.814485,22020096
cpu,27628.814485,27628.815449,22020096
cpu,27628.815449,27628.816432,22020096
cpu,27628.816432,27628.817395,22020096
cpu,27628.817396,27628.818361,22020096
cpu,27628.818361,27628.819319,22020096
cpu,27628.819320,27628.820291,22020096
cpu,27628.820291,27628.821249,22020096
cpu,27628.821249,27628.822207,22020096
cpu,27628.822207,27628.823167,22020096
cpu,27628.823167,27628.824142,22020096
cpu,27628.824142,27628.825100,22020096
cpu,27628.825100,27628.826060,22020096
cpu,27628.826060,27628.827015,22020096
cpu,27628.827015,27628.827971,22020096
cpu,27628.827972,27628.828944,22020096
cpu,27628.828944,27628.829900,22020096
cpu,27628.829901,27628.830856,22020096
cpu,27628.830857,27628.831808,22020096
cpu,27628.831808,27628.832777,22020096
cpu,27628.832777,27628.833733,22020096
cpu,27628.833734,27628.834691,22020096
cpu,27628.834691,27628.835669,22020096
cpu,27628.835669,27628.836646,22020096
cpu,27628.836647,27628.837601,22020096
cpu,27628.837601,27628.838556,22020096
cpu,27628.838557,27628.839511,22020096
cpu,27628.839511,27628.840485,22020096
cpu,27628.840485,27628.841436,22020096
cpu,27628.841436,27628.842419,22020096
cpu,27628.842420,27628.843389,22020096
cpu,27628.843389,27628.844407,22020096
cpu,27628.844408,27628.845384,22020096
cpu,27628.845385,27628.846400,22020096
cpu,27628.846401,27628.847373,22020096
cpu,27628.847373,27628.848352,22020096
cpu,27628.848352,27628.849316,22020096
cpu,27628.849316,27628.850273,22020096
cpu,27628.850273,27628.851242,22020096
cpu,27628.851242,27628.852215,22020096
cpu,27628.852215,27628.853166,22020096
cpu,27628.853167,27628.854133,22020096
cpu,27628.854133,27628.855095,22020096
cpu,27628.855095,27628.856105,22020096
cpu,27628.856106,27628.857065,22020096
cpu,27628.857065,27628.858027,22020096
cpu,27628.858028,27628.858983,22020096
cpu,27628.858983,27628.859941,22020096
cpu,27628.859941,27628.860914,22020096
cpu,27628.860914,27628.861868,22020096
cpu,27628.861868,27628.862826,22020096
cpu,27628.862826,27628.863779,22020096
cpu,27628.863779,27628.864753,22020096
cpu,27628.864753,27628.865710,22020096
cpu,27628.865710,27628.866700,22020096
cpu,27628.866700,27628.867673,22020096
cpu,27628.867673,27628.868648,22020096
cpu,27628.868648,27628.869621,22020096
cpu,27628.869621,27628.870587,22020096
cpu,27628.870587,27628.871549,22020096
cpu,27628.871550,27628.872529,22020096
cpu,27628.872529,27628.873487,22020096
cpu,27628.873488,27628.874453,22020096
cpu,27628.874454,27628.875408,22020096
cpu,27628.875409,27628.876398,22020096
cpu,27628.876398,27628.877354,22020096
cpu,27628.877354,27628.878311,22020096
cpu,27628.878311,27628.879271,22020096
cpu,27628.879271,27628.880246,22020096
cpu,27628.880246,27628.881201,22020096
cpu,27628.881202,27628.882156,22020096
cpu,27628.882156,27628.883112,22020096
cpu,27628.883113,27628.884079,22020096
cpu,27628.884079,27628.885036,22020096
cpu,27628.885036,27628.886007,22020096
cpu,27628.886007,27628.886967,22020096
cpu,27628.886968,27628.887929,22020096
cpu,27628.887929,27628.888960,22020096
cpu,27628.888960,27628.889954,22020096
cpu,27628.889954,27628.890954,22020096
cpu,27628.890954,27628.891931,22020096
cpu,27628.891931,27628.892942,22020096
cpu,27628.892942,27628.893894,22020096
cpu,27628.893894,27628.894857,22020096
cpu,27628.894857,27628.895815,22020096
cpu,27628.895815,27628.896786,22020096
cpu,27628.896787,27628.897738,22020096
cpu,27628.897738,27628.898694,22020096
cpu,27628.898694,27628.899649,22020096
cpu,27628.899649,27628.900625,22020096
cpu,27628.900626,27628.901580,22020096
cpu,27628.901580,27628.902530,22020096
cpu,27628.902538,27628.903489,22020096
cpu,27628.903489,27628.904459,22020096
cpu,27628.904459,27628.905415,22020096
cpu,27628.905415,27628.906377,22020096
cpu,27628.906377,27628.907336,22020096
cpu,27628.907336,27628.908313,22020096
cpu,27628.908313,27628.909267,22020096
cpu,27628.909267,27628.910226,22020096
cpu,27628.910226,27628.911209,22020096
cpu,27628.911210,27628.912182,22020096
cpu,27628.912182,27628.913165,22020096
cpu,27628.913165,27628.914120,22020096
cpu,27628.914120,27628.915083,22020096
cpu,27628.915083,27628.916053,22020096
cpu,27628.916053,27628.917030,22020096
cpu,27628.917031,27628.917990,22020096
cpu,27628.917990,27628.918947,22020096
cpu,27628.918947,27628.919899,22020096
cpu,27628.919899,27628.920870,22020096
cpu,27628.920870,27628.921828,22020096
cpu,27628.921828,27628.922787,22020096
cpu,27628.922787,27628.923745,22020096
cpu,27628.923745,27628.924711,22020096
cpu,27628.924712,27628.925670,22020096
cpu,27628.925670,27628.926637,22020096
cpu,27628.926637,27628.927599,22020096
cpu,27628.927599,27628.928570,22020096
cpu,27628.928570,27628.929521,22020096
cpu,27628.929521,27628.930483,22020096
cpu,27628.930483,27628.931434,22020096
cpu,27628.931434,27628.932404,22020096
cpu,27628.932404,27628.933367,22020096
cpu,27628.933367,27628.934329,22020096
cpu,27628.934329,27628.935304,22020096
cpu,27628.935304,27628.936276,22020096
cpu,27628.936276,27628.937285,22020096
cpu,27628.937285,27628.938261,22020096
cpu,27628.938261,27628.939287,22020096
cpu,27628.939287,27628.940261,22020096
cpu,27628.940261,27628.941217,22020096
cpu,27628.941218,27628.942173,22020096
cpu,27628.942173,27628.943126,22020096
cpu,27628.943126,27628.944098,22020096
cpu,27628.944099,27628.945054,22020096
cpu,27628.945054,27628.946008,22020096
cpu,27628.946008,27628.946983,22020096
cpu,27628.946983,27628.947943,22020096
cpu,27628.947943,27628.948928,22020096
cpu,27628.948928,27628.949883,22020096
cpu,27628.949884,27628.950848,22020096
cpu,27628.950848,27628.951801,22020096
cpu,27628.951801,27628.952779,22020096
cpu,27628.952779,27628.953734,22020096
cpu,27628.953734,27628.954691,22020096
cpu,27628.954691,27628.955651,22020096
cpu,27628.955651,27628.956625,22020096
cpu,27628.956626,27628.957581,22020096
cpu,27628.957581,27628.958539,22020096
cpu,27628.958540,27628.959496,22020096
cpu,27628.959496,27628.960467,22020096
cpu,27628.960467,27628.961428,22020096
cpu,27628.961428,27628.962386,22020096
cpu,27628.962387,27628.963341,22020096
cpu,27628.963341,27628.964311,22020096
cpu,27628.964311,27628.965280,22020096
cpu,27628.965280,27628.966238,22020096
cpu,27628.966238,27628.967218,22020096
cpu,27628.967219,27628.968186,22020096
cpu,27628.968186,27628.969145,22020096
cpu,27628.969145,27628.970098,22020096
cpu,27628.970098,27628.971058,22020096
cpu,27628.971059,27628.972028,22020096
cpu,27628.972029,27628.972988,22020096
cpu,27628.972988,27628.973945,22020096
cpu,27628.973945,27628.974922,22020096
cpu,27628.974922,27628.975881,22020096
cpu,27628.975881,27628.976871,22020096
cpu,27628.976872,27628.977832,22020096
cpu,27628.977833,27628.978792,22020096
cpu,27628.978793,27628.979743,22020096
cpu,27628.979743,27628.980717,22020096
cpu,27628.980718,27628.981672,22020096
cpu,27628.981672,27628.982658,22020096
cpu,27628.982658,27628.983658,22020096
cpu,27628.983658,27628.984647,22020096
cpu,27628.984647,27628.985623,22020096
cpu,27628.985623,27628.986624,22020096
cpu,27628.986624,27628.987589,22020096
cpu,27628.987589,27628.988571,22020096
cpu,27628.988571,27628.989531,22020096
cpu,27628.989531,27628.990483,22020096
cpu,27628.990483,27628.991439,22020096
cpu,27628.991439,27628.992412,22020096
cpu,27628.992412,27628.993377,22020096
cpu,27628.993377,27628.994330,22020096
cpu,27628.994330,27628.995289,22020096
cpu,27628.995290,27628.996259,22020096
cpu,27628.996259,27628.997210,22020096
cpu,27628.997210,27628.998178,22020096
cpu,27628.998178,27628.999132,22020096
cpu,27628.999132,27629.000105,22020096
cpu,27629.000105,27629.001061,22020096
cpu,27629.001061,27629.002018,22020096
cpu,27629.002018,27629.002978,22020096
cpu,27629.002978,27629.003931,22020096
cpu,27629.003931,27629.004906,22020096
cpu,27629.004906,27629.005863,22020096
cpu,27629.005863,27629.006819,22020096
cpu,27629.006819,27629.007776,22020096
cpu,27629.007776,27629.008747,22020096
cpu,27629.008748,27629.009707,22020096
cpu,27629.009708,27629.010662,22020096
cpu,27629.010662,27629.011621,22020096
cpu,27629.011621,27629.012593,22020096
cpu,27629.012593,27629.013554,22020096
cpu,27629.013554,27629.014516,22020096
cpu,27629.014516,27629.015475,22020096
cpu,27629.015475,27629.016462,22020096
cpu,27629.016463,27629.017421,22020096
cpu,27629.017421,27629.018391,22020096
cpu,27629.018391,27629.019347,22020096
cpu,27629.019347,27629.020326,22020096
cpu,27629.020326,27629.021283,22020096
cpu,27629.021283,27629.022243,22020096
cpu,27629.022244,27629.023197,22020096
cpu,27629.023197,27629.024160,22020096
cpu,27629.024160,27629.025119,22020096
cpu,27629.025120,27629.026077,22020096
cpu,27629.026078,27629.027032,22020096
cpu,27629.027032,27629.027981,22020096
cpu,27629.027981,27629.028963,22020096
cpu,27629.028963,27629.029968,22020096
cpu,27629.029968,27629.030933,22020096
cpu,27629.030934,27629.031908,22020096
cpu,27629.031909,27629.032916,22020096
cpu,27629.032916,27629.033875,22020096
cpu,27629.033875,27629.034829,22020096
cpu,27629.034829,27629.035789,22020096
cpu,27629.035789,27629.036759,22020096
cpu,27629.036760,27629.037712,22020096
cpu,27629.037712,27629.038684,22020096
cpu,27629.038684,27629.039637,22020096
cpu,27629.039637,27629.040623,22020096
cpu,27629.040623,27629.041572,22020096
cpu,27629.041572,27629.042532,22020096
cpu,27629.042532,27629.043489,22020096
cpu,27629.043489,27629.044454,22020096
cpu,27629.044454,27629.045407,22020096
cpu,27629.045407,27629.046361,22020096
cpu,27629.046362,27629.047320,22020096
cpu,27629.047320,27629.048288,22020096
cpu,27629.048288,27629.049249,22020096
cpu,27629.049249,27629.050207,22020096
cpu,27629.050208,27629.051162,22020096
cpu,27629.051162,27629.052133,22020096
cpu,27629.052134,27629.053089,22020096
cpu,27629.053089,27629.054044,22020096
cpu,27629.054045,27629.054998,22020096
cpu,27629.054998,27629.055961,22020096
cpu,27629.055962,27629.056935,22020096
cpu,27629.056936,27629.057887,22020096
cpu,27629.057888,27629.058841,22020096
cpu,27629.058841,27629.059795,22020096
cpu,27629.059795,27629.060768,22020096
cpu,27629.060768,27629.061730,22020096
cpu,27629.061730,27629.062692,22020096
cpu,27629.062692,27629.063652,22020096
cpu,27629.063653,27629.064622,22020096
cpu,27629.064622,27629.065583,22020096
cpu,27629.065583,27629.066537,22020096
cpu,27629.066544,27629.067505,22020096
cpu,27629.067506,27629.068483,22020096
cpu,27629.068483,27629.069454,22020096
cpu,27629.069454,27629.070417,22020096
cpu,27629.070418,27629.071389,22020096
cpu,27629.071389,27629.072364,22020096
cpu,27629.072365,27629.073317,22020096
cpu,27629.073317,27629.074273,22020096
cpu,27629.074273,27629.075230,22020096
cpu,27629.075230,27629.076228,22020096
cpu,27629.076229,27629.077199,22020096
cpu,27629.077200,27629.078167,22020096
cpu,27629.078167,27629.079206,22020096
cpu,27629.079206,27629.080180,22020096
cpu,27629.080180,27629.081141,22020096
cpu,27629.081142,27629.082105,22020096
cpu,27629.082105,27629.083065,22020096
cpu,27629.083065,27629.084044,22020096
cpu,27629.084044,27629.085007,22020096
cpu,27629.085007,27629.085966,22020096
cpu,27629.085966,27629.086921,22020096
cpu,27629.086921,27629.087882,22020096
cpu,27629.087882,27629.088856,22020096
cpu,27629.088857,27629.089821,22020096
cpu,27629.089821,27629.090771,22020096
cpu,27629.090771,27629.091730,22020096
cpu,27629.091730,27629.092700,22020096
cpu,27629.092700,27629.093674,22020096
cpu,27629.093674,27629.094626,22020096
cpu,27629.094626,27629.095579,22020096
cpu,27629.095579,27629.096549,22020096
cpu,27629.096549,27629.097506,22020096
cpu,27629.097506,27629.098471,22020096
cpu,27629.098471,27629.099446,22020096
cpu,27629.099446,27629.100414,22020096
cpu,27629.100414,27629.101373,22020096
cpu,27629.101374,27629.102329,22020096
cpu,27629.102330,27629.103286,22020096
cpu,27629.103286,27629.104256,22020096
cpu,27629.104256,27629.105217,22020096
cpu,27629.105217,27629.106174,22020096
cpu,27629.106174,27629.107126,22020096
cpu,27629.107127,27629.108097,22020096
cpu,27629.108097,27629.109056,22020096
cpu,27629.109057,27629.110015,22020096
cpu,27629.110015,27629.110969,22020096
cpu,27629.110970,27629.111929,22020096
cpu,27629.111930,27629.112903,22020096
cpu,27629.112903,27629.113854,22020096
cpu,27629.113854,27629.114807,22020096
cpu,27629.114807,27629.115760,22020096
cpu,27629.115760,27629.116733,22020096
cpu,27629.116734,27629.117685,22020096
cpu,27629.117686,27629.118648,22020096
cpu,27629.118648,27629.119618,22020096
cpu,27629.119619,27629.120585,22020096
cpu,27629.120585,27629.121540,22020096
cpu,27629.121540,27629.122524,22020096
cpu,27629.122524,27629.123520,22020096
cpu,27629.123520,27629.124512,22020096
cpu,27629.124513,27629.125483,22020096
cpu,27629.125484,27629.126512,22020096
cpu,27629.126513,27629.127468,22020096
cpu,27629.127468,27629.128441,22020096
cpu,27629.128441,27629.129415,22020096
cpu,27629.129416,27629.130378,22020096
cpu,27629.130378,27629.131339,22020096
cpu,27629.131340,27629.132312,22020096
cpu,27629.132312,27629.133275,22020096
cpu,27629.133275,27629.134247,22020096
cpu,27629.134247,27629.135197,22020096
cpu,27629.135198,27629.136167,22020096
cpu,27629.136167,27629.137124,22020096
cpu,27629.137124,27629.138082,22020096
cpu,27629.138082,27629.139053,22020096
cpu,27629.139054,27629.140026,22020096
cpu,27629.140027,27629.140985,22020096
cpu,27629.140985,27629.141944,22020096
cpu,27629.141945,27629.142901,22020096
cpu,27629.142901,27629.143859,22020096
cpu,27629.143859,27629.144825,22020096
cpu,27629.144825,27629.145781,22020096
cpu,27629.145781,27629.146740,22020096
cpu,27629.146740,27629.147692,22020096
cpu,27629.147692,27629.148669,22020096
cpu,27629.148670,27629.149656,22020096
cpu,27629.149657,27629.150616,22020096
cpu,27629.150616,27629.151573,22020096
cpu,27629.151573,27629.152536,22020096
cpu,27629.152536,27629.153499,22020096
cpu,27629.153500,27629.154456,22020096
cpu,27629.154456,27629.155408,22020096
cpu,27629.155408,27629.156378,22020096
cpu,27629.156378,27629.157335,22020096
cpu,27629.157335,27629.158287,22020096
cpu,27629.158287,27629.159245,22020096
cpu,27629.159245,27629.160217,22020096
cpu,27629.160217,27629.161168,22020096
cpu,27629.161168,27629.162124,22020096
cpu,27629.162124,27629.163077,22020096
cpu,27629.163077,27629.164052,22020096
cpu,27629.164052,27629.165013,22020096
cpu,27629.165014,27629.165966,22020096
cpu,27629.165966,27629.166929,22020096
cpu,27629.166929,27629.167892,22020096
cpu,27629.167893,27629.168857,22020096
cpu,27629.168857,27629.169862,22020096
cpu,27629.169862,27629.170828,22020096
cpu,27629.170829,27629.171814,22020096
cpu,27629.171814,27629.172801,22020096
cpu,27629.172801,27629.173755,22020096
cpu,27629.173755,27629.174710,22020096
cpu,27629.174710,27629.175666,22020096
cpu,27629.175666,27629.176637,22020096
cpu,27629.176637,27629.177598,22020096
cpu,27629.177599,27629.178555,22020096
cpu,27629.178555,27629.179510,22020096
cpu,27629.179510,27629.180475,22020096
cpu,27629.180475,27629.181428,22020096
cpu,27629.181428,27629.182385,22020096
cpu,27629.182385,27629.183338,22020096
cpu,27629.183339,27629.184310,22020096
cpu,27629.184310,27629.185268,22020096
cpu,27629.185268,27629.186221,22020096
cpu,27629.186221,27629.187172,22020096
cpu,27629.187172,27629.188140,22020096
cpu,27629.188141,27629.189092,22020096
cpu,27629.189092,27629.190062,22020096
cpu,27629.190062,27629.191016,22020096
cpu,27629.191016,27629.191972,22020096
cpu,27629.191972,27629.192935,22020096
cpu,27629.192935,27629.193889,22020096
cpu,27629.193889,27629.194842,22020096
cpu,27629.194843,27629.195796,22020096
cpu,27629.195796,27629.196767,22020096
cpu,27629.196767,27629.197725,22020096
cpu,27629.197725,27629.198686,22020096
cpu,27629.198686,27629.199644,22020096
cpu,27629.199645,27629.200620,22020096
cpu,27629.200620,27629.201573,22020096
cpu,27629.201573,27629.202528,22020096
cpu,27629.202528,27629.203481,22020096
cpu,27629.203482,27629.204452,22020096
cpu,27629.204452,27629.205406,22020096
cpu,27629.205406,27629.206357,22020096
cpu,27629.206357,27629.207315,22020096
cpu,27629.207315,27629.208283,22020096
cpu,27629.208284,27629.209237,22020096
cpu,27629.209237,27629.210205,22020096
cpu,27629.210206,27629.211169,22020096
cpu,27629.211169,27629.212136,22020096
cpu,27629.212136,27629.213091,22020096
cpu,27629.213091,27629.214046,22020096
cpu,27629.214046,27629.214996,22020096
cpu,27629.214996,27629.215978,22020096
cpu,27629.215978,27629.216971,22020096
cpu,27629.216972,27629.217946,22020096
cpu,27629.217946,27629.218932,22020096
cpu,27629.218932,27629.219919,22020096
cpu,27629.219919,27629.220888,22020096
cpu,27629.220888,27629.221848,22020096
cpu,27629.221849,27629.222806,22020096
cpu,27629.222806,27629.223769,22020096
cpu,27629.223769,27629.224749,22020096
cpu,27629.224749,27629.225699,22020096
cpu,27629.225699,27629.226650,22020096
cpu,27629.226650,27629.227601,22020096
cpu,27629.227601,27629.228569,22020096
cpu,27629.228569,27629.229528,22020096
cpu,27629.229529,27629.230498,22020096
cpu,27629.230498,27629.231452,22020096
cpu,27629.231458,27629.232427,22020096
cpu,27629.232427,27629.233380,22020096
cpu,27629.233380,27629.234336,22020096
cpu,27629.234336,27629.235292,22020096
cpu,27629.235292,27629.236266,22020096
cpu,27629.236266,27629.237219,22020096
cpu,27629.237219,27629.238179,22020096
cpu,27629.238179,27629.239130,22020096
cpu,27629.239130,27629.240111,22020096
cpu,27629.240111,27629.241066,22020096
cpu,27629.241066,27629.242018,22020096
cpu,27629.242019,27629.242972,22020096
cpu,27629.242972,27629.243926,22020096
cpu,27629.243926,27629.244895,22020096
cpu,27629.244895,27629.245851,22020096
cpu,27629.245851,27629.246802,22020096
cpu,27629.246803,27629.247756,22020096
cpu,27629.247756,27629.248722,22020096
cpu,27629.248722,27629.249677,22020096
cpu,27629.249677,27629.250651,22020096
cpu,27629.250651,27629.251610,22020096
cpu,27629.251610,27629.252585,22020096
cpu,27629.252585,27629.253552,22020096
cpu,27629.253553,27629.254514,22020096
cpu,27629.254514,27629.255469,22020096
cpu,27629.255469,27629.256431,22020096
cpu,27629.256431,27629.257386,22020096
cpu,27629.257386,27629.258344,22020096
cpu,27629.258344,27629.259299,22020096
cpu,27629.259299,27629.260308,22020096
cpu,27629.260308,27629.261264,22020096
cpu,27629.261264,27629.262258,22020096
cpu,27629.262258,27629.263223,22020096
cpu,27629.263223,27629.264209,22020096
cpu,27629.264209,27629.265181,22020096
cpu,27629.265182,27629.266152,22020096
cpu,27629.266152,27629.267106,22020096
cpu,27629.267107,27629.268079,22020096
cpu,27629.268079,27629.269032,22020096
cpu,27629.269033,27629.269987,22020096
cpu,27629.269987,27629.270944,22020096
cpu,27629.270944,27629.271898,22020096
cpu,27629.271898,27629.272869,22020096
cpu,27629.272869,27629.273818,22020096
cpu,27629.273818,27629.274779,22020096
cpu,27629.274780,27629.275729,22020096
cpu,27629.275729,27629.276735,22020096
cpu,27629.276735,27629.277688,22020096
cpu,27629.277688,27629.278649,22020096
cpu,27629.278649,27629.279602,22020096
cpu,27629.279602,27629.280588,22020096
cpu,27629.280588,27629.281548,22020096
cpu,27629.281548,27629.282503,22020096
cpu,27629.282503,27629.283455,22020096
cpu,27629.283455,27629.284422,22020096
cpu,27629.284423,27629.285383,22020096
cpu,27629.285383,27629.286337,22020096
cpu,27629.286337,27629.287292,22020096
cpu,27629.287293,27629.288259,22020096
cpu,27629.288260,27629.289217,22020096
cpu,27629.289218,27629.290173,22020096
cpu,27629.290173,27629.291127,22020096
cpu,27629.291128,27629.292102,22020096
cpu,27629.292102,27629.293063,22020096
cpu,27629.293063,27629.294018,22020096
cpu,27629.294018,27629.294972,22020096
cpu,27629.294972,27629.295925,22020096
cpu,27629.295925,27629.296889,22020096
cpu,27629.296889,27629.297841,22020096
cpu,27629.297841,27629.298799,22020096
cpu,27629.298799,27629.299758,22020096
cpu,27629.299758,27629.300746,22020096
cpu,27629.300747,27629.301703,22020096
cpu,27629.301703,27629.302650,22020096
cpu,27629.302650,27629.303609,22020096
cpu,27629.303609,27629.304577,22020096
cpu,27629.304578,27629.305535,22020096
cpu,27629.305535,27629.306494,22020096
cpu,27629.306494,27629.307446,22020096
cpu,27629.307446,27629.308434,22020096
cpu,27629.308434,27629.309419,22020096
cpu,27629.309419,27629.310420,22020096
cpu,27629.310421,27629.311396,22020096
cpu,27629.311396,27629.312391,22020096
cpu,27629.312391,27629.313371,22020096
cpu,27629.313371,27629.314323,22020096
cpu,27629.314324,27629.315284,22020096
cpu,27629.315284,27629.316254,22020096
cpu,27629.316254,27629.317212,22020096
cpu,27629.317212,27629.318166,22020096
cpu,27629.318166,27629.319121,22020096
cpu,27629.319121,27629.320098,22020096
cpu,27629.320098,27629.321068,22020096
cpu,27629.321069,27629.322021,22020096
cpu,27629.322021,27629.322980,22020096
cpu,27629.322980,27629.323940,22020096
cpu,27629.323940,27629.324909,22020096
cpu,27629.324909,27629.325868,22020096
cpu,27629.325868,27629.326824,22020096
cpu,27629.326824,27629.327780,22020096
cpu,27629.327780,27629.328749,22020096
cpu,27629.328749,27629.329708,22020096
cpu,27629.329709,27629.330688,22020096
cpu,27629.330688,27629.331639,22020096
cpu,27629.331640,27629.332612,22020096
cpu,27629.332612,27629.333584,22020096
cpu,27629.333584,27629.334537,22020096
cpu,27629.334537,27629.335500,22020096
cpu,27629.335501,27629.336470,22020096
cpu,27629.336470,27629.337429,22020096
cpu,27629.337429,27629.338384,22020096
cpu,27629.338385,27629.339344,22020096
cpu,27629.339344,27629.340322,22020096
cpu,27629.340322,27629.341291,22020096
cpu,27629.341291,27629.342248,22020096
cpu,27629.342248,27629.343207,22020096
cpu,27629.343208,27629.344177,22020096
cpu,27629.344178,27629.345134,22020096
cpu,27629.345134,27629.346094,22020096
cpu,27629.346094,27629.347056,22020096
cpu,27629.347057,27629.348020,22020096
cpu,27629.348020,27629.348977,22020096
cpu,27629.348978,27629.349935,22020096
cpu,27629.349935,27629.350909,22020096
cpu,27629.350909,27629.351870,22020096
cpu,27629.351870,27629.352887,22020096
cpu,27629.352887,27629.353849,22020096
cpu,27629.353850,27629.354802,22020096
cpu,27629.354802,27629.355804,22020096
cpu,27629.355804,27629.356823,22020096
cpu,27629.356824,27629.357811,22020096
cpu,27629.357811,27629.358792,22020096
cpu,27629.358792,27629.359811,22020096
cpu,27629.359811,27629.360803,22020096
cpu,27629.360804,27629.361760,22020096
cpu,27629.361761,27629.362723,22020096
cpu,27629.362723,27629.363678,22020096
cpu,27629.363678,27629.364650,22020096
cpu,27629.364651,27629.365612,22020096
cpu,27629.365612,27629.366567,22020096
cpu,27629.366567,27629.367525,22020096
cpu,27629.367525,27629.368502,22020096
cpu,27629.368502,27629.369460,22020096
cpu,27629.369460,27629.370415,22020096
cpu,27629.370415,27629.371401,22020096
cpu,27629.371401,27629.372377,22020096
cpu,27629.372377,27629.373329,22020096
cpu,27629.373330,27629.374295,22020096
cpu,27629.374295,27629.375250,22020096
cpu,27629.375250,27629.376217,22020096
cpu,27629.376217,27629.377172,22020096
cpu,27629.377172,27629.378160,22020096
cpu,27629.378161,27629.379119,22020096
cpu,27629.379119,27629.380084,22020096
cpu,27629.380084,27629.381056,22020096
cpu,27629.381056,27629.382012,22020096
cpu,27629.382012,27629.382974,22020096
cpu,27629.382974,27629.383932,22020096
cpu,27629.383932,27629.384899,22020096
cpu,27629.384899,27629.385853,22020096
cpu,27629.385854,27629.386806,22020096
cpu,27629.386806,27629.387762,22020096
cpu,27629.387762,27629.388737,22020096
cpu,27629.388737,27629.389696,22020096
cpu,27629.389696,27629.390662,22020096
cpu,27629.390662,27629.391617,22020096
cpu,27629.391617,27629.392588,22020096
cpu,27629.392589,27629.393542,22020096
cpu,27629.393542,27629.394500,22020096
cpu,27629.394501,27629.395456,22020096
cpu,27629.395457,27629.396427,22020096
cpu,27629.396434,27629.397390,22020096
cpu,27629.397391,27629.398357,22020096
cpu,27629.398358,27629.399312,22020096
cpu,27629.399313,27629.400283,22020096
cpu,27629.400283,27629.401254,22020096
cpu,27629.401255,27629.402212,22020096
cpu,27629.402212,27629.403243,22020096
cpu,27629.403243,27629.404228,22020096
cpu,27629.404228,27629.405198,22020096
cpu,27629.405198,27629.406175,22020096
cpu,27629.406175,27629.407125,22020096
cpu,27629.407125,27629.408097,22020096
cpu,27629.408097,27629.409055,22020096
cpu,27629.409055,27629.410018,22020096
cpu,27629.410018,27629.410981,22020096
cpu,27629.410982,27629.411933,22020096
cpu,27629.411933,27629.412912,22020096
cpu,27629.412912,27629.413868,22020096
cpu,27629.413868,27629.414824,22020096
cpu,27629.414825,27629.415795,22020096
cpu,27629.415795,27629.416767,22020096
cpu,27629.416767,27629.417720,22020096
cpu,27629.417721,27629.418672,22020096
cpu,27629.418673,27629.419633,22020096
cpu,27629.419633,27629.420601,22020096
cpu,27629.420601,27629.421580,22020096
cpu,27629.421580,27629.422536,22020096
cpu,27629.422537,27629.423493,22020096
cpu,27629.423493,27629.424467,22020096
cpu,27629.424467,27629.425432,22020096
cpu,27629.425432,27629.426388,22020096
cpu,27629.426388,27629.427356,22020096
cpu,27629.427356,27629.428325,22020096
cpu,27629.428325,27629.429281,22020096
cpu,27629.429281,27629.430236,22020096
cpu,27629.430237,27629.431194,22020096
cpu,27629.431194,27629.432160,22020096
cpu,27629.432160,27629.433120,22020096
cpu,27629.433120,27629.434073,22020096
cpu,27629.434073,27629.435030,22020096
cpu,27629.435030,27629.435979,22020096
cpu,27629.435979,27629.436952,22020096
cpu,27629.436953,27629.437910,22020096
cpu,27629.437910,27629.438866,22020096
cpu,27629.438866,27629.439842,22020096
cpu,27629.439842,27629.440824,22020096
cpu,27629.440824,27629.441790,22020096
cpu,27629.441790,27629.442745,22020096
cpu,27629.442746,27629.443706,22020096
cpu,27629.443706,27629.444679,22020096
cpu,27629.444679,27629.445632,22020096
cpu,27629.445632,27629.446587,22020096
cpu,27629.446587,27629.447554,22020096
cpu,27629.447555,27629.448527,22020096
cpu,27629.448527,27629.449506,22020096
cpu,27629.449506,27629.450502,22020096
cpu,27629.450502,27629.451492,22020096
cpu,27629.451492,27629.452463,22020096
cpu,27629.452464,27629.453438,22020096
cpu,27629.453438,27629.454389,22020096
cpu,27629.454389,27629.455344,22020096
cpu,27629.455344,27629.456311,22020096
cpu,27629.456311,27629.457266,22020096
cpu,27629.457266,27629.458227,22020096
cpu,27629.458228,27629.459181,22020096
cpu,27629.459182,27629.460162,22020096
cpu,27629.460162,27629.461118,22020096
cpu,27629.461119,27629.462071,22020096
cpu,27629.462071,27629.463024,22020096
cpu,27629.463024,27629.463979,22020096
cpu,27629.463979,27629.464951,22020096
cpu,27629.464952,27629.465905,22020096
cpu,27629.465905,27629.466861,22020096
cpu,27629.466861,27629.467812,22020096
cpu,27629.467812,27629.468784,22020096
cpu,27629.468784,27629.469736,22020096
cpu,27629.469737,27629.470692,22020096
cpu,27629.470693,27629.471663,22020096
cpu,27629.471663,27629.472628,22020096
cpu,27629.472628,27629.473583,22020096
cpu,27629.473583,27629.474535,22020096
cpu,27629.474536,27629.475488,22020096
cpu,27629.475488,27629.476456,22020096
cpu,27629.476456,27629.477414,22020096
cpu,27629.477414,27629.478368,22020096
cpu,27629.478368,27629.479320,22020096
cpu,27629.479321,27629.480291,22020096
cpu,27629.480291,27629.481251,22020096
cpu,27629.481251,27629.482207,22020096
cpu,27629.482207,27629.483159,22020096
cpu,27629.483159,27629.484135,22020096
cpu,27629.484136,27629.485093,22020096
cpu,27629.485094,27629.486050,22020096
cpu,27629.486050,27629.487003,22020096
cpu,27629.487004,27629.487955,22020096
cpu,27629.487955,27629.488928,22020096
cpu,27629.488928,27629.489882,22020096
cpu,27629.489882,27629.490834,22020096
cpu,27629.490834,27629.491807,22020096
cpu,27629.491807,27629.492772,22020096
cpu,27629.492772,27629.493733,22020096
cpu,27629.493733,27629.494688,22020096
cpu,27629.494688,27629.495643,22020096
cpu,27629.495643,27629.496656,22020096
cpu,27629.496656,27629.497631,22020096
cpu,27629.497631,27629.498603,22020096
cpu,27629.498603,27629.499567,22020096
cpu,27629.499568,27629.500574,22020096
cpu,27629.500574,27629.501535,22020096
cpu,27629.501535,27629.502497,22020096
cpu,27629.502497,27629.503450,22020096
cpu,27629.503450,27629.504422,22020096
cpu,27629.504422,27629.505382,22020096
cpu,27629.505382,27629.506335,22020096
cpu,27629.506335,27629.507296,22020096
cpu,27629.507296,27629.508268,22020096
cpu,27629.508268,27629.509228,22020096
cpu,27629.509228,27629.510183,22020096
cpu,27629.510184,27629.511138,22020096
cpu,27629.511138,27629.512127,22020096
cpu,27629.512127,27629.513080,22020096
cpu,27629.513080,27629.514037,22020096
cpu,27629.514037,27629.514996,22020096
cpu,27629.514996,27629.515955,22020096
cpu,27629.515955,27629.516927,22020096
cpu,27629.516928,27629.517885,22020096
cpu,27629.517885,27629.518832,22020096
cpu,27629.518833,27629.519785,22020096
cpu,27629.519785,27629.520762,22020096
cpu,27629.520762,27629.521724,22020096
cpu,27629.521724,27629.522682,22020096
cpu,27629.522682,27629.523638,22020096
cpu,27629.523638,27629.524613,22020096
cpu,27629.524613,27629.525573,22020096
cpu,27629.525573,27629.526524,22020096
cpu,27629.526524,27629.527482,22020096
cpu,27629.527482,27629.528448,22020096
cpu,27629.528448,27629.529408,22020096
cpu,27629.529409,27629.530368,22020096
cpu,27629.530368,27629.531324,22020096
cpu,27629.531324,27629.532310,22020096
cpu,27629.532310,27629.533262,22020096
cpu,27629.533262,27629.534213,22020096
cpu,27629.534213,27629.535168,22020096
cpu,27629.535168,27629.536141,22020096
cpu,27629.536141,27629.537098,22020096
cpu,27629.537098,27629.538053,22020096
cpu,27629.538053,27629.539014,22020096
cpu,27629.539014,27629.539965,22020096
cpu,27629.539965,27629.540938,22020096
cpu,27629.540938,27629.541895,22020096
cpu,27629.541895,27629.542882,22020096
cpu,27629.542882,27629.543869,22020096
cpu,27629.543869,27629.544888,22020096
cpu,27629.544889,27629.545876,22020096
cpu,27629.545877,27629.546841,22020096
cpu,27629.546841,27629.547799,22020096
cpu,27629.547800,27629.548778,22020096
cpu,27629.548778,27629.549738,22020096
cpu,27629.549738,27629.550691,22020096
cpu,27629.550692,27629.551654,22020096
cpu,27629.551654,27629.552639,22020096
cpu,27629.552639,27629.553594,22020096
cpu,27629.553594,27629.554546,22020096
cpu,27629.554547,27629.555499,22020096
cpu,27629.555499,27629.556473,22020096
cpu,27629.556473,27629.557431,22020096
cpu,27629.557431,27629.558387,22020096
cpu,27629.558387,27629.559342,22020096
cpu,27629.559342,27629.560311,22020096
cpu,27629.560317,27629.561274,22020096
cpu,27629.561274,27629.562242,22020096
cpu,27629.562242,27629.563200,22020096
cpu,27629.563200,27629.564167,22020096
cpu,27629.564167,27629.565119,22020096
cpu,27629.565119,27629.566069,22020096
cpu,27629.566069,27629.567022,22020096
cpu,27629.567022,27629.567978,22020096
cpu,27629.567978,27629.568945,22020096
cpu,27629.568945,27629.569904,22020096
cpu,27629.569904,27629.570856,22020096
cpu,27629.570857,27629.571819,22020096
cpu,27629.571819,27629.572790,22020096
cpu,27629.572790,27629.573738,22020096
cpu,27629.573738,27629.574688,22020096
cpu,27629.574689,27629.575647,22020096
cpu,27629.575647,27629.576617,22020096
cpu,27629.576617,27629.577574,22020096
cpu,27629.577574,27629.578520,22020096
cpu,27629.578520,27629.579477,22020096
cpu,27629.579478,27629.580448,22020096
cpu,27629.580448,27629.581402,22020096
cpu,27629.581402,27629.582369,22020096
cpu,27629.582369,27629.583321,22020096
cpu,27629.583322,27629.584289,22020096
cpu,27629.584289,27629.585247,22020096
cpu,27629.585247,27629.586210,22020096
cpu,27629.586210,27629.587163,22020096
cpu,27629.587163,27629.588188,22020096
cpu,27629.588189,27629.589161,22020096
cpu,27629.589161,27629.590141,22020096
cpu,27629.590141,27629.591118,22020096
cpu,27629.591118,27629.592107,22020096
cpu,27629.592107,27629.593105,22020096
cpu,27629.593106,27629.594062,22020096
cpu,27629.594062,27629.595022,22020096
cpu,27629.595022,27629.596024,22020096
cpu,27629.596024,27629.596985,22020096
cpu,27629.596986,27629.597944,22020096
cpu,27629.597944,27629.598907,22020096
cpu,27629.598908,27629.599871,22020096
cpu,27629.599871,27629.600837,22020096
cpu,27629.600838,27629.601792,22020096
cpu,27629.601792,27629.602761,22020096
cpu,27629.602761,27629.603719,22020096
cpu,27629.603719,27629.604688,22020096
cpu,27629.604688,27629.605639,22020096
cpu,27629.605640,27629.606601,22020096
cpu,27629.606601,27629.607553,22020096
cpu,27629.607554,27629.608527,22020096
cpu,27629.608527,27629.609484,22020096
cpu,27629.609484,27629.610447,22020096
cpu,27629.610447,27629.611404,22020096
cpu,27629.611404,27629.612384,22020096
cpu,27629.612385,27629.613345,22020096
cpu,27629.613345,27629.614297,22020096
cpu,27629.614298,27629.615254,22020096
cpu,27629.615254,27629.616216,22020096
cpu,27629.616216,27629.617179,22020096
cpu,27629.617179,27629.618137,22020096
cpu,27629.618137,27629.619090,22020096
cpu,27629.619090,27629.620074,22020096
cpu,27629.620074,27629.621024,22020096
cpu,27629.621024,27629.621979,22020096
cpu,27629.621979,27629.622948,22020096
cpu,27629.622949,27629.623912,22020096
cpu,27629.623912,27629.624882,22020096
cpu,27629.624882,27629.625833,22020096
cpu,27629.625833,27629.626790,22020096
cpu,27629.626790,27629.627745,22020096
cpu,27629.627745,27629.628719,22020096
cpu,27629.628719,27629.629674,22020096
cpu,27629.629674,27629.630632,22020096
cpu,27629.630632,27629.631590,22020096
cpu,27629.631590,27629.632600,22020096
cpu,27629.632600,27629.633559,22020096
cpu,27629.633559,27629.634517,22020096
cpu,27629.634517,27629.635473,22020096
cpu,27629.635473,27629.636475,22020096
cpu,27629.636475,27629.637476,22020096
cpu,27629.637476,27629.638447,22020096
cpu,27629.638447,27629.639426,22020096
cpu,27629.639427,27629.640422,22020096
cpu,27629.640422,27629.641507,22020096
cpu,27629.641507,27629.642483,22020096
cpu,27629.642484,27629.643440,22020096
cpu,27629.643440,27629.644412,22020096
cpu,27629.644412,27629.645387,22020096
cpu,27629.645387,27629.646339,22020096
cpu,27629.646340,27629.647293,22020096
cpu,27629.647293,27629.648265,22020096
cpu,27629.648265,27629.649221,22020096
cpu,27629.649221,27629.650172,22020096
cpu,27629.650173,27629.651126,22020096
cpu,27629.651127,27629.652104,22020096
cpu,27629.652104,27629.653084,22020096
cpu,27629.653084,27629.654037,22020096
cpu,27629.654037,27629.654994,22020096
cpu,27629.654994,27629.655976,22020096
cpu,27629.655977,27629.656949,22020096
cpu,27629.656950,27629.657901,22020096
cpu,27629.657901,27629.658864,22020096
cpu,27629.658864,27629.659836,22020096
cpu,27629.659837,27629.660806,22020096
cpu,27629.660806,27629.661761,22020096
cpu,27629.661761,27629.662722,22020096
gpu,27621.660528,27621.662615,22020096
gpu,27621.662623,27621.664438,22020096
gpu,27621.664440,27621.666513,22020096
gpu,27621.666514,27621.668339,22020096
gpu,27621.668339,27621.670364,22020096
gpu,27621.670366,27621.672146,22020096
gpu,27621.672146,27621.673915,22020096
gpu,27621.673915,27621.675688,22020096
gpu,27621.675688,27621.677463,22020096
gpu,27621.677464,27621.679229,22020096
gpu,27621.679230,27621.681296,22020096
gpu,27621.681296,27621.683271,22020096
gpu,27621.683271,27621.684979,22020096
gpu,27621.684980,27621.686665,22020096
gpu,27621.686665,27621.688345,22020096
gpu,27621.688345,27621.690029,22020096
gpu,27621.690029,27621.691720,22020096
gpu,27621.691725,27621.693455,22020096
gpu,27621.693455,27621.695134,22020096
gpu,27621.695134,27621.696829,22020096
gpu,27621.696830,27621.698497,22020096
gpu,27621.698497,27621.700290,22020096
gpu,27621.700290,27621.701946,22020096
gpu,27621.701946,27621.703632,22020096
gpu,27621.703632,27621.705310,22020096
gpu,27621.705310,27621.706959,22020096
gpu,27621.706959,27621.708740,22020096
gpu,27621.708740,27621.710428,22020096
gpu,27621.710428,27621.712123,22020096
gpu,27621.712123,27621.713737,22020096
gpu,27621.713737,27621.715351,22020096
gpu,27621.715351,27621.716989,22020096
gpu,27621.716989,27621.718606,22020096
gpu,27621.718610,27621.720230,22020096
gpu,27621.720230,27621.721843,22020096
gpu,27621.721843,27621.723473,22020096
gpu,27621.723473,27621.725093,22020096
gpu,27621.725093,27621.726706,22020096
gpu,27621.726706,27621.728321,22020096
gpu,27621.728321,27621.729910,22020096
gpu,27621.729910,27621.731498,22020096
gpu,27621.731498,27621.733076,22020096
gpu,27621.733077,27621.734702,22020096
gpu,27621.734702,27621.736384,22020096
gpu,27621.736385,27621.737975,22020096
gpu,27621.737975,27621.739571,22020096
gpu,27621.739571,27621.741166,22020096
gpu,27621.741166,27621.742777,22020096
gpu,27621.742777,27621.744391,22020096
gpu,27621.744391,27621.746006,22020096
gpu,27621.746007,27621.747597,22020096
gpu,27621.747597,27621.749236,22020096
gpu,27621.749236,27621.750846,22020096
gpu,27621.750846,27621.752489,22020096
gpu,27621.752489,27621.754196,22020096
gpu,27621.754196,27621.755885,22020096
gpu,27621.755885,27621.757618,22020096
gpu,27621.757618,27621.759315,22020096
gpu,27621.759315,27621.760989,22020096
gpu,27621.760989,27621.762674,22020096
gpu,27621.762674,27621.764364,22020096
gpu,27621.764364,27621.766045,22020096
gpu,27621.766045,27621.767721,22020096
gpu,27621.767721,27621.769407,22020096
gpu,27621.769407,27621.771100,22020096
gpu,27621.771104,27621.772785,22020096
gpu,27621.772785,27621.774453,22020096
gpu,27621.774453,27621.776159,22020096
gpu,27621.776159,27621.777852,22020096
gpu,27621.777852,27621.779530,22020096
gpu,27621.779530,27621.781251,22020096
gpu,27621.781251,27621.783827,22020096
gpu,27621.783827,27621.785815,22020096
gpu,27621.785815,27621.787531,22020096
gpu,27621.787531,27621.789259,22020096
gpu,27621.789259,27621.790995,22020096
gpu,27621.790995,27621.792858,22020096
gpu,27621.792859,27621.794582,22020096
gpu,27621.794583,27621.796346,22020096
gpu,27621.796346,27621.798066,22020096
gpu,27621.798066,27621.800113,22020096
gpu,27621.800113,27621.802042,22020096
gpu,27621.802042,27621.803842,22020096
gpu,27621.803842,27621.805693,22020096
gpu,27621.805693,27621.807395,22020096
gpu,27621.807395,27621.809142,22020096
gpu,27621.809142,27621.810980,22020096
gpu,27621.810981,27621.812702,22020096
gpu,27621.812702,27621.814421,22020096
gpu,27621.814421,27621.816123,22020096
gpu,27621.816123,27621.817798,22020096
gpu,27621.817798,27621.819491,22020096
gpu,27621.819491,27621.821177,22020096
gpu,27621.821177,27621.822851,22020096
gpu,27621.822851,27621.824514,22020096
gpu,27621.824514,27621.826203,22020096
gpu,27621.826203,27621.827882,22020096
gpu,27621.827882,27621.829558,22020096
gpu,27621.829558,27621.831233,22020096
gpu,27621.831233,27621.832932,22020096
gpu,27621.832932,27621.834617,22020096
gpu,27621.834617,27621.836291,22020096
gpu,27621.836291,27621.837958,22020096
gpu,27621.837958,27621.839676,22020096
gpu,27621.839676,27621.841354,22020096
gpu,27621.841354,27621.843047,22020096
gpu,27621.843047,27621.845809,22020096
gpu,27621.845809,27621.847734,22020096
gpu,27621.847735,27621.849441,22020096
gpu,27621.849441,27621.851120,22020096
gpu,27621.851120,27621.852825,22020096
gpu,27621.852825,27621.854519,22020096
gpu,27621.854519,27621.856213,22020096
gpu,27621.856213,27621.857902,22020096
gpu,27621.857902,27621.859576,22020096
gpu,27621.859577,27621.861292,22020096
gpu,27621.861292,27621.862972,22020096
gpu,27621.862972,27621.864644,22020096
gpu,27621.864644,27621.866305,22020096
gpu,27621.866305,27621.867987,22020096
gpu,27621.867987,27621.869671,22020096
gpu,27621.869671,27621.871344,22020096
gpu,27621.871344,27621.873020,22020096
gpu,27621.873020,27621.874713,22020096
gpu,27621.874713,27621.876595,22020096
gpu,27621.876595,27621.878622,22020096
gpu,27621.878623,27621.880326,22020096
gpu,27621.880326,27621.882036,22020096
gpu,27621.882036,27621.883708,22020096
gpu,27621.883715,27621.885411,22020096
gpu,27621.885411,27621.887102,22020096
gpu,27621.887102,27621.888792,22020096
gpu,27621.888793,27621.890486,22020096
gpu,27621.890486,27621.892185,22020096
gpu,27621.892186,27621.893866,22020096
gpu,27621.893866,27621.895549,22020096
gpu,27621.895549,27621.897218,22020096
gpu,27621.897218,27621.898884,22020096
gpu,27621.898884,27621.900561,22020096
gpu,27621.900561,27621.902239,22020096
gpu,27621.902239,27621.903934,22020096
gpu,27621.903934,27621.905619,22020096
gpu,27621.905619,27621.907287,22020096
gpu,27621.907287,27621.908970,22020096
gpu,27621.908970,27621.910640,22020096
gpu,27621.910640,27621.912316,22020096
gpu,27621.912316,27621.914019,22020096
gpu,27621.914019,27621.915711,22020096
gpu,27621.915712,27621.917388,22020096
gpu,27621.917388,27621.919060,22020096
gpu,27621.919060,27621.920761,22020096
gpu,27621.920761,27621.922462,22020096
gpu,27621.922462,27621.924145,22020096
gpu,27621.924145,27621.925824,22020096
gpu,27621.925824,27621.927501,22020096
gpu,27621.927501,27621.929198,22020096
gpu,27621.929198,27621.930882,22020096
gpu,27621.930882,27621.932570,22020096
gpu,27621.932570,27621.934277,22020096
gpu,27621.934277,27621.935971,22020096
gpu,27621.935971,27621.937699,22020096
gpu,27621.937699,27621.939379,22020096
gpu,27621.939379,27621.941053,22020096
gpu,27621.941053,27621.942741,22020096
gpu,27621.942741,27621.944422,22020096
gpu,27621.944422,27621.946099,22020096
gpu,27621.946099,27621.947768,22020096
gpu,27621.947768,27621.949451,22020096
gpu,27621.949451,27621.951134,22020096
gpu,27621.951134,27621.952812,22020096
gpu,27621.952812,27621.954480,22020096
gpu,27621.954481,27621.956164,22020096
gpu,27621.956164,27621.957842,22020096
gpu,27621.957842,27621.959519,22020096
gpu,27621.959519,27621.961188,22020096
gpu,27621.961188,27621.962872,22020096
gpu,27621.962872,27621.964551,22020096
gpu,27621.964551,27621.966223,22020096
gpu,27621.966223,27621.967895,22020096
gpu,27621.967895,27621.969584,22020096
gpu,27621.969584,27621.971259,22020096
gpu,27621.971259,27621.972948,22020096
gpu,27621.972948,27621.974629,22020096
gpu,27621.974629,27621.976325,22020096
gpu,27621.976325,27621.978013,22020096
gpu,27621.978014,27621.979720,22020096
gpu,27621.979720,27621.981407,22020096
gpu,27621.981408,27621.983100,22020096
gpu,27621.983101,27621.984785,22020096
gpu,27621.984786,27621.986473,22020096
gpu,27621.986473,27621.988174,22020096
gpu,27621.988174,27621.989881,22020096
gpu,27621.989881,27621.991575,22020096
gpu,27621.991575,27621.993254,22020096
gpu,27621.993254,27621.994929,22020096
gpu,27621.994929,27621.996615,22020096
gpu,27621.996615,27621.998291,22020096
gpu,27621.998291,27621.999957,22020096
gpu,27621.999957,27622.001660,22020096
gpu,27622.001660,27622.003346,22020096
gpu,27622.003346,27622.005014,22020096
gpu,27622.005014,27622.006684,22020096
gpu,27622.006684,27622.008354,22020096
gpu,27622.008354,27622.010066,22020096
gpu,27622.010066,27622.011738,22020096
gpu,27622.011738,27622.013412,22020096
gpu,27622.013412,27622.015085,22020096
gpu,27622.015085,27622.016777,22020096
gpu,27622.016777,27622.018452,22020096
gpu,27622.018452,27622.020124,22020096
gpu,27622.020124,27622.021797,22020096
gpu,27622.021797,27622.023486,22020096
gpu,27622.023486,27622.025159,22020096
gpu,27622.025159,27622.026900,22020096
gpu,27622.026900,27622.028638,22020096
gpu,27622.028638,27622.030350,22020096
gpu,27622.030350,27622.032075,22020096
gpu,27622.032075,27622.033747,22020096
gpu,27622.033747,27622.035431,22020096
gpu,27622.035431,27622.037121,22020096
gpu,27622.037121,27622.038800,22020096
gpu,27622.038800,27622.040472,22020096
gpu,27622.040472,27622.042145,22020096
gpu,27622.042145,27622.043833,22020096
gpu,27622.043833,27622.045505,22020096
gpu,27622.045505,27622.047177,22020096
gpu,27622.047177,27622.048852,22020096
gpu,27622.048852,27622.050533,22020096
gpu,27622.050533,27622.052210,22020096
gpu,27622.052210,27622.053884,22020096
gpu,27622.053884,27622.055565,22020096
gpu,27622.055565,27622.057279,22020096
gpu,27622.057279,27622.058983,22020096
gpu,27622.058984,27622.060663,22020096
gpu,27622.060663,27622.062337,22020096
gpu,27622.062338,27622.064032,22020096
gpu,27622.064032,27622.065731,22020096
gpu,27622.065732,27622.067406,22020096
gpu,27622.067406,27622.069084,22020096
gpu,27622.069084,27622.070774,22020096
gpu,27622.070774,27622.072448,22020096
gpu,27622.072448,27622.074139,22020096
gpu,27622.074139,27622.075863,22020096
gpu,27622.075864,27622.077559,22020096
gpu,27622.077559,27622.079233,22020096
gpu,27622.079233,27622.080918,22020096
gpu,27622.080918,27622.082592,22020096
gpu,27622.082592,27622.084279,22020096
gpu,27622.084279,27622.085976,22020096
gpu,27622.085976,27622.087667,22020096
gpu,27622.087667,27622.089350,22020096
gpu,27622.089350,27622.091033,22020096
gpu,27622.091033,27622.092712,22020096
gpu,27622.092712,27622.094409,22020096
gpu,27622.094409,27622.096122,22020096
gpu,27622.096122,27622.097816,22020096
gpu,27622.097816,27622.099508,22020096
gpu,27622.099516,27622.101195,22020096
gpu,27622.101195,27622.102867,22020096
gpu,27622.102867,27622.104655,22020096
gpu,27622.104655,27622.106337,22020096
gpu,27622.106337,27622.108018,22020096
gpu,27622.108018,27622.109696,22020096
gpu,27622.109696,27622.111382,22020096
gpu,27622.111383,27622.113061,22020096
gpu,27622.113061,27622.114750,22020096
gpu,27622.114750,27622.116443,22020096
gpu,27622.116443,27622.118272,22020096
gpu,27622.118272,27622.120059,22020096
gpu,27622.120059,27622.123870,22020096
gpu,27622.123870,27622.125802,22020096
gpu,27622.125802,27622.127507,22020096
gpu,27622.127507,27622.129205,22020096
gpu,27622.129205,27622.130906,22020096
gpu,27622.130906,27622.132635,22020096
gpu,27622.132635,27622.134417,22020096
gpu,27622.134417,27622.136140,22020096
gpu,27622.136140,27622.137830,22020096
gpu,27622.137830,27622.139512,22020096
gpu,27622.139512,27622.141215,22020096
gpu,27622.141215,27622.142900,22020096
gpu,27622.142900,27622.144596,22020096
gpu,27622.144596,27622.146298,22020096
gpu,27622.146298,27622.148056,22020096
gpu,27622.148056,27622.149744,22020096
gpu,27622.149745,27622.151418,22020096
gpu,27622.151418,27622.153090,22020096
gpu,27622.153090,27622.154793,22020096
gpu,27622.154793,27622.156481,22020096
gpu,27622.156481,27622.158162,22020096
gpu,27622.158163,27622.159835,22020096
gpu,27622.159835,27622.161527,22020096
gpu,27622.161527,27622.163207,22020096
gpu,27622.163207,27622.164876,22020096
gpu,27622.164876,27622.166564,22020096
gpu,27622.166564,27622.168314,22020096
gpu,27622.168314,27622.170031,22020096
gpu,27622.170032,27622.171733,22020096
gpu,27622.171733,27622.173446,22020096
gpu,27622.173446,27622.175226,22020096
gpu,27622.175226,27622.176952,22020096
gpu,27622.176953,27622.178686,22020096
gpu,27622.178687,27622.180835,22020096
gpu,27622.180836,27622.182791,22020096
gpu,27622.182791,27622.184508,22020096
gpu,27622.184508,27622.186188,22020096
gpu,27622.186188,27622.187864,22020096
gpu,27622.187864,27622.189559,22020096
gpu,27622.189559,27622.191250,22020096
gpu,27622.191250,27622.192929,22020096
gpu,27622.192930,27622.194617,22020096
gpu,27622.194617,27622.196309,22020096
gpu,27622.196309,27622.197996,22020096
gpu,27622.197996,27622.199682,22020096
gpu,27622.199682,27622.201374,22020096
gpu,27622.201374,27622.203063,22020096
gpu,27622.203063,27622.204756,22020096
gpu,27622.204756,27622.206436,22020096
gpu,27622.206436,27622.208142,22020096
gpu,27622.208143,27622.209839,22020096
gpu,27622.209839,27622.211529,22020096
gpu,27622.211529,27622.213210,22020096
gpu,27622.213210,27622.214902,22020096
gpu,27622.214902,27622.216603,22020096
gpu,27622.216603,27622.218288,22020096
gpu,27622.218289,27622.219985,22020096
gpu,27622.219985,27622.221689,22020096
gpu,27622.221689,27622.223399,22020096
gpu,27622.223400,27622.225107,22020096
gpu,27622.225107,27622.226794,22020096
gpu,27622.226794,27622.228495,22020096
gpu,27622.228495,27622.230189,22020096
gpu,27622.230189,27622.231863,22020096
gpu,27622.231863,27622.233530,22020096
gpu,27622.233530,27622.235207,22020096
gpu,27622.235207,27622.236888,22020096
gpu,27622.236888,27622.238553,22020096
gpu,27622.238553,27622.240247,22020096
gpu,27622.240247,27622.241982,22020096
gpu,27622.241982,27622.243685,22020096
gpu,27622.243685,27622.245380,22020096
gpu,27622.245380,27622.247060,22020096
gpu,27622.247060,27622.248746,22020096
gpu,27622.248746,27622.250440,22020096
gpu,27622.250440,27622.252120,22020096
gpu,27622.252121,27622.253797,22020096
gpu,27622.253797,27622.255471,22020096
gpu,27622.255471,27622.257160,22020096
gpu,27622.257160,27622.258831,22020096
gpu,27622.258831,27622.260511,22020096
gpu,27622.260511,27622.262230,22020096
gpu,27622.262230,27622.263924,22020096
gpu,27622.263924,27622.265594,22020096
gpu,27622.265594,27622.267270,22020096
gpu,27622.267270,27622.268951,22020096
gpu,27622.268951,27622.270634,22020096
gpu,27622.270634,27622.272312,22020096
gpu,27622.272312,27622.273990,22020096
gpu,27622.273990,27622.275667,22020096
gpu,27622.275667,27622.277354,22020096
gpu,27622.277355,27622.279038,22020096
gpu,27622.279038,27622.280720,22020096
gpu,27622.280720,27622.282398,22020096
gpu,27622.282398,27622.284082,22020096
gpu,27622.284082,27622.285766,22020096
gpu,27622.285766,27622.287444,22020096
gpu,27622.287444,27622.289124,22020096
gpu,27622.289124,27622.290807,22020096
gpu,27622.290808,27622.292484,22020096
gpu,27622.292484,27622.294161,22020096
gpu,27622.294161,27622.295926,22020096
gpu,27622.295926,27622.297629,22020096
gpu,27622.297629,27622.299304,22020096
gpu,27622.299305,27622.300978,22020096
gpu,27622.300979,27622.302657,22020096
gpu,27622.302657,27622.304366,22020096
gpu,27622.304366,27622.306041,22020096
gpu,27622.306041,27622.307732,22020096
gpu,27622.307732,27622.309445,22020096
gpu,27622.309445,27622.311145,22020096
gpu,27622.311145,27622.312821,22020096
gpu,27622.312821,27622.314496,22020096
gpu,27622.314496,27622.316173,22020096
gpu,27622.316174,27622.317859,22020096
gpu,27622.317859,27622.319538,22020096
gpu,27622.319538,27622.321216,22020096
gpu,27622.321216,27622.322890,22020096
gpu,27622.322890,27622.324572,22020096
gpu,27622.324572,27622.326266,22020096
gpu,27622.326266,27622.327943,22020096
gpu,27622.327944,27622.329619,22020096
gpu,27622.329619,27622.331299,22020096
gpu,27622.331299,27622.332980,22020096
gpu,27622.332980,27622.334662,22020096
gpu,27622.334662,27622.336342,22020096
gpu,27622.336342,27622.338020,22020096
gpu,27622.338020,27622.339701,22020096
gpu,27622.339701,27622.341376,22020096
gpu,27622.341376,27622.343052,22020096
gpu,27622.343052,27622.344737,22020096
gpu,27622.344737,27622.346413,22020096
gpu,27622.346414,27622.348089,22020096
gpu,27622.348089,27622.349760,22020096
gpu,27622.349760,27622.351448,22020096
gpu,27622.351448,27622.353132,22020096
gpu,27622.353132,27622.354842,22020096
gpu,27622.354842,27622.356542,22020096
gpu,27622.356542,27622.358239,22020096
gpu,27622.358239,27622.359919,22020096
gpu,27622.359919,27622.361590,22020096
gpu,27622.361590,27622.363259,22020096
gpu,27622.363259,27622.364950,22020096
gpu,27622.364950,27622.366628,22020096
gpu,27622.366628,27622.368307,22020096
gpu,27622.368307,27622.370063,22020096
gpu,27622.370063,27622.371744,22020096
gpu,27622.371744,27622.373422,22020096
gpu,27622.373422,27622.375097,22020096
gpu,27622.375097,27622.376774,22020096
gpu,27622.376774,27622.378448,22020096
gpu,27622.378448,27622.380125,22020096
gpu,27622.380125,27622.381802,22020096
gpu,27622.381802,27622.383474,22020096
gpu,27622.383474,27622.385263,22020096
gpu,27622.385263,27622.386945,22020096
gpu,27622.386946,27622.388626,22020096
gpu,27622.388626,27622.390300,22020096
gpu,27622.390301,27622.391982,22020096
gpu,27622.391982,27622.393682,22020096
gpu,27622.393682,27622.395360,22020096
gpu,27622.395360,27622.397034,22020096
gpu,27622.397034,27622.398716,22020096
gpu,27622.398716,27622.400412,22020096
gpu,27622.400412,27622.402084,22020096
gpu,27622.402084,27622.403776,22020096
gpu,27622.403776,27622.405498,22020096
gpu,27622.405498,27622.407245,22020096
gpu,27622.407245,27622.408964,22020096
gpu,27622.408964,27622.410651,22020096
gpu,27622.410651,27622.412343,22020096
gpu,27622.412343,27622.414021,22020096
gpu,27622.414021,27622.415693,22020096
gpu,27622.415693,27622.417364,22020096
gpu,27622.417364,27622.419052,22020096
gpu,27622.419052,27622.420729,22020096
gpu,27622.420729,27622.422400,22020096
gpu,27622.422400,27622.424071,22020096
gpu,27622.424072,27622.425758,22020096
gpu,27622.425758,27622.427449,22020096
gpu,27622.427449,27622.429120,22020096
gpu,27622.429120,27622.430790,22020096
gpu,27622.430791,27622.432544,22020096
gpu,27622.432544,27622.434259,22020096
gpu,27622.434259,27622.435947,22020096
gpu,27622.435948,27622.437640,22020096
gpu,27622.437640,27622.439335,22020096
gpu,27622.439335,27622.441016,22020096
gpu,27622.441016,27622.442704,22020096
gpu,27622.442704,27622.444386,22020096
gpu,27622.444386,27622.446072,22020096
gpu,27622.446072,27622.447794,22020096
gpu,27622.447794,27622.449461,22020096
gpu,27622.449461,27622.451145,22020096
gpu,27622.451145,27622.452908,22020096
gpu,27622.452908,27622.454617,22020096
gpu,27622.454617,27622.456294,22020096
gpu,27622.456294,27622.457973,22020096
gpu,27622.457974,27622.459669,22020096
gpu,27622.459669,27622.461351,22020096
gpu,27622.461351,27622.463027,22020096
gpu,27622.463027,27622.464705,22020096
gpu,27622.464706,27622.466396,22020096
gpu,27622.466397,27622.468081,22020096
gpu,27622.468082,27622.469757,22020096
gpu,27622.469757,27622.471434,22020096
gpu,27622.471434,27622.473125,22020096
gpu,27622.473125,27622.474800,22020096
gpu,27622.474800,27622.476488,22020096
gpu,27622.476489,27622.478165,22020096
gpu,27622.478165,27622.479866,22020096
gpu,27622.479866,27622.481541,22020096
gpu,27622.481541,27622.483218,22020096
gpu,27622.483218,27622.484902,22020096
gpu,27622.484902,27622.486592,22020096
gpu,27622.486592,27622.488269,22020096
gpu,27622.488269,27622.489941,22020096
gpu,27622.489941,27622.491623,22020096
gpu,27622.491623,27622.493519,22020096
gpu,27622.493519,27622.495536,22020096
gpu,27622.495536,27622.497467,22020096
gpu,27622.497467,27622.499583,22020096
gpu,27622.499583,27622.502474,22020096
gpu,27622.502474,27622.504213,22020096
gpu,27622.504213,27622.505914,22020096
gpu,27622.505915,27622.507594,22020096
gpu,27622.507594,27622.509296,22020096
gpu,27622.509296,27622.510991,22020096
gpu,27622.510992,27622.512726,22020096
gpu,27622.512727,27622.515051,22020096
gpu,27622.515052,27622.517162,22020096
gpu,27622.517163,27622.518994,22020096
gpu,27622.518994,27622.520709,22020096
gpu,27622.520709,27622.522417,22020096
gpu,27622.522417,27622.524179,22020096
gpu,27622.524179,27622.525885,22020096
gpu,27622.525885,27622.527590,22020096
gpu,27622.527590,27622.529275,22020096
gpu,27622.529275,27622.530976,22020096
gpu,27622.530976,27622.532664,22020096
gpu,27622.532664,27622.534348,22020096
gpu,27622.534349,27622.536111,22020096
gpu,27622.536111,27622.537815,22020096
gpu,27622.537815,27622.539515,22020096
gpu,27622.539523,27622.541213,22020096
gpu,27622.541213,27622.542904,22020096
gpu,27622.542904,27622.544617,22020096
gpu,27622.544617,27622.546304,22020096
gpu,27622.546304,27622.547995,22020096
gpu,27622.547995,27622.549706,22020096
gpu,27622.549706,27622.551405,22020096
gpu,27622.551405,27622.553102,22020096
gpu,27622.553103,27622.554812,22020096
gpu,27622.554812,27622.556507,22020096
gpu,27622.556507,27622.558209,22020096
gpu,27622.558209,27622.559890,22020096
gpu,27622.559890,27622.561585,22020096
gpu,27622.561585,27622.563275,22020096
gpu,27622.563275,27622.564976,22020096
gpu,27622.564976,27622.566661,22020096
gpu,27622.566661,27622.568372,22020096
gpu,27622.568372,27622.570061,22020096
gpu,27622.570061,27622.571867,22020096
gpu,27622.571868,27622.573546,22020096
gpu,27622.573546,27622.575231,22020096
gpu,27622.575231,27622.576926,22020096
gpu,27622.576926,27622.578645,22020096
gpu,27622.578645,27622.580336,22020096
gpu,27622.580336,27622.582023,22020096
gpu,27622.582023,27622.583709,22020096
gpu,27622.583709,27622.585424,22020096
gpu,27622.585425,27622.587291,22020096
gpu,27622.587291,27622.589002,22020096
gpu,27622.589003,27622.591228,22020096
gpu,27622.591228,27622.593155,22020096
gpu,27622.593155,27622.594850,22020096
gpu,27622.594850,27622.596533,22020096
gpu,27622.596533,27622.598210,22020096
gpu,27622.598210,27622.599905,22020096
gpu,27622.599905,27622.601585,22020096
gpu,27622.601585,27622.603268,22020096
gpu,27622.603268,27622.604946,22020096
gpu,27622.604946,27622.606626,22020096
gpu,27622.606626,27622.608311,22020096
gpu,27622.608311,27622.609990,22020096
gpu,27622.609990,27622.611673,22020096
gpu,27622.611674,27622.613356,22020096
gpu,27622.613356,27622.615038,22020096
gpu,27622.615038,27622.616714,22020096
gpu,27622.616715,27622.618389,22020096
gpu,27622.618389,27622.620073,22020096
gpu,27622.620074,27622.621757,22020096
gpu,27622.621757,27622.623437,22020096
gpu,27622.623437,27622.625114,22020096
gpu,27622.625114,27622.626812,22020096
gpu,27622.626812,27622.628504,22020096
gpu,27622.628504,27622.630184,22020096
gpu,27622.630184,27622.631855,22020096
gpu,27622.631855,27622.633596,22020096
gpu,27622.633596,27622.635309,22020096
gpu,27622.635309,27622.636992,22020096
gpu,27622.636992,27622.638671,22020096
gpu,27622.638671,27622.640363,22020096
gpu,27622.640363,27622.642039,22020096
gpu,27622.642039,27622.643732,22020096
gpu,27622.643732,27622.645407,22020096
gpu,27622.645407,27622.647089,22020096
gpu,27622.647089,27622.648771,22020096
gpu,27622.648771,27622.650447,22020096
gpu,27622.650447,27622.652144,22020096
gpu,27622.652144,27622.653874,22020096
gpu,27622.653874,27622.655572,22020096
gpu,27622.655572,27622.657253,22020096
gpu,27622.657253,27622.658944,22020096
gpu,27622.658944,27622.660684,22020096
gpu,27622.660684,27622.662387,22020096
gpu,27622.662387,27622.664070,22020096
gpu,27622.664070,27622.665742,22020096
gpu,27622.665742,27622.667429,22020096
gpu,27622.667429,27622.669280,22020096
gpu,27622.669281,27622.670985,22020096
gpu,27622.670985,27622.672714,22020096
gpu,27622.672714,27622.674410,22020096
gpu,27622.674410,27622.676092,22020096
gpu,27622.676092,27622.677771,22020096
gpu,27622.677771,27622.679447,22020096
gpu,27622.679448,27622.681165,22020096
gpu,27622.681165,27622.682852,22020096
gpu,27622.682852,27622.684538,22020096
gpu,27622.684538,27622.686220,22020096
gpu,27622.686220,27622.687902,22020096
gpu,27622.687903,27622.689582,22020096
gpu,27622.689582,27622.691258,22020096
gpu,27622.691258,27622.692930,22020096
gpu,27622.692930,27622.694616,22020096
gpu,27622.694616,27622.696291,22020096
gpu,27622.696291,27622.698036,22020096
gpu,27622.698036,27622.699737,22020096
gpu,27622.699737,27622.701423,22020096
gpu,27622.701423,27622.703111,22020096
gpu,27622.703112,27622.704791,22020096
gpu,27622.704791,27622.706468,22020096
gpu,27622.706469,27622.708151,22020096
gpu,27622.708151,27622.709828,22020096
gpu,27622.709828,27622.711506,22020096
gpu,27622.711507,27622.713176,22020096
gpu,27622.713176,27622.714862,22020096
gpu,27622.714862,27622.716544,22020096
gpu,27622.716544,27622.718217,22020096
gpu,27622.718217,27622.719891,22020096
gpu,27622.719891,27622.721582,22020096
gpu,27622.721582,27622.723261,22020096
gpu,27622.723261,27622.724932,22020096
gpu,27622.724932,27622.726637,22020096
gpu,27622.726637,27622.728341,22020096
gpu,27622.728342,27622.730066,22020096
gpu,27622.730066,27622.731756,22020096
gpu,27622.731756,27622.733430,22020096
gpu,27622.733430,27622.735124,22020096
gpu,27622.735124,27622.736814,22020096
gpu,27622.736814,27622.738489,22020096
gpu,27622.738489,27622.740161,22020096
gpu,27622.740161,27622.741851,22020096
gpu,27622.741851,27622.743531,22020096
gpu,27622.743531,27622.745211,22020096
gpu,27622.745211,27622.746879,22020096
gpu,27622.746879,27622.748568,22020096
gpu,27622.748568,27622.750250,22020096
gpu,27622.750250,27622.751930,22020096
gpu,27622.751930,27622.753601,22020096
gpu,27622.753601,27622.755290,22020096
gpu,27622.755290,27622.756971,22020096
gpu,27622.756971,27622.758644,22020096
gpu,27622.758645,27622.760316,22020096
gpu,27622.760316,27622.762006,22020096
gpu,27622.762006,27622.763684,22020096
gpu,27622.763684,27622.765365,22020096
gpu,27622.765365,27622.767039,22020096
gpu,27622.767039,27622.768781,22020096
gpu,27622.768781,27622.770475,22020096
gpu,27622.770475,27622.772156,22020096
gpu,27622.772157,27622.773898,22020096
gpu,27622.773899,27622.775644,22020096
gpu,27622.775644,27622.777421,22020096
gpu,27622.777421,27622.779127,22020096
gpu,27622.779127,27622.780873,22020096
gpu,27622.780873,27622.782582,22020096
gpu,27622.782582,27622.784283,22020096
gpu,27622.784283,27622.786002,22020096
gpu,27622.786002,27622.787682,22020096
gpu,27622.787682,27622.789393,22020096
gpu,27622.789393,27622.791089,22020096
gpu,27622.791089,27622.792768,22020096
gpu,27622.792769,27622.794455,22020096
gpu,27622.794455,27622.796159,22020096
gpu,27622.796159,27622.797849,22020096
gpu,27622.797849,27622.799530,22020096
gpu,27622.799530,27622.801217,22020096
gpu,27622.801217,27622.802924,22020096
gpu,27622.802924,27622.804618,22020096
gpu,27622.804618,27622.806290,22020096
gpu,27622.806290,27622.807964,22020096
gpu,27622.807964,27622.809669,22020096
gpu,27622.809670,27622.811354,22020096
gpu,27622.811355,27622.813026,22020096
gpu,27622.813027,27622.814704,22020096
gpu,27622.814705,27622.816407,22020096
gpu,27622.816407,27622.818089,22020096
gpu,27622.818089,27622.819760,22020096
gpu,27622.819760,27622.821444,22020096
gpu,27622.821444,27622.823132,22020096
gpu,27622.823132,27622.824810,22020096
gpu,27622.824810,27622.826477,22020096
gpu,27622.826477,27622.828187,22020096
gpu,27622.828187,27622.829895,22020096
gpu,27622.829895,27622.831562,22020096
gpu,27622.831562,27622.833236,22020096
gpu,27622.833236,27622.834911,22020096
gpu,27622.834911,27622.836608,22020096
gpu,27622.836608,27622.838297,22020096
gpu,27622.838297,27622.839969,22020096
gpu,27622.839969,27622.841667,22020096
gpu,27622.841667,27622.843412,22020096
gpu,27622.843412,27622.845110,22020096
gpu,27622.845110,27622.846788,22020096
gpu,27622.846789,27622.848468,22020096
gpu,27622.848468,27622.850153,22020096
gpu,27622.850154,27622.851845,22020096
gpu,27622.851845,27622.853531,22020096
gpu,27622.853531,27622.855228,22020096
gpu,27622.855229,27622.856925,22020096
gpu,27622.856925,27622.858621,22020096
gpu,27622.858622,27622.860336,22020096
gpu,27622.860336,27622.862012,22020096
gpu,27622.862012,27622.863706,22020096
gpu,27622.863706,27622.865392,22020096
gpu,27622.865392,27622.867112,22020096
gpu,27622.867112,27622.868807,22020096
gpu,27622.868807,27622.870502,22020096
gpu,27622.870502,27622.872183,22020096
gpu,27622.872184,27622.873860,22020096
gpu,27622.873860,27622.875535,22020096
gpu,27622.875535,27622.877226,22020096
gpu,27622.877226,27622.878908,22020096
gpu,27622.878908,27622.880587,22020096
gpu,27622.880587,27622.882264,22020096
gpu,27622.882264,27622.883955,22020096
gpu,27622.883955,27622.885653,22020096
gpu,27622.885653,27622.887331,22020096
gpu,27622.887331,27622.889008,22020096
gpu,27622.889008,27622.890706,22020096
gpu,27622.890706,27622.892379,22020096
gpu,27622.892380,27622.894103,22020096
gpu,27622.894103,27622.895793,22020096
gpu,27622.895793,27622.897489,22020096
gpu,27622.897489,27622.899172,22020096
gpu,27622.899172,27622.900858,22020096
gpu,27622.900858,27622.902595,22020096
gpu,27622.902595,27622.904322,22020096
gpu,27622.904322,27622.906133,22020096
gpu,27622.906133,27622.907814,22020096
gpu,27622.907814,27622.909547,22020096
gpu,27622.909547,27622.911263,22020096
gpu,27622.911263,27622.912944,22020096
gpu,27622.912944,27622.914625,22020096
gpu,27622.914625,27622.916302,22020096
gpu,27622.916302,27622.917992,22020096
gpu,27622.917992,27622.919666,22020096
gpu,27622.919666,27622.921337,22020096
gpu,27622.921337,27622.923012,22020096
gpu,27622.923013,27622.924703,22020096
gpu,27622.924703,27622.926374,22020096
gpu,27622.926374,27622.928069,22020096
gpu,27622.928069,27622.929745,22020096
gpu,27622.929745,27622.931429,22020096
gpu,27622.931429,27622.933102,22020096
gpu,27622.933102,27622.934778,22020096
gpu,27622.934778,27622.936475,22020096
gpu,27622.936475,27622.938167,22020096
gpu,27622.938167,27622.939845,22020096
gpu,27622.939845,27622.941526,22020096
gpu,27622.941526,27622.943203,22020096
gpu,27622.943203,27622.944899,22020096
gpu,27622.944899,27622.946573,22020096
gpu,27622.946574,27622.948249,22020096
gpu,27622.948249,27622.949924,22020096
gpu,27622.949925,27622.951611,22020096
gpu,27622.951611,27622.953289,22020096
gpu,27622.953289,27622.954964,22020096
gpu,27622.954964,27622.956637,22020096
gpu,27622.956638,27622.958433,22020096
gpu,27622.958433,27622.960152,22020096
gpu,27622.960153,27622.961869,22020096
gpu,27622.961869,27622.963573,22020096
gpu,27622.963573,27622.965266,22020096
gpu,27622.965266,27622.966937,22020096
gpu,27622.966937,27622.968613,22020096
gpu,27622.968614,27622.970288,22020096
gpu,27622.970288,27622.971968,22020096
gpu,27622.971969,27622.973666,22020096
gpu,27622.973666,27622.975339,22020096
gpu,27622.975339,27622.977014,22020096
gpu,27622.977014,27622.978696,22020096
gpu,27622.978696,27622.980372,22020096
gpu,27622.980372,27622.982046,22020096
gpu,27622.982046,27622.983718,22020096
gpu,27622.983718,27622.985403,22020096
gpu,27622.985403,27622.987083,22020096
gpu,27622.987083,27622.988771,22020096
gpu,27622.988772,27622.990447,22020096
gpu,27622.990449,27622.992158,22020096
gpu,27622.992159,27622.993842,22020096
gpu,27622.993842,27622.995520,22020096
gpu,27622.995520,27622.997195,22020096
gpu,27622.997195,27622.998882,22020096
gpu,27622.998882,27623.000557,22020096
gpu,27623.000557,27623.002230,22020096
gpu,27623.002230,27623.003905,22020096
gpu,27623.003905,27623.005588,22020096
gpu,27623.005588,27623.007282,22020096
gpu,27623.007282,27623.008965,22020096
gpu,27623.008965,27623.010667,22020096
gpu,27623.010667,27623.012358,22020096
gpu,27623.012358,27623.014037,22020096
gpu,27623.014037,27623.015717,22020096
gpu,27623.015717,27623.017393,22020096
gpu,27623.017393,27623.019071,22020096
gpu,27623.019071,27623.020755,22020096
gpu,27623.020755,27623.022431,22020096
gpu,27623.022431,27623.024134,22020096
gpu,27623.024134,27623.025826,22020096
gpu,27623.025826,27623.027498,22020096
gpu,27623.027499,27623.029177,22020096
gpu,27623.029177,27623.030849,22020096
gpu,27623.030849,27623.032532,22020096
gpu,27623.032532,27623.034214,22020096
gpu,27623.034214,27623.035941,22020096
gpu,27623.035942,27623.037623,22020096
gpu,27623.037623,27623.039305,22020096
gpu,27623.039305,27623.040985,22020096
gpu,27623.040985,27623.042656,22020096
gpu,27623.042656,27623.044337,22020096
gpu,27623.044337,27623.046023,22020096
gpu,27623.046023,27623.047701,22020096
gpu,27623.047701,27623.049378,22020096
gpu,27623.049378,27623.051055,22020096
gpu,27623.051055,27623.052741,22020096
gpu,27623.052741,27623.054438,22020096
gpu,27623.054438,27623.056149,22020096
gpu,27623.056149,27623.057832,22020096
gpu,27623.057832,27623.059514,22020096
gpu,27623.059514,27623.061196,22020096
gpu,27623.061196,27623.062872,22020096
gpu,27623.062872,27623.064548,22020096
gpu,27623.064548,27623.066249,22020096
gpu,27623.066249,27623.067928,22020096
gpu,27623.067928,27623.069607,22020096
gpu,27623.069607,27623.071281,22020096
gpu,27623.071281,27623.072969,22020096
gpu,27623.072969,27623.074668,22020096
gpu,27623.074668,27623.076346,22020096
gpu,27623.076346,27623.078021,22020096
gpu,27623.078021,27623.079708,22020096
gpu,27623.079708,27623.081391,22020096
gpu,27623.081391,27623.083063,22020096
gpu,27623.083063,27623.084742,22020096
gpu,27623.084742,27623.086449,22020096
gpu,27623.086449,27623.088169,22020096
gpu,27623.088169,27623.089855,22020096
gpu,27623.089855,27623.091530,22020096
gpu,27623.091530,27623.093216,22020096
gpu,27623.093216,27623.094899,22020096
gpu,27623.094899,27623.096575,22020096
gpu,27623.096575,27623.098252,22020096
gpu,27623.098252,27623.099937,22020096
gpu,27623.099937,27623.101637,22020096
gpu,27623.101637,27623.103344,22020096
gpu,27623.103344,27623.105028,22020096
gpu,27623.105028,27623.106716,22020096
gpu,27623.106717,27623.108398,22020096
gpu,27623.108398,27623.110075,22020096
gpu,27623.110075,27623.111754,22020096
gpu,27623.111754,27623.113448,22020096
gpu,27623.113448,27623.115128,22020096
gpu,27623.115128,27623.116808,22020096
gpu,27623.116808,27623.118482,22020096
gpu,27623.118482,27623.120175,22020096
gpu,27623.120175,27623.121854,22020096
gpu,27623.121854,27623.123534,22020096
gpu,27623.123534,27623.125221,22020096
gpu,27623.125221,27623.126908,22020096
gpu,27623.126908,27623.128592,22020096
gpu,27623.128592,27623.130271,22020096
gpu,27623.130271,27623.131942,22020096
gpu,27623.131942,27623.133627,22020096
gpu,27623.133627,27623.135309,22020096
gpu,27623.135309,27623.136998,22020096
gpu,27623.136998,27623.138671,22020096
gpu,27623.138671,27623.140355,22020096
gpu,27623.140355,27623.142036,22020096
gpu,27623.142037,27623.143736,22020096
gpu,27623.143736,27623.145413,22020096
gpu,27623.145413,27623.147107,22020096
gpu,27623.147107,27623.148792,22020096
gpu,27623.148792,27623.150479,22020096
gpu,27623.150479,27623.152179,22020096
gpu,27623.152179,27623.153883,22020096
gpu,27623.153883,27623.155563,22020096
gpu,27623.155563,27623.157241,22020096
gpu,27623.157241,27623.158920,22020096
gpu,27623.158920,27623.160608,22020096
gpu,27623.160608,27623.162292,22020096
gpu,27623.162292,27623.163967,22020096
gpu,27623.163968,27623.165656,22020096
gpu,27623.165656,27623.167360,22020096
gpu,27623.167360,27623.169054,22020096
gpu,27623.169054,27623.170734,22020096
gpu,27623.170734,27623.172403,22020096
gpu,27623.172403,27623.174094,22020096
gpu,27623.174094,27623.175828,22020096
gpu,27623.175828,27623.177513,22020096
gpu,27623.177513,27623.179194,22020096
gpu,27623.179194,27623.180887,22020096
gpu,27623.180887,27623.182590,22020096
gpu,27623.182590,27623.184297,22020096
gpu,27623.184297,27623.185983,22020096
gpu,27623.185983,27623.187676,22020096
gpu,27623.187676,27623.189356,22020096
gpu,27623.189357,27623.191034,22020096
gpu,27623.191034,27623.192707,22020096
gpu,27623.192707,27623.194420,22020096
gpu,27623.194420,27623.196120,22020096
gpu,27623.196120,27623.197804,22020096
gpu,27623.197804,27623.199475,22020096
gpu,27623.199475,27623.201170,22020096
gpu,27623.201170,27623.202852,22020096
gpu,27623.202852,27623.204532,22020096
gpu,27623.204532,27623.206206,22020096
gpu,27623.206207,27623.207898,22020096
gpu,27623.207898,27623.209581,22020096
gpu,27623.209581,27623.211270,22020096
gpu,27623.211271,27623.212948,22020096
gpu,27623.212948,27623.214639,22020096
gpu,27623.214639,27623.216350,22020096
gpu,27623.216350,27623.218058,22020096
gpu,27623.218058,27623.219737,22020096
gpu,27623.219737,27623.221428,22020096
gpu,27623.221428,27623.223114,22020096
gpu,27623.223114,27623.224791,22020096
gpu,27623.224791,27623.226470,22020096
gpu,27623.226470,27623.228176,22020096
gpu,27623.228176,27623.229868,22020096
gpu,27623.229868,27623.231544,22020096
gpu,27623.231545,27623.233218,22020096
gpu,27623.233218,27623.234907,22020096
gpu,27623.234907,27623.236594,22020096
gpu,27623.236595,27623.238266,22020096
gpu,27623.238266,27623.239939,22020096
gpu,27623.239939,27623.241681,22020096
gpu,27623.241681,27623.243367,22020096
gpu,27623.243368,27623.245046,22020096
gpu,27623.245046,27623.246792,22020096
gpu,27623.246792,27623.248507,22020096
gpu,27623.248507,27623.250263,22020096
gpu,27623.250263,27623.251969,22020096
gpu,27623.251970,27623.253672,22020096
gpu,27623.253672,27623.255377,22020096
gpu,27623.255377,27623.257061,22020096
gpu,27623.257061,27623.258738,22020096
gpu,27623.258738,27623.260417,22020096
gpu,27623.260417,27623.262117,22020096
gpu,27623.262117,27623.263803,22020096
gpu,27623.263803,27623.265482,22020096
gpu,27623.265483,27623.267161,22020096
gpu,27623.267161,27623.268859,22020096
gpu,27623.268859,27623.270549,22020096
gpu,27623.270549,27623.272225,22020096
gpu,27623.272225,27623.273906,22020096
gpu,27623.273906,27623.275600,22020096
gpu,27623.275600,27623.277289,22020096
gpu,27623.277289,27623.278973,22020096
gpu,27623.278975,27623.280658,22020096
gpu,27623.280658,27623.282366,22020096
gpu,27623.282366,27623.284043,22020096
gpu,27623.284043,27623.285731,22020096
gpu,27623.285731,27623.287418,22020096
gpu,27623.287418,27623.289109,22020096
gpu,27623.289109,27623.290794,22020096
gpu,27623.290795,27623.292478,22020096
gpu,27623.292478,27623.294157,22020096
gpu,27623.294157,27623.295854,22020096
gpu,27623.295854,27623.297539,22020096
gpu,27623.297539,27623.299217,22020096
gpu,27623.299217,27623.300901,22020096
gpu,27623.300901,27623.302594,22020096
gpu,27623.302594,27623.304283,22020096
gpu,27623.304283,27623.305961,22020096
gpu,27623.305962,27623.307646,22020096
gpu,27623.307646,27623.309344,22020096
gpu,27623.309344,27623.311029,22020096
gpu,27623.311029,27623.312711,22020096
gpu,27623.312711,27623.314391,22020096
gpu,27623.314391,27623.316090,22020096
gpu,27623.316091,27623.317794,22020096
gpu,27623.317794,27623.319469,22020096
gpu,27623.319469,27623.321150,22020096
gpu,27623.321150,27623.322842,22020096
gpu,27623.322842,27623.324530,22020096
gpu,27623.324530,27623.326203,22020096
gpu,27623.326203,27623.327882,22020096
gpu,27623.327882,27623.329580,22020096
gpu,27623.329580,27623.331260,22020096
gpu,27623.331260,27623.332939,22020096
gpu,27623.332939,27623.334636,22020096
gpu,27623.334636,27623.336376,22020096
gpu,27623.336376,27623.338076,22020096
gpu,27623.338077,27623.339756,22020096
gpu,27623.339756,27623.341441,22020096
gpu,27623.341441,27623.343133,22020096
gpu,27623.343133,27623.344819,22020096
gpu,27623.344819,27623.346497,22020096
gpu,27623.346497,27623.348209,22020096
gpu,27623.348210,27623.350180,22020096
gpu,27623.350180,27623.352143,22020096
gpu,27623.352144,27623.353846,22020096
gpu,27623.353846,27623.355529,22020096
gpu,27623.355529,27623.357220,22020096
gpu,27623.357220,27623.358906,22020096
gpu,27623.358906,27623.360633,22020096
gpu,27623.360633,27623.362334,22020096
gpu,27623.362335,27623.364052,22020096
gpu,27623.364052,27623.365736,22020096
gpu,27623.365736,27623.367411,22020096
gpu,27623.367411,27623.369093,22020096
gpu,27623.369093,27623.371312,22020096
gpu,27623.371312,27623.373222,22020096
gpu,27623.373222,27623.374914,22020096
gpu,27623.374914,27623.376596,22020096
gpu,27623.376596,27623.378293,22020096
gpu,27623.378293,27623.379979,22020096
gpu,27623.379980,27623.381709,22020096
gpu,27623.381709,27623.383409,22020096
gpu,27623.383409,27623.385120,22020096
gpu,27623.385120,27623.386811,22020096
gpu,27623.386811,27623.388492,22020096
gpu,27623.388492,27623.390168,22020096
gpu,27623.390168,27623.391862,22020096
gpu,27623.391862,27623.393549,22020096
gpu,27623.393549,27623.395230,22020096
gpu,27623.395230,27623.396906,22020096
gpu,27623.396906,27623.398600,22020096
gpu,27623.398600,27623.400343,22020096
gpu,27623.400343,27623.402032,22020096
gpu,27623.402032,27623.403709,22020096
gpu,27623.403709,27623.405402,22020096
gpu,27623.405402,27623.407086,22020096
gpu,27623.407108,27623.408784,22020096
gpu,27623.408784,27623.410457,22020096
gpu,27623.410458,27623.412171,22020096
gpu,27623.412171,27623.413870,22020096
gpu,27623.413870,27623.415551,22020096
gpu,27623.415551,27623.417225,22020096
gpu,27623.417225,27623.418910,22020096
gpu,27623.418911,27623.420603,22020096
gpu,27623.420603,27623.422282,22020096
gpu,27623.422282,27623.423955,22020096
gpu,27623.423955,27623.425688,22020096
gpu,27623.425688,27623.427413,22020096
gpu,27623.427413,27623.429109,22020096
gpu,27623.429109,27623.430778,22020096
gpu,27623.430778,27623.432470,22020096
gpu,27623.432470,27623.434159,22020096
gpu,27623.434159,27623.435839,22020096
gpu,27623.435839,27623.437522,22020096
gpu,27623.437522,27623.439213,22020096
gpu,27623.439213,27623.440896,22020096
gpu,27623.440896,27623.442577,22020096
gpu,27623.442577,27623.444252,22020096
gpu,27623.444252,27623.445940,22020096
gpu,27623.445940,27623.447626,22020096
gpu,27623.447627,27623.449305,22020096
gpu,27623.449305,27623.450979,22020096
gpu,27623.450979,27623.452670,22020096
gpu,27623.452670,27623.454355,22020096
gpu,27623.454355,27623.456066,22020096
gpu,27623.456066,27623.457740,22020096
gpu,27623.457740,27623.459426,22020096
gpu,27623.459426,27623.461106,22020096
gpu,27623.461106,27623.462791,22020096
gpu,27623.462791,27623.464469,22020096
gpu,27623.464469,27623.466156,22020096
gpu,27623.466156,27623.467837,22020096
gpu,27623.467837,27623.469513,22020096
gpu,27623.469513,27623.471186,22020096
gpu,27623.471186,27623.472875,22020096
gpu,27623.472875,27623.474571,22020096
gpu,27623.474571,27623.476269,22020096
gpu,27623.476269,27623.477946,22020096
gpu,27623.477946,27623.479639,22020096
gpu,27623.479639,27623.481320,22020096
gpu,27623.481320,27623.483000,22020096
gpu,27623.483001,27623.484668,22020096
gpu,27623.484668,27623.486358,22020096
gpu,27623.486358,27623.488073,22020096
gpu,27623.488073,27623.489753,22020096
gpu,27623.489753,27623.491429,22020096
gpu,27623.491429,27623.493272,22020096
gpu,27623.493272,27623.494964,22020096
gpu,27623.494964,27623.496652,22020096
gpu,27623.496652,27623.498332,22020096
gpu,27623.498333,27623.500040,22020096
gpu,27623.500041,27623.501726,22020096
gpu,27623.501726,27623.503408,22020096
gpu,27623.503408,27623.505130,22020096
gpu,27623.505130,27623.506830,22020096
gpu,27623.506830,27623.508517,22020096
gpu,27623.508517,27623.510195,22020096
gpu,27623.510196,27623.511887,22020096
gpu,27623.511887,27623.513578,22020096
gpu,27623.513578,27623.515260,22020096
gpu,27623.515260,27623.516943,22020096
gpu,27623.516943,27623.518623,22020096
gpu,27623.518623,27623.520346,22020096
gpu,27623.520346,27623.522031,22020096
gpu,27623.522031,27623.523716,22020096
gpu,27623.523716,27623.525411,22020096
gpu,27623.525411,27623.527095,22020096
gpu,27623.527095,27623.528779,22020096
gpu,27623.528780,27623.530489,22020096
gpu,27623.530489,27623.532180,22020096
gpu,27623.532180,27623.533868,22020096
gpu,27623.533869,27623.535551,22020096
gpu,27623.535551,27623.537245,22020096
gpu,27623.537245,27623.538928,22020096
gpu,27623.538928,27623.540630,22020096
gpu,27623.540630,27623.542329,22020096
gpu,27623.542329,27623.544025,22020096
gpu,27623.544025,27623.545711,22020096
gpu,27623.545711,27623.547400,22020096
gpu,27623.547400,27623.549085,22020096
gpu,27623.549085,27623.550766,22020096
gpu,27623.550766,27623.552472,22020096
gpu,27623.552472,27623.554164,22020096
gpu,27623.554164,27623.555847,22020096
gpu,27623.555847,27623.557531,22020096
gpu,27623.557532,27623.559212,22020096
gpu,27623.559212,27623.560900,22020096
gpu,27623.560900,27623.562583,22020096
gpu,27623.562583,27623.564270,22020096
gpu,27623.564270,27623.565946,22020096
gpu,27623.565946,27623.567634,22020096
gpu,27623.567635,27623.569327,22020096
gpu,27623.569328,27623.571034,22020096
gpu,27623.571034,27623.572727,22020096
gpu,27623.572727,27623.574421,22020096
gpu,27623.574421,27623.576106,22020096
gpu,27623.576106,27623.577887,22020096
gpu,27623.577887,27623.579683,22020096
gpu,27623.579683,27623.581387,22020096
gpu,27623.581387,27623.583068,22020096
gpu,27623.583068,27623.584783,22020096
gpu,27623.584783,27623.586477,22020096
gpu,27623.586477,27623.588184,22020096
gpu,27623.588184,27623.589875,22020096
gpu,27623.589875,27623.591562,22020096
gpu,27623.591562,27623.593243,22020096
gpu,27623.593243,27623.594939,22020096
gpu,27623.594939,27623.596623,22020096
gpu,27623.596623,27623.598307,22020096
gpu,27623.598308,27623.599996,22020096
gpu,27623.599997,27623.601705,22020096
gpu,27623.601705,27623.603404,22020096
gpu,27623.603404,27623.605088,22020096
gpu,27623.605088,27623.606771,22020096
gpu,27623.606771,27623.608468,22020096
gpu,27623.608468,27623.610146,22020096
gpu,27623.610146,27623.611823,22020096
gpu,27623.611823,27623.613506,22020096
gpu,27623.613506,27623.615200,22020096
gpu,27623.615200,27623.616902,22020096
gpu,27623.616903,27623.618592,22020096
gpu,27623.618592,27623.620273,22020096
gpu,27623.620273,27623.621971,22020096
gpu,27623.621972,27623.623653,22020096
gpu,27623.623653,27623.625337,22020096
gpu,27623.625337,27623.627017,22020096
gpu,27623.627017,27623.628721,22020096
gpu,27623.628721,27623.630406,22020096
gpu,27623.630406,27623.632093,22020096
gpu,27623.632093,27623.633778,22020096
gpu,27623.633778,27623.635470,22020096
gpu,27623.635470,27623.637266,22020096
gpu,27623.637266,27623.638953,22020096
gpu,27623.638953,27623.640635,22020096
gpu,27623.640635,27623.642327,22020096
gpu,27623.642327,27623.644031,22020096
gpu,27623.644031,27623.645707,22020096
gpu,27623.645707,27623.647387,22020096
gpu,27623.647387,27623.649082,22020096
gpu,27623.649082,27623.650758,22020096
gpu,27623.650758,27623.652430,22020096
gpu,27623.652430,27623.654116,22020096
gpu,27623.654116,27623.655809,22020096
gpu,27623.655809,27623.657494,22020096
gpu,27623.657494,27623.659168,22020096
gpu,27623.659168,27623.660885,22020096
gpu,27623.660885,27623.662594,22020096
gpu,27623.662594,27623.664273,22020096
gpu,27623.664273,27623.665950,22020096
gpu,27623.665951,27623.667628,22020096
gpu,27623.667628,27623.669319,22020096
gpu,27623.669319,27623.671002,22020096
gpu,27623.671002,27623.672686,22020096
gpu,27623.672686,27623.674367,22020096
gpu,27623.674367,27623.676098,22020096
gpu,27623.676098,27623.677803,22020096
gpu,27623.677803,27623.679483,22020096
gpu,27623.679483,27623.681164,22020096
gpu,27623.681165,27623.682861,22020096
gpu,27623.682861,27623.684540,22020096
gpu,27623.684540,27623.686216,22020096
gpu,27623.686216,27623.687901,22020096
gpu,27623.687901,27623.689592,22020096
gpu,27623.689592,27623.691271,22020096
gpu,27623.691272,27623.692946,22020096
gpu,27623.692946,27623.694625,22020096
gpu,27623.694625,27623.696324,22020096
gpu,27623.696324,27623.698007,22020096
gpu,27623.698007,27623.699682,22020096
gpu,27623.699684,27623.701367,22020096
gpu,27623.701367,27623.703056,22020096
gpu,27623.703056,27623.704744,22020096
gpu,27623.704744,27623.706439,22020096
gpu,27623.706439,27623.708128,22020096
gpu,27623.708128,27623.709829,22020096
gpu,27623.709829,27623.711509,22020096
gpu,27623.711509,27623.713197,22020096
gpu,27623.713197,27623.714888,22020096
gpu,27623.714888,27623.716579,22020096
gpu,27623.716579,27623.718259,22020096
gpu,27623.718259,27623.719934,22020096
gpu,27623.719934,27623.721618,22020096
gpu,27623.721618,27623.723320,22020096
gpu,27623.723320,27623.725020,22020096
gpu,27623.725020,27623.726717,22020096
gpu,27623.726717,27623.728423,22020096
gpu,27623.728423,27623.730131,22020096
gpu,27623.730131,27623.731815,22020096
gpu,27623.731815,27623.733496,22020096
gpu,27623.733496,27623.735186,22020096
gpu,27623.735186,27623.736893,22020096
gpu,27623.736893,27623.738580,22020096
gpu,27623.738580,27623.740261,22020096
gpu,27623.740261,27623.741945,22020096
gpu,27623.741945,27623.743637,22020096
gpu,27623.743637,27623.745320,22020096
gpu,27623.745320,27623.747003,22020096
gpu,27623.747003,27623.748686,22020096
gpu,27623.748686,27623.750379,22020096
gpu,27623.750379,27623.752068,22020096
gpu,27623.752068,27623.753749,22020096
gpu,27623.753749,27623.755464,22020096
gpu,27623.755464,27623.757228,22020096
gpu,27623.757229,27623.758943,22020096
gpu,27623.758943,27623.760630,22020096
gpu,27623.760630,27623.762314,22020096
gpu,27623.762314,27623.764019,22020096
gpu,27623.764020,27623.765699,22020096
gpu,27623.765699,27623.767383,22020096
gpu,27623.767383,27623.769066,22020096
gpu,27623.769066,27623.770766,22020096
gpu,27623.770766,27623.772448,22020096
gpu,27623.772448,27623.774130,22020096
gpu,27623.774130,27623.775810,22020096
gpu,27623.775810,27623.777521,22020096
gpu,27623.777521,27623.779204,22020096
gpu,27623.779204,27623.780968,22020096
gpu,27623.780968,27623.782671,22020096
gpu,27623.782671,27623.784363,22020096
gpu,27623.784363,27623.786050,22020096
gpu,27623.786050,27623.787747,22020096
gpu,27623.787747,27623.789443,22020096
gpu,27623.789443,27623.791156,22020096
gpu,27623.791156,27623.792850,22020096
gpu,27623.792850,27623.794536,22020096
gpu,27623.794536,27623.796230,22020096
gpu,27623.796230,27623.797929,22020096
gpu,27623.797929,27623.799621,22020096
gpu,27623.799621,27623.801318,22020096
gpu,27623.801318,27623.803015,22020096
gpu,27623.803015,27623.804793,22020096
gpu,27623.804793,27623.806464,22020096
gpu,27623.806464,27623.808185,22020096
gpu,27623.808185,27623.809881,22020096
gpu,27623.809881,27623.811573,22020096
gpu,27623.811573,27623.813265,22020096
gpu,27623.813265,27623.814948,22020096
gpu,27623.814948,27623.816636,22020096
gpu,27623.816637,27623.818336,22020096
gpu,27623.818336,27623.820018,22020096
gpu,27623.820018,27623.821696,22020096
gpu,27623.821697,27623.823380,22020096
gpu,27623.823380,27623.825078,22020096
gpu,27623.825078,27623.826760,22020096
gpu,27623.826760,27623.828436,22020096
gpu,27623.828436,27623.830110,22020096
gpu,27623.830110,27623.831811,22020096
gpu,27623.831811,27623.833499,22020096
gpu,27623.833499,27623.835176,22020096
gpu,27623.835176,27623.836868,22020096
gpu,27623.836868,27623.838579,22020096
gpu,27623.838579,27623.840264,22020096
gpu,27623.840265,27623.841942,22020096
gpu,27623.841942,27623.843624,22020096
gpu,27623.843624,27623.845317,22020096
gpu,27623.845318,27623.847000,22020096
gpu,27623.847000,27623.848705,22020096
gpu,27623.848705,27623.850417,22020096
gpu,27623.850417,27623.852121,22020096
gpu,27623.852121,27623.853810,22020096
gpu,27623.853810,27623.855507,22020096
gpu,27623.855507,27623.857186,22020096
gpu,27623.857186,27623.858891,22020096
gpu,27623.858892,27623.860592,22020096
gpu,27623.860592,27623.862267,22020096
gpu,27623.862268,27623.863949,22020096
gpu,27623.863949,27623.865642,22020096
gpu,27623.865643,27623.867320,22020096
gpu,27623.867320,27623.869000,22020096
gpu,27623.869001,27623.870692,22020096
gpu,27623.870692,27623.872387,22020096
gpu,27623.872387,27623.874066,22020096
gpu,27623.874066,27623.875740,22020096
gpu,27623.875740,27623.877415,22020096
gpu,27623.877415,27623.879110,22020096
gpu,27623.879110,27623.880792,22020096
gpu,27623.880793,27623.882467,22020096
gpu,27623.882467,27623.884152,22020096
gpu,27623.884152,27623.885843,22020096
gpu,27623.885843,27623.887521,22020096
gpu,27623.887521,27623.889201,22020096
gpu,27623.889201,27623.890880,22020096
gpu,27623.890880,27623.892573,22020096
gpu,27623.892573,27623.894262,22020096
gpu,27623.894262,27623.895979,22020096
gpu,27623.895979,27623.897673,22020096
gpu,27623.897673,27623.899367,22020096
gpu,27623.899367,27623.901058,22020096
gpu,27623.901058,27623.902798,22020096
gpu,27623.902799,27623.904548,22020096
gpu,27623.904548,27623.906255,22020096
gpu,27623.906255,27623.908028,22020096
gpu,27623.908029,27623.909731,22020096
gpu,27623.909731,27623.911423,22020096
gpu,27623.911423,27623.913124,22020096
gpu,27623.913124,27623.914807,22020096
gpu,27623.914807,27623.916485,22020096
gpu,27623.916485,27623.918165,22020096
gpu,27623.918165,27623.919864,22020096
gpu,27623.919864,27623.921553,22020096
gpu,27623.921554,27623.923226,22020096
gpu,27623.923226,27623.924912,22020096
gpu,27623.924912,27623.926605,22020096
gpu,27623.926605,27623.928290,22020096
gpu,27623.928290,27623.929974,22020096
gpu,27623.929974,27623.931656,22020096
gpu,27623.931656,27623.933349,22020096
gpu,27623.933349,27623.935030,22020096
gpu,27623.935031,27623.936718,22020096
gpu,27623.936719,27623.938436,22020096
gpu,27623.938436,27623.940149,22020096
gpu,27623.940149,27623.941887,22020096
gpu,27623.941887,27623.943578,22020096
gpu,27623.943578,27623.945256,22020096
gpu,27623.945256,27623.946953,22020096
gpu,27623.946953,27623.948641,22020096
gpu,27623.948641,27623.950316,22020096
gpu,27623.950316,27623.952024,22020096
gpu,27623.952024,27623.953746,22020096
gpu,27623.953746,27623.955439,22020096
gpu,27623.955439,27623.957117,22020096
gpu,27623.957118,27623.958802,22020096
gpu,27623.958802,27623.960506,22020096
gpu,27623.960507,27623.962203,22020096
gpu,27623.962203,27623.963887,22020096
gpu,27623.963887,27623.965570,22020096
gpu,27623.965570,27623.967264,22020096
gpu,27623.967264,27623.968952,22020096
gpu,27623.968952,27623.970631,22020096
gpu,27623.970631,27623.972317,22020096
gpu,27623.972317,27623.974012,22020096
gpu,27623.974012,27623.975709,22020096
gpu,27623.975709,27623.977398,22020096
gpu,27623.977398,27623.979075,22020096
gpu,27623.979075,27623.980774,22020096
gpu,27623.980774,27623.982465,22020096
gpu,27623.982465,27623.984178,22020096
gpu,27623.984179,27623.985859,22020096
gpu,27623.985859,27623.987588,22020096
gpu,27623.987588,27623.989296,22020096
gpu,27623.989298,27623.990973,22020096
gpu,27623.990974,27623.992661,22020096
gpu,27623.992661,27623.994358,22020096
gpu,27623.994358,27623.996050,22020096
gpu,27623.996050,27623.997736,22020096
gpu,27623.997736,27623.999417,22020096
gpu,27623.999417,27624.001115,22020096
gpu,27624.001115,27624.002797,22020096
gpu,27624.002798,27624.004476,22020096
gpu,27624.004476,27624.006160,22020096
gpu,27624.006160,27624.007855,22020096
gpu,27624.007855,27624.009537,22020096
gpu,27624.009537,27624.011213,22020096
gpu,27624.011213,27624.012900,22020096
gpu,27624.012900,27624.014594,22020096
gpu,27624.014594,27624.016288,22020096
gpu,27624.016288,27624.017965,22020096
gpu,27624.017965,27624.019652,22020096
gpu,27624.019653,27624.021351,22020096
gpu,27624.021351,27624.023054,22020096
gpu,27624.023054,27624.024733,22020096
gpu,27624.024733,27624.026410,22020096
gpu,27624.026410,27624.028106,22020096
gpu,27624.028106,27624.029795,22020096
gpu,27624.029795,27624.031470,22020096
gpu,27624.031470,27624.033148,22020096
gpu,27624.033149,27624.034848,22020096
gpu,27624.034849,27624.036553,22020096
gpu,27624.036553,27624.038232,22020096
gpu,27624.038232,27624.039915,22020096
gpu,27624.039915,27624.041609,22020096
gpu,27624.041609,27624.043289,22020096
gpu,27624.043290,27624.044971,22020096
gpu,27624.044971,27624.046652,22020096
gpu,27624.046652,27624.048352,22020096
gpu,27624.048352,27624.050037,22020096
gpu,27624.050037,27624.051715,22020096
gpu,27624.051715,27624.053392,22020096
gpu,27624.053392,27624.055084,22020096
gpu,27624.055084,27624.056760,22020096
gpu,27624.056760,27624.058437,22020096
gpu,27624.058437,27624.060118,22020096
gpu,27624.060118,27624.061809,22020096
gpu,27624.061809,27624.063493,22020096
gpu,27624.063493,27624.065172,22020096
gpu,27624.065172,27624.066853,22020096
gpu,27624.066853,27624.068547,22020096
gpu,27624.068547,27624.070223,22020096
gpu,27624.070223,27624.071904,22020096
gpu,27624.071904,27624.073588,22020096
gpu,27624.073588,27624.075283,22020096
gpu,27624.075283,27624.076968,22020096
gpu,27624.076968,27624.078645,22020096
gpu,27624.078646,27624.080336,22020096
gpu,27624.080336,27624.082068,22020096
gpu,27624.082068,27624.083768,22020096
gpu,27624.083768,27624.085450,22020096
gpu,27624.085450,27624.087136,22020096
gpu,27624.087136,27624.088839,22020096
gpu,27624.088839,27624.090519,22020096
gpu,27624.090519,27624.092204,22020096
gpu,27624.092204,27624.093883,22020096
gpu,27624.093883,27624.095577,22020096
gpu,27624.095577,27624.097263,22020096
gpu,27624.097263,27624.098937,22020096
gpu,27624.098937,27624.100618,22020096
gpu,27624.100618,27624.102308,22020096
gpu,27624.102308,27624.103985,22020096
gpu,27624.103986,27624.105679,22020096
gpu,27624.105679,27624.107361,22020096
gpu,27624.107361,27624.109057,22020096
gpu,27624.109057,27624.110740,22020096
gpu,27624.110740,27624.112431,22020096
gpu,27624.112431,27624.114117,22020096
gpu,27624.114117,27624.115813,22020096
gpu,27624.115813,27624.117493,22020096
gpu,27624.117493,27624.119172,22020096
gpu,27624.119172,27624.120854,22020096
gpu,27624.120854,27624.122564,22020096
gpu,27624.122564,27624.124256,22020096
gpu,27624.124256,27624.125938,22020096
gpu,27624.125938,27624.127649,22020096
gpu,27624.127649,27624.129366,22020096
gpu,27624.129366,27624.131048,22020096
gpu,27624.131048,27624.132732,22020096
gpu,27624.132732,27624.134412,22020096
gpu,27624.134412,27624.136110,22020096
gpu,27624.136110,27624.137794,22020096
gpu,27624.137794,27624.139475,22020096
gpu,27624.139475,27624.141161,22020096
gpu,27624.141161,27624.142853,22020096
gpu,27624.142854,27624.144570,22020096
gpu,27624.144570,27624.146245,22020096
gpu,27624.146245,27624.147947,22020096
gpu,27624.147947,27624.149654,22020096
gpu,27624.149654,27624.151338,22020096
gpu,27624.151339,27624.153019,22020096
gpu,27624.153019,27624.154701,22020096
gpu,27624.154702,27624.156402,22020096
gpu,27624.156402,27624.158085,22020096
gpu,27624.158085,27624.159763,22020096
gpu,27624.159763,27624.161447,22020096
gpu,27624.161447,27624.163164,22020096
gpu,27624.163164,27624.164848,22020096
gpu,27624.164848,27624.166522,22020096
gpu,27624.166522,27624.168202,22020096
gpu,27624.168202,27624.169896,22020096
gpu,27624.169896,27624.171586,22020096
gpu,27624.171586,27624.173267,22020096
gpu,27624.173267,27624.174963,22020096
gpu,27624.174964,27624.176700,22020096
gpu,27624.176700,27624.178392,22020096
gpu,27624.178392,27624.180071,22020096
gpu,27624.180071,27624.181755,22020096
gpu,27624.181755,27624.183449,22020096
gpu,27624.183449,27624.185133,22020096
gpu,27624.185134,27624.186808,22020096
gpu,27624.186808,27624.188498,22020096
gpu,27624.188498,27624.190203,22020096
gpu,27624.190203,27624.191895,22020096
gpu,27624.191895,27624.193571,22020096
gpu,27624.193571,27624.195254,22020096
gpu,27624.195254,27624.196954,22020096
gpu,27624.196954,27624.198639,22020096
gpu,27624.198639,27624.200318,22020096
gpu,27624.200318,27624.201995,22020096
gpu,27624.201995,27624.203687,22020096
gpu,27624.203687,27624.205373,22020096
gpu,27624.205373,27624.207048,22020096
gpu,27624.207048,27624.208732,22020096
gpu,27624.208732,27624.210428,22020096
gpu,27624.210428,27624.212110,22020096
gpu,27624.212110,27624.213792,22020096
gpu,27624.213792,27624.215471,22020096
gpu,27624.215471,27624.217169,22020096
gpu,27624.217169,27624.218856,22020096
gpu,27624.218856,27624.220534,22020096
gpu,27624.220534,27624.222244,22020096
gpu,27624.222244,27624.223966,22020096
gpu,27624.223966,27624.225668,22020096
gpu,27624.225669,27624.227345,22020096
gpu,27624.227345,27624.229022,22020096
gpu,27624.229022,27624.230719,22020096
gpu,27624.230719,27624.232407,22020096
gpu,27624.232408,27624.234086,22020096
gpu,27624.234086,27624.235766,22020096
gpu,27624.235767,27624.237460,22020096
gpu,27624.237460,27624.239152,22020096
gpu,27624.239152,27624.240832,22020096
gpu,27624.240832,27624.242515,22020096
gpu,27624.242515,27624.244210,22020096
gpu,27624.244210,27624.245903,22020096
gpu,27624.245903,27624.247581,22020096
gpu,27624.247581,27624.249266,22020096
gpu,27624.249266,27624.250964,22020096
gpu,27624.250964,27624.252649,22020096
gpu,27624.252649,27624.254321,22020096
gpu,27624.254321,27624.256025,22020096
gpu,27624.256025,27624.257725,22020096
gpu,27624.257725,27624.259410,22020096
gpu,27624.259410,27624.261086,22020096
gpu,27624.261086,27624.262761,22020096
gpu,27624.262761,27624.264461,22020096
gpu,27624.264461,27624.266146,22020096
gpu,27624.266146,27624.267853,22020096
gpu,27624.267853,27624.269548,22020096
gpu,27624.269548,27624.271245,22020096
gpu,27624.271245,27624.272931,22020096
gpu,27624.272931,27624.274607,22020096
gpu,27624.274607,27624.276291,22020096
gpu,27624.276293,27624.277987,22020096
gpu,27624.277987,27624.279667,22020096
gpu,27624.279667,27624.281348,22020096
gpu,27624.281348,27624.283020,22020096
gpu,27624.283021,27624.284718,22020096
gpu,27624.284718,27624.286399,22020096
gpu,27624.286399,27624.288118,22020096
gpu,27624.288118,27624.289798,22020096
gpu,27624.289798,27624.291491,22020096
gpu,27624.291491,27624.293174,22020096
gpu,27624.293174,27624.294853,22020096
gpu,27624.294853,27624.296533,22020096
gpu,27624.296533,27624.298224,22020096
gpu,27624.298224,27624.299907,22020096
gpu,27624.299907,27624.301582,22020096
gpu,27624.301582,27624.303281,22020096
gpu,27624.303282,27624.304980,22020096
gpu,27624.304980,27624.306663,22020096
gpu,27624.306663,27624.308340,22020096
gpu,27624.308340,27624.310022,22020096
gpu,27624.310022,27624.311713,22020096
gpu,27624.311713,27624.313392,22020096
gpu,27624.313393,27624.315110,22020096
gpu,27624.315110,27624.316814,22020096
gpu,27624.316814,27624.318533,22020096
gpu,27624.318533,27624.320213,22020096
gpu,27624.320213,27624.321902,22020096
gpu,27624.321902,27624.323585,22020096
gpu,27624.323586,27624.325278,22020096
gpu,27624.325278,27624.326955,22020096
gpu,27624.326955,27624.328634,22020096
gpu,27624.328634,27624.330321,22020096
gpu,27624.330321,27624.332036,22020096
gpu,27624.332036,27624.333712,22020096
gpu,27624.333712,27624.335395,22020096
gpu,27624.335395,27624.337079,22020096
gpu,27624.337079,27624.338779,22020096
gpu,27624.338779,27624.340458,22020096
gpu,27624.340458,27624.342134,22020096
gpu,27624.342134,27624.343813,22020096
gpu,27624.343813,27624.345509,22020096
gpu,27624.345509,27624.347205,22020096
gpu,27624.347205,27624.348890,22020096
gpu,27624.348890,27624.350573,22020096
gpu,27624.350573,27624.352277,22020096
gpu,27624.352277,27624.353955,22020096
gpu,27624.353956,27624.355640,22020096
gpu,27624.355641,27624.357322,22020096
gpu,27624.357322,27624.359019,22020096
gpu,27624.359019,27624.360698,22020096
gpu,27624.360698,27624.362388,22020096
gpu,27624.362388,27624.364093,22020096
gpu,27624.364093,27624.365776,22020096
gpu,27624.365776,27624.367458,22020096
gpu,27624.367458,27624.369142,22020096
gpu,27624.369142,27624.370827,22020096
gpu,27624.370827,27624.372519,22020096
gpu,27624.372519,27624.374199,22020096
gpu,27624.374199,27624.375886,22020096
gpu,27624.375886,27624.377567,22020096
gpu,27624.377567,27624.379254,22020096
gpu,27624.379255,27624.380936,22020096
gpu,27624.380936,27624.382619,22020096
gpu,27624.382619,27624.384313,22020096
gpu,27624.384313,27624.386005,22020096
gpu,27624.386005,27624.387689,22020096
gpu,27624.387689,27624.389376,22020096
gpu,27624.389377,27624.391056,22020096
gpu,27624.391056,27624.392746,22020096
gpu,27624.392746,27624.394427,22020096
gpu,27624.394427,27624.396108,22020096
gpu,27624.396108,27624.397794,22020096
gpu,27624.397794,27624.399481,22020096
gpu,27624.399481,27624.401160,22020096
gpu,27624.401161,27624.402838,22020096
gpu,27624.402838,27624.404517,22020096
gpu,27624.404518,27624.406208,22020096
gpu,27624.406208,27624.407892,22020096
gpu,27624.407892,27624.409595,22020096
gpu,27624.409595,27624.411287,22020096
gpu,27624.411288,27624.412997,22020096
gpu,27624.412997,27624.414681,22020096
gpu,27624.414681,27624.416379,22020096
gpu,27624.416379,27624.418062,22020096
gpu,27624.418062,27624.419750,22020096
gpu,27624.419750,27624.421431,22020096
gpu,27624.421432,27624.423111,22020096
gpu,27624.423112,27624.424794,22020096
gpu,27624.424794,27624.426484,22020096
gpu,27624.426484,27624.428178,22020096
gpu,27624.428178,27624.429847,22020096
gpu,27624.429847,27624.431534,22020096
gpu,27624.431534,27624.433226,22020096
gpu,27624.433226,27624.434899,22020096
gpu,27624.434899,27624.436579,22020096
gpu,27624.436579,27624.438256,22020096
gpu,27624.438257,27624.439946,22020096
gpu,27624.439947,27624.441627,22020096
gpu,27624.441628,27624.443306,22020096
gpu,27624.443306,27624.444986,22020096
gpu,27624.444987,27624.446679,22020096
gpu,27624.446679,27624.448361,22020096
gpu,27624.448361,27624.450039,22020096
gpu,27624.450039,27624.451718,22020096
gpu,27624.451718,27624.453402,22020096
gpu,27624.453402,27624.455088,22020096
gpu,27624.455088,27624.456773,22020096
gpu,27624.456773,27624.458447,22020096
gpu,27624.458447,27624.460136,22020096
gpu,27624.460136,27624.461815,22020096
gpu,27624.461815,27624.463487,22020096
gpu,27624.463487,27624.465168,22020096
gpu,27624.465168,27624.466851,22020096
gpu,27624.466851,27624.468533,22020096
gpu,27624.468533,27624.470209,22020096
gpu,27624.470209,27624.471883,22020096
gpu,27624.471883,27624.473573,22020096
gpu,27624.473573,27624.475254,22020096
gpu,27624.475254,27624.476936,22020096
gpu,27624.476936,27624.478608,22020096
gpu,27624.478608,27624.480300,22020096
gpu,27624.480300,27624.481976,22020096
gpu,27624.481976,27624.483654,22020096
gpu,27624.483654,27624.485346,22020096
gpu,27624.485346,27624.487036,22020096
gpu,27624.487036,27624.488724,22020096
gpu,27624.488724,27624.490413,22020096
gpu,27624.490413,27624.492092,22020096
gpu,27624.492092,27624.493782,22020096
gpu,27624.493783,27624.495467,22020096
gpu,27624.495467,27624.497158,22020096
gpu,27624.497158,27624.498836,22020096
gpu,27624.498836,27624.500525,22020096
gpu,27624.500525,27624.502220,22020096
gpu,27624.502220,27624.503907,22020096
gpu,27624.503907,27624.505584,22020096
gpu,27624.505584,27624.507278,22020096
gpu,27624.507278,27624.508962,22020096
gpu,27624.508962,27624.510642,22020096
gpu,27624.510642,27624.512324,22020096
gpu,27624.512324,27624.514018,22020096
gpu,27624.514019,27624.515703,22020096
gpu,27624.515703,27624.517384,22020096
gpu,27624.517384,27624.519076,22020096
gpu,27624.519076,27624.520770,22020096
gpu,27624.520770,27624.522466,22020096
gpu,27624.522466,27624.524156,22020096
gpu,27624.524156,27624.525835,22020096
gpu,27624.525835,27624.527529,22020096
gpu,27624.527529,27624.529220,22020096
gpu,27624.529221,27624.530907,22020096
gpu,27624.530907,27624.532584,22020096
gpu,27624.532584,27624.534273,22020096
gpu,27624.534273,27624.535953,22020096
gpu,27624.535953,27624.537634,22020096
gpu,27624.537634,27624.539318,22020096
gpu,27624.539318,27624.541014,22020096
gpu,27624.541014,27624.542700,22020096
gpu,27624.542701,27624.544385,22020096
gpu,27624.544385,27624.546058,22020096
gpu,27624.546059,27624.547767,22020096
gpu,27624.547767,27624.549458,22020096
gpu,27624.549459,27624.551142,22020096
gpu,27624.551142,27624.553051,22020096
gpu,27624.553051,27624.555045,22020096
gpu,27624.555045,27624.556769,22020096
gpu,27624.556769,27624.558450,22020096
gpu,27624.558450,27624.560130,22020096
gpu,27624.560130,27624.561821,22020096
gpu,27624.561821,27624.563496,22020096
gpu,27624.563496,27624.565176,22020096
gpu,27624.565177,27624.566854,22020096
gpu,27624.566854,27624.568596,22020096
gpu,27624.568596,27624.570285,22020096
gpu,27624.570285,27624.571975,22020096
gpu,27624.571975,27624.573893,22020096
gpu,27624.573893,27624.575604,22020096
gpu,27624.575604,27624.577281,22020096
gpu,27624.577282,27624.578959,22020096
gpu,27624.578959,27624.580663,22020096
gpu,27624.580663,27624.582355,22020096
gpu,27624.582355,27624.584050,22020096
gpu,27624.584050,27624.585725,22020096
gpu,27624.585726,27624.587403,22020096
gpu,27624.587403,27624.589110,22020096
gpu,27624.589110,27624.590793,22020096
gpu,27624.590794,27624.592496,22020096
gpu,27624.592496,27624.594185,22020096
gpu,27624.594185,27624.595885,22020096
gpu,27624.595886,27624.597579,22020096
gpu,27624.597579,27624.599252,22020096
gpu,27624.599252,27624.600932,22020096
gpu,27624.600932,27624.602621,22020096
gpu,27624.602621,27624.604299,22020096
gpu,27624.604299,27624.605975,22020096
gpu,27624.605975,27624.607653,22020096
gpu,27624.607653,27624.609342,22020096
gpu,27624.609342,27624.611018,22020096
gpu,27624.611019,27624.612695,22020096
gpu,27624.612695,27624.614377,22020096
gpu,27624.614377,27624.616069,22020096
gpu,27624.616070,27624.617744,22020096
gpu,27624.617744,27624.619418,22020096
gpu,27624.619418,27624.621098,22020096
gpu,27624.621098,27624.622787,22020096
gpu,27624.622787,27624.624488,22020096
gpu,27624.624488,27624.626176,22020096
gpu,27624.626176,27624.627881,22020096
gpu,27624.627881,27624.629600,22020096
gpu,27624.629600,27624.631271,22020096
gpu,27624.631271,27624.632953,22020096
gpu,27624.632953,27624.634635,22020096
gpu,27624.634635,27624.636334,22020096
gpu,27624.636334,27624.638017,22020096
gpu,27624.638017,27624.639702,22020096
gpu,27624.639702,27624.641387,22020096
gpu,27624.641387,27624.643100,22020096
gpu,27624.643100,27624.644781,22020096
gpu,27624.644781,27624.646458,22020096
gpu,27624.646458,27624.648141,22020096
gpu,27624.648142,27624.649825,22020096
gpu,27624.649825,27624.651502,22020096
gpu,27624.651502,27624.653249,22020096
gpu,27624.653249,27624.654938,22020096
gpu,27624.654939,27624.656644,22020096
gpu,27624.656644,27624.658349,22020096
gpu,27624.658349,27624.660042,22020096
gpu,27624.660042,27624.661721,22020096
gpu,27624.661721,27624.663417,22020096
gpu,27624.663417,27624.665105,22020096
gpu,27624.665105,27624.666777,22020096
gpu,27624.666777,27624.668461,22020096
gpu,27624.668461,27624.670154,22020096
gpu,27624.670154,27624.671835,22020096
gpu,27624.671835,27624.673515,22020096
gpu,27624.673515,27624.675196,22020096
gpu,27624.675197,27624.676888,22020096
gpu,27624.676888,27624.678570,22020096
gpu,27624.678570,27624.680250,22020096
gpu,27624.680250,27624.681932,22020096
gpu,27624.681932,27624.683625,22020096
gpu,27624.683625,27624.685314,22020096
gpu,27624.685314,27624.686988,22020096
gpu,27624.686989,27624.688692,22020096
gpu,27624.688692,27624.690409,22020096
gpu,27624.690409,27624.692088,22020096
gpu,27624.692088,27624.693770,22020096
gpu,27624.693770,27624.695451,22020096
gpu,27624.695451,27624.697145,22020096
gpu,27624.697145,27624.698827,22020096
gpu,27624.698827,27624.700514,22020096
gpu,27624.700514,27624.702212,22020096
gpu,27624.702212,27624.704108,22020096
gpu,27624.704108,27624.706101,22020096
gpu,27624.706101,27624.707795,22020096
gpu,27624.707795,27624.709501,22020096
gpu,27624.709501,27624.711207,22020096
gpu,27624.711207,27624.712891,22020096
gpu,27624.712891,27624.714579,22020096
gpu,27624.714579,27624.716256,22020096
gpu,27624.716257,27624.717946,22020096
gpu,27624.717946,27624.719635,22020096
gpu,27624.719635,27624.721318,22020096
gpu,27624.721318,27624.722993,22020096
gpu,27624.722993,27624.724687,22020096
gpu,27624.724687,27624.726369,22020096
gpu,27624.726369,27624.728056,22020096
gpu,27624.728056,27624.729741,22020096
gpu,27624.729741,27624.731427,22020096
gpu,27624.731427,27624.733110,22020096
gpu,27624.733110,27624.734808,22020096
gpu,27624.734808,27624.736503,22020096
gpu,27624.736503,27624.738224,22020096
gpu,27624.738224,27624.739929,22020096
gpu,27624.739929,27624.741611,22020096
gpu,27624.741611,27624.743287,22020096
gpu,27624.743287,27624.744983,22020096
gpu,27624.744983,27624.746664,22020096
gpu,27624.746664,27624.748344,22020096
gpu,27624.748344,27624.750018,22020096
gpu,27624.750018,27624.751712,22020096
gpu,27624.751712,27624.753400,22020096
gpu,27624.753401,27624.755077,22020096
gpu,27624.755077,27624.756760,22020096
gpu,27624.756760,27624.758455,22020096
gpu,27624.758455,27624.760142,22020096
gpu,27624.760142,27624.761818,22020096
gpu,27624.761818,27624.763493,22020096
gpu,27624.763493,27624.765245,22020096
gpu,27624.765245,27624.766955,22020096
gpu,27624.766955,27624.768640,22020096
gpu,27624.768640,27624.770320,22020096
gpu,27624.770320,27624.772028,22020096
gpu,27624.772028,27624.773712,22020096
gpu,27624.773712,27624.775393,22020096
gpu,27624.775393,27624.777071,22020096
gpu,27624.777071,27624.778763,22020096
gpu,27624.778764,27624.780491,22020096
gpu,27624.780491,27624.782207,22020096
gpu,27624.782208,27624.783885,22020096
gpu,27624.783885,27624.785586,22020096
gpu,27624.785586,27624.787278,22020096
gpu,27624.787278,27624.788969,22020096
gpu,27624.788969,27624.790660,22020096
gpu,27624.790660,27624.792367,22020096
gpu,27624.792367,27624.794060,22020096
gpu,27624.794060,27624.795743,22020096
gpu,27624.795744,27624.797426,22020096
gpu,27624.797426,27624.799163,22020096
gpu,27624.799163,27624.800854,22020096
gpu,27624.800855,27624.802558,22020096
gpu,27624.802558,27624.804242,22020096
gpu,27624.804242,27624.805950,22020096
gpu,27624.805950,27624.807645,22020096
gpu,27624.807645,27624.809355,22020096
gpu,27624.809355,27624.811030,22020096
gpu,27624.811030,27624.812727,22020096
gpu,27624.812727,27624.814408,22020096
gpu,27624.814409,27624.816100,22020096
gpu,27624.816101,27624.817819,22020096
gpu,27624.817819,27624.819541,22020096
gpu,27624.819541,27624.821290,22020096
gpu,27624.821290,27624.822993,22020096
gpu,27624.822993,27624.824672,22020096
gpu,27624.824672,27624.826367,22020096
gpu,27624.826367,27624.828125,22020096
gpu,27624.828125,27624.829827,22020096
gpu,27624.829827,27624.831508,22020096
gpu,27624.831508,27624.833205,22020096
gpu,27624.833205,27624.834890,22020096
gpu,27624.834890,27624.836569,22020096
gpu,27624.836570,27624.838239,22020096
gpu,27624.838239,27624.839943,22020096
gpu,27624.839943,27624.841623,22020096
gpu,27624.841623,27624.843297,22020096
gpu,27624.843297,27624.844971,22020096
gpu,27624.844971,27624.846661,22020096
gpu,27624.846661,27624.848345,22020096
gpu,27624.848345,27624.850015,22020096
gpu,27624.850015,27624.851688,22020096
gpu,27624.851688,27624.853381,22020096
gpu,27624.853381,27624.855064,22020096
gpu,27624.855065,27624.856784,22020096
gpu,27624.856784,27624.858526,22020096
gpu,27624.858526,27624.860238,22020096
gpu,27624.860238,27624.861956,22020096
gpu,27624.861956,27624.863685,22020096
gpu,27624.863685,27624.865376,22020096
gpu,27624.865377,27624.867072,22020096
gpu,27624.867072,27624.868763,22020096
gpu,27624.868763,27624.870446,22020096
gpu,27624.870446,27624.872148,22020096
gpu,27624.872148,27624.873847,22020096
gpu,27624.873848,27624.875543,22020096
gpu,27624.875543,27624.877275,22020096
gpu,27624.877275,27624.878968,22020096
gpu,27624.878968,27624.880669,22020096
gpu,27624.880669,27624.882356,22020096
gpu,27624.882356,27624.884050,22020096
gpu,27624.884050,27624.885730,22020096
gpu,27624.885730,27624.887423,22020096
gpu,27624.887423,27624.889103,22020096
gpu,27624.889103,27624.890883,22020096
gpu,27624.890883,27624.892574,22020096
gpu,27624.892574,27624.894261,22020096
gpu,27624.894261,27624.895942,22020096
gpu,27624.895942,27624.897622,22020096
gpu,27624.897622,27624.899303,22020096
gpu,27624.899303,27624.900992,22020096
gpu,27624.900992,27624.902671,22020096
gpu,27624.902671,27624.904350,22020096
gpu,27624.904351,27624.906028,22020096
gpu,27624.906028,27624.907713,22020096
gpu,27624.907713,27624.909424,22020096
gpu,27624.909424,27624.911118,22020096
gpu,27624.911118,27624.912796,22020096
gpu,27624.912796,27624.914488,22020096
gpu,27624.914488,27624.916180,22020096
gpu,27624.916180,27624.917858,22020096
gpu,27624.917858,27624.919539,22020096
gpu,27624.919539,27624.921253,22020096
gpu,27624.921253,27624.922944,22020096
gpu,27624.922944,27624.924620,22020096
gpu,27624.924620,27624.926293,22020096
gpu,27624.926293,27624.927988,22020096
gpu,27624.927988,27624.929701,22020096
gpu,27624.929702,27624.931387,22020096
gpu,27624.931387,27624.933064,22020096
gpu,27624.933064,27624.934763,22020096
gpu,27624.934763,27624.936448,22020096
gpu,27624.936448,27624.938170,22020096
gpu,27624.938170,27624.939852,22020096
gpu,27624.939852,27624.941541,22020096
gpu,27624.941541,27624.943224,22020096
gpu,27624.943224,27624.944905,22020096
gpu,27624.944905,27624.946577,22020096
gpu,27624.946577,27624.948269,22020096
gpu,27624.948270,27624.949954,22020096
gpu,27624.949955,27624.951631,22020096
gpu,27624.951631,27624.953306,22020096
gpu,27624.953306,27624.954995,22020096
gpu,27624.954995,27624.956680,22020096
gpu,27624.956681,27624.958360,22020096
gpu,27624.958361,27624.960066,22020096
gpu,27624.960066,27624.961762,22020096
gpu,27624.961762,27624.963444,22020096
gpu,27624.963444,27624.965123,22020096
gpu,27624.965123,27624.966803,22020096
gpu,27624.966803,27624.968504,22020096
gpu,27624.968504,27624.970224,22020096
gpu,27624.970224,27624.971898,22020096
gpu,27624.971898,27624.973576,22020096
gpu,27624.973576,27624.975268,22020096
gpu,27624.975268,27624.976951,22020096
gpu,27624.976951,27624.978631,22020096
gpu,27624.978631,27624.980309,22020096
gpu,27624.980309,27624.982002,22020096
gpu,27624.982002,27624.983683,22020096
gpu,27624.983683,27624.985360,22020096
gpu,27624.985360,27624.987033,22020096
gpu,27624.987033,27624.988727,22020096
gpu,27624.988727,27624.990411,22020096
gpu,27624.990411,27624.992142,22020096
gpu,27624.992142,27624.993887,22020096
gpu,27624.993887,27624.995581,22020096
gpu,27624.995581,27624.997280,22020096
gpu,27624.997280,27624.998969,22020096
gpu,27624.998970,27625.000650,22020096
gpu,27625.000651,27625.002346,22020096
gpu,27625.002346,27625.004049,22020096
gpu,27625.004049,27625.005741,22020096
gpu,27625.005741,27625.007419,22020096
gpu,27625.007419,27625.009114,22020096
gpu,27625.009114,27625.010804,22020096
gpu,27625.010804,27625.012504,22020096
gpu,27625.012505,27625.014207,22020096
gpu,27625.014208,27625.015942,22020096
gpu,27625.015942,27625.017659,22020096
gpu,27625.017659,27625.019336,22020096
gpu,27625.019336,27625.021010,22020096
gpu,27625.021010,27625.022697,22020096
gpu,27625.022697,27625.024411,22020096
gpu,27625.024411,27625.026100,22020096
gpu,27625.026100,27625.027775,22020096
gpu,27625.027775,27625.029463,22020096
gpu,27625.029463,27625.031144,22020096
gpu,27625.031144,27625.032828,22020096
gpu,27625.032828,27625.034506,22020096
gpu,27625.034506,27625.036191,22020096
gpu,27625.036191,27625.037871,22020096
gpu,27625.037871,27625.039549,22020096
gpu,27625.039549,27625.041234,22020096
gpu,27625.041234,27625.042918,22020096
gpu,27625.042918,27625.044600,22020096
gpu,27625.044600,27625.046274,22020096
gpu,27625.046274,27625.047947,22020096
gpu,27625.047947,27625.049635,22020096
gpu,27625.049635,27625.051317,22020096
gpu,27625.051317,27625.053001,22020096
gpu,27625.053001,27625.054680,22020096
gpu,27625.054680,27625.056394,22020096
gpu,27625.056394,27625.058088,22020096
gpu,27625.058089,27625.059764,22020096
gpu,27625.059764,27625.061448,22020096
gpu,27625.061448,27625.063142,22020096
gpu,27625.063143,27625.064826,22020096
gpu,27625.064826,27625.066505,22020096
gpu,27625.066505,27625.068179,22020096
gpu,27625.068179,27625.069869,22020096
gpu,27625.069869,27625.071548,22020096
gpu,27625.071548,27625.073234,22020096
gpu,27625.073234,27625.074912,22020096
gpu,27625.074912,27625.076601,22020096
gpu,27625.076602,27625.078282,22020096
gpu,27625.078282,27625.079957,22020096
gpu,27625.079957,27625.081653,22020096
gpu,27625.081653,27625.083361,22020096
gpu,27625.083361,27625.085046,22020096
gpu,27625.085046,27625.086723,22020096
gpu,27625.086723,27625.088401,22020096
gpu,27625.088402,27625.090106,22020096
gpu,27625.090106,27625.091788,22020096
gpu,27625.091788,27625.093467,22020096
gpu,27625.093467,27625.095136,22020096
gpu,27625.095136,27625.096825,22020096
gpu,27625.096825,27625.098510,22020096
gpu,27625.098510,27625.100188,22020096
gpu,27625.100188,27625.101858,22020096
gpu,27625.101858,27625.103547,22020096
gpu,27625.103547,27625.105257,22020096
gpu,27625.105258,27625.106945,22020096
gpu,27625.106945,27625.108615,22020096
gpu,27625.108615,27625.110322,22020096
gpu,27625.110322,27625.112019,22020096
gpu,27625.112019,27625.113707,22020096
gpu,27625.113707,27625.115395,22020096
gpu,27625.115396,27625.117089,22020096
gpu,27625.117089,27625.118784,22020096
gpu,27625.118784,27625.120463,22020096
gpu,27625.120463,27625.122138,22020096
gpu,27625.122138,27625.123836,22020096
gpu,27625.123836,27625.125518,22020096
gpu,27625.125518,27625.127199,22020096
gpu,27625.127199,27625.128868,22020096
gpu,27625.128869,27625.130563,22020096
gpu,27625.130563,27625.132248,22020096
gpu,27625.132248,27625.133924,22020096
gpu,27625.133924,27625.135597,22020096
gpu,27625.135597,27625.137289,22020096
gpu,27625.137289,27625.138969,22020096
gpu,27625.139007,27625.140696,22020096
gpu,27625.140696,27625.142366,22020096
gpu,27625.142366,27625.144058,22020096
gpu,27625.144058,27625.145738,22020096
gpu,27625.145738,27625.147416,22020096
gpu,27625.147416,27625.149093,22020096
gpu,27625.149093,27625.150786,22020096
gpu,27625.150786,27625.152507,22020096
gpu,27625.152507,27625.154192,22020096
gpu,27625.154192,27625.155865,22020096
gpu,27625.155865,27625.157574,22020096
gpu,27625.157575,27625.159253,22020096
gpu,27625.159254,27625.160935,22020096
gpu,27625.160935,27625.162606,22020096
gpu,27625.162606,27625.164296,22020096
gpu,27625.164296,27625.165980,22020096
gpu,27625.165980,27625.167657,22020096
gpu,27625.167657,27625.169333,22020096
gpu,27625.169333,27625.171025,22020096
gpu,27625.171025,27625.172708,22020096
gpu,27625.172708,27625.174384,22020096
gpu,27625.174384,27625.176058,22020096
gpu,27625.176058,27625.177746,22020096
gpu,27625.177746,27625.179428,22020096
gpu,27625.179428,27625.181103,22020096
gpu,27625.181103,27625.182781,22020096
gpu,27625.182781,27625.184474,22020096
gpu,27625.184474,27625.186155,22020096
gpu,27625.186155,27625.187830,22020096
gpu,27625.187830,27625.189504,22020096
gpu,27625.189504,27625.191195,22020096
gpu,27625.191195,27625.192874,22020096
gpu,27625.192875,27625.194549,22020096
gpu,27625.194549,27625.196225,22020096
gpu,27625.196226,27625.197915,22020096
gpu,27625.197915,27625.199597,22020096
gpu,27625.199597,27625.201285,22020096
gpu,27625.201285,27625.202970,22020096
gpu,27625.202970,27625.204665,22020096
gpu,27625.204665,27625.206346,22020096
gpu,27625.206346,27625.208035,22020096
gpu,27625.208035,27625.209712,22020096
gpu,27625.209712,27625.211400,22020096
gpu,27625.211400,27625.213080,22020096
gpu,27625.213080,27625.214767,22020096
gpu,27625.214767,27625.216514,22020096
gpu,27625.216514,27625.218210,22020096
gpu,27625.218210,27625.219900,22020096
gpu,27625.219900,27625.221572,22020096
gpu,27625.221572,27625.223246,22020096
gpu,27625.223246,27625.224943,22020096
gpu,27625.224943,27625.226624,22020096
gpu,27625.226624,27625.228297,22020096
gpu,27625.228297,27625.229975,22020096
gpu,27625.229975,27625.231676,22020096
gpu,27625.231676,27625.233379,22020096
gpu,27625.233379,27625.235058,22020096
gpu,27625.235058,27625.236742,22020096
gpu,27625.236742,27625.238439,22020096
gpu,27625.238439,27625.240134,22020096
gpu,27625.240134,27625.241821,22020096
gpu,27625.241821,27625.243501,22020096
gpu,27625.243501,27625.245197,22020096
gpu,27625.245197,27625.246940,22020096
gpu,27625.246940,27625.248651,22020096
gpu,27625.248651,27625.250364,22020096
gpu,27625.250364,27625.252061,22020096
gpu,27625.252061,27625.253745,22020096
gpu,27625.253746,27625.255438,22020096
gpu,27625.255438,27625.257120,22020096
gpu,27625.257120,27625.258815,22020096
gpu,27625.258815,27625.260499,22020096
gpu,27625.260499,27625.262172,22020096
gpu,27625.262172,27625.263848,22020096
gpu,27625.263848,27625.265544,22020096
gpu,27625.265544,27625.267223,22020096
gpu,27625.267223,27625.268902,22020096
gpu,27625.268902,27625.270576,22020096
gpu,27625.270576,27625.272265,22020096
gpu,27625.272265,27625.273949,22020096
gpu,27625.273949,27625.275621,22020096
gpu,27625.275621,27625.277294,22020096
gpu,27625.277294,27625.278990,22020096
gpu,27625.278990,27625.280672,22020096
gpu,27625.280672,27625.282349,22020096
gpu,27625.282349,27625.284052,22020096
gpu,27625.284052,27625.285749,22020096
gpu,27625.285749,27625.287432,22020096
gpu,27625.287432,27625.289111,22020096
gpu,27625.289111,27625.290792,22020096
gpu,27625.290793,27625.292485,22020096
gpu,27625.292485,27625.294183,22020096
gpu,27625.294183,27625.295885,22020096
gpu,27625.295885,27625.297589,22020096
gpu,27625.297589,27625.299283,22020096
gpu,27625.299283,27625.300963,22020096
gpu,27625.300963,27625.302639,22020096
gpu,27625.302639,27625.304322,22020096
gpu,27625.304322,27625.306014,22020096
gpu,27625.306014,27625.307697,22020096
gpu,27625.307697,27625.309371,22020096
gpu,27625.309372,27625.311053,22020096
gpu,27625.311053,27625.312743,22020096
gpu,27625.312743,27625.314419,22020096
gpu,27625.314419,27625.316096,22020096
gpu,27625.316096,27625.317779,22020096
gpu,27625.317779,27625.319487,22020096
gpu,27625.319487,27625.321172,22020096
gpu,27625.321172,27625.322852,22020096
gpu,27625.322852,27625.324537,22020096
gpu,27625.324538,27625.326230,22020096
gpu,27625.326230,27625.327906,22020096
gpu,27625.327907,27625.329587,22020096
gpu,27625.329587,27625.331265,22020096
gpu,27625.331265,27625.332959,22020096
gpu,27625.332959,27625.334639,22020096
gpu,27625.334639,27625.336314,22020096
gpu,27625.336315,27625.337999,22020096
gpu,27625.337999,27625.339690,22020096
gpu,27625.339690,27625.341377,22020096
gpu,27625.341378,27625.343059,22020096
gpu,27625.343060,27625.344740,22020096
gpu,27625.344740,27625.346432,22020096
gpu,27625.346432,27625.348166,22020096
gpu,27625.348166,27625.349861,22020096
gpu,27625.349861,27625.351544,22020096
gpu,27625.351544,27625.353244,22020096
gpu,27625.353244,27625.354925,22020096
gpu,27625.354925,27625.356610,22020096
gpu,27625.356610,27625.358296,22020096
gpu,27625.358296,27625.359988,22020096
gpu,27625.359988,27625.361688,22020096
gpu,27625.361688,27625.363370,22020096
gpu,27625.363370,27625.365056,22020096
gpu,27625.365056,27625.366757,22020096
gpu,27625.366757,27625.368435,22020096
gpu,27625.368435,27625.370121,22020096
gpu,27625.370121,27625.371802,22020096
gpu,27625.371802,27625.373497,22020096
gpu,27625.373497,27625.375179,22020096
gpu,27625.375179,27625.376863,22020096
gpu,27625.376863,27625.378547,22020096
gpu,27625.378547,27625.380241,22020096
gpu,27625.380242,27625.381919,22020096
gpu,27625.381919,27625.383610,22020096
gpu,27625.383610,27625.385296,22020096
gpu,27625.385296,27625.387034,22020096
gpu,27625.387034,27625.388727,22020096
gpu,27625.388727,27625.390419,22020096
gpu,27625.390419,27625.392128,22020096
gpu,27625.392128,27625.393822,22020096
gpu,27625.393822,27625.395502,22020096
gpu,27625.395502,27625.397183,22020096
gpu,27625.397183,27625.398867,22020096
gpu,27625.398867,27625.400568,22020096
gpu,27625.400568,27625.402243,22020096
gpu,27625.402243,27625.403927,22020096
gpu,27625.403927,27625.405609,22020096
gpu,27625.405610,27625.407321,22020096
gpu,27625.407321,27625.409007,22020096
gpu,27625.409007,27625.410691,22020096
gpu,27625.410691,27625.412371,22020096
gpu,27625.412371,27625.414060,22020096
gpu,27625.414060,27625.415739,22020096
gpu,27625.415739,27625.417420,22020096
gpu,27625.417420,27625.419105,22020096
gpu,27625.419105,27625.420811,22020096
gpu,27625.420811,27625.422497,22020096
gpu,27625.422497,27625.424192,22020096
gpu,27625.424192,27625.425876,22020096
gpu,27625.425876,27625.427569,22020096
gpu,27625.427569,27625.429246,22020096
gpu,27625.429246,27625.430925,22020096
gpu,27625.430925,27625.432614,22020096
gpu,27625.432614,27625.434316,22020096
gpu,27625.434316,27625.436027,22020096
gpu,27625.436028,27625.437724,22020096
gpu,27625.437724,27625.439407,22020096
gpu,27625.439407,27625.441113,22020096
gpu,27625.441113,27625.442792,22020096
gpu,27625.442792,27625.444473,22020096
gpu,27625.444473,27625.446204,22020096
gpu,27625.446204,27625.448037,22020096
gpu,27625.448037,27625.449786,22020096
gpu,27625.449787,27625.451479,22020096
gpu,27625.451480,27625.453175,22020096
gpu,27625.453175,27625.454883,22020096
gpu,27625.454884,27625.456600,22020096
gpu,27625.456600,27625.458324,22020096
gpu,27625.458324,27625.460047,22020096
gpu,27625.460047,27625.461747,22020096
gpu,27625.461747,27625.463441,22020096
gpu,27625.463441,27625.465129,22020096
gpu,27625.465129,27625.466817,22020096
gpu,27625.466817,27625.468546,22020096
gpu,27625.468546,27625.470253,22020096
gpu,27625.470253,27625.471935,22020096
gpu,27625.471935,27625.473625,22020096
gpu,27625.473625,27625.475334,22020096
gpu,27625.475334,27625.477029,22020096
gpu,27625.477029,27625.478713,22020096
gpu,27625.478713,27625.480392,22020096
gpu,27625.480392,27625.482145,22020096
gpu,27625.482146,27625.483868,22020096
gpu,27625.483868,27625.485544,22020096
gpu,27625.485544,27625.487215,22020096
gpu,27625.487215,27625.488909,22020096
gpu,27625.488909,27625.490597,22020096
gpu,27625.490597,27625.492279,22020096
gpu,27625.492279,27625.493954,22020096
gpu,27625.493954,27625.495646,22020096
gpu,27625.495646,27625.497327,22020096
gpu,27625.497327,27625.499000,22020096
gpu,27625.499000,27625.500677,22020096
gpu,27625.500677,27625.502371,22020096
gpu,27625.502371,27625.504175,22020096
gpu,27625.504175,27625.505855,22020096
gpu,27625.505855,27625.507537,22020096
gpu,27625.507537,27625.509229,22020096
gpu,27625.509229,27625.510910,22020096
gpu,27625.510910,27625.512613,22020096
gpu,27625.512613,27625.514284,22020096
gpu,27625.514284,27625.515977,22020096
gpu,27625.515977,27625.517676,22020096
gpu,27625.517676,27625.519364,22020096
gpu,27625.519364,27625.521049,22020096
gpu,27625.521049,27625.522750,22020096
gpu,27625.522750,27625.524450,22020096
gpu,27625.524450,27625.526163,22020096
gpu,27625.526163,27625.527861,22020096
gpu,27625.527861,27625.529550,22020096
gpu,27625.529550,27625.531253,22020096
gpu,27625.531253,27625.532941,22020096
gpu,27625.532941,27625.534613,22020096
gpu,27625.534613,27625.536334,22020096
gpu,27625.536334,27625.538025,22020096
gpu,27625.538025,27625.539704,22020096
gpu,27625.539705,27625.541381,22020096
gpu,27625.541381,27625.543073,22020096
gpu,27625.543073,27625.544758,22020096
gpu,27625.544758,27625.546435,22020096
gpu,27625.546435,27625.548108,22020096
gpu,27625.548108,27625.549801,22020096
gpu,27625.549801,27625.551485,22020096
gpu,27625.551485,27625.553171,22020096
gpu,27625.553171,27625.554844,22020096
gpu,27625.554844,27625.556534,22020096
gpu,27625.556534,27625.558246,22020096
gpu,27625.558246,27625.559928,22020096
gpu,27625.559928,27625.561601,22020096
gpu,27625.561601,27625.563296,22020096
gpu,27625.563296,27625.564978,22020096
gpu,27625.564978,27625.566660,22020096
gpu,27625.566660,27625.568337,22020096
gpu,27625.568337,27625.570026,22020096
gpu,27625.570026,27625.571706,22020096
gpu,27625.571706,27625.573383,22020096
gpu,27625.573383,27625.575089,22020096
gpu,27625.575089,27625.576801,22020096
gpu,27625.576801,27625.578536,22020096
gpu,27625.578536,27625.580230,22020096
gpu,27625.580230,27625.581904,22020096
gpu,27625.581904,27625.583609,22020096
gpu,27625.583609,27625.585298,22020096
gpu,27625.585298,27625.586978,22020096
gpu,27625.586978,27625.588666,22020096
gpu,27625.588666,27625.590360,22020096
gpu,27625.590361,27625.592051,22020096
gpu,27625.592052,27625.593743,22020096
gpu,27625.593743,27625.595422,22020096
gpu,27625.595422,27625.597117,22020096
gpu,27625.597117,27625.598812,22020096
gpu,27625.598812,27625.600500,22020096
gpu,27625.600500,27625.602177,22020096
gpu,27625.602177,27625.603873,22020096
gpu,27625.603873,27625.605558,22020096
gpu,27625.605558,27625.607241,22020096
gpu,27625.607241,27625.608923,22020096
gpu,27625.608923,27625.610614,22020096
gpu,27625.610615,27625.612304,22020096
gpu,27625.612304,27625.614009,22020096
gpu,27625.614009,27625.615692,22020096
gpu,27625.615693,27625.617392,22020096
gpu,27625.617392,27625.619080,22020096
gpu,27625.619080,27625.620766,22020096
gpu,27625.620766,27625.622459,22020096
gpu,27625.622459,27625.624167,22020096
gpu,27625.624167,27625.625854,22020096
gpu,27625.625855,27625.627533,22020096
gpu,27625.627534,27625.629215,22020096
gpu,27625.629215,27625.630906,22020096
gpu,27625.630906,27625.632592,22020096
gpu,27625.632592,27625.634278,22020096
gpu,27625.634278,27625.635996,22020096
gpu,27625.635996,27625.637717,22020096
gpu,27625.637717,27625.639403,22020096
gpu,27625.639403,27625.641106,22020096
gpu,27625.641106,27625.642780,22020096
gpu,27625.642780,27625.644476,22020096
gpu,27625.644476,27625.646157,22020096
gpu,27625.646158,27625.647835,22020096
gpu,27625.647835,27625.649519,22020096
gpu,27625.649519,27625.651213,22020096
gpu,27625.651213,27625.652924,22020096
gpu,27625.652924,27625.654618,22020096
gpu,27625.654618,27625.656304,22020096
gpu,27625.656304,27625.658060,22020096
gpu,27625.658060,27625.659783,22020096
gpu,27625.659783,27625.661468,22020096
gpu,27625.661468,27625.663146,22020096
gpu,27625.663146,27625.664834,22020096
gpu,27625.664835,27625.666520,22020096
gpu,27625.666520,27625.668201,22020096
gpu,27625.668201,27625.669869,22020096
gpu,27625.669869,27625.671556,22020096
gpu,27625.671556,27625.673237,22020096
gpu,27625.673237,27625.674917,22020096
gpu,27625.674917,27625.676595,22020096
gpu,27625.676595,27625.678282,22020096
gpu,27625.678282,27625.679966,22020096
gpu,27625.679966,27625.681664,22020096
gpu,27625.681664,27625.683340,22020096
gpu,27625.683341,27625.685032,22020096
gpu,27625.685032,27625.686712,22020096
gpu,27625.686712,27625.688392,22020096
gpu,27625.688392,27625.690069,22020096
gpu,27625.690069,27625.691767,22020096
gpu,27625.691767,27625.693451,22020096
gpu,27625.693451,27625.695131,22020096
gpu,27625.695131,27625.696802,22020096
gpu,27625.696802,27625.698493,22020096
gpu,27625.698493,27625.700187,22020096
gpu,27625.700187,27625.701876,22020096
gpu,27625.701876,27625.703565,22020096
gpu,27625.703565,27625.705294,22020096
gpu,27625.705294,27625.706982,22020096
gpu,27625.706983,27625.708669,22020096
gpu,27625.708669,27625.710386,22020096
gpu,27625.710386,27625.712092,22020096
gpu,27625.712092,27625.713798,22020096
gpu,27625.713798,27625.715471,22020096
gpu,27625.715471,27625.717145,22020096
gpu,27625.717145,27625.718833,22020096
gpu,27625.718833,27625.720515,22020096
gpu,27625.720515,27625.722184,22020096
gpu,27625.722184,27625.723858,22020096
gpu,27625.723858,27625.725561,22020096
gpu,27625.725561,27625.727254,22020096
gpu,27625.727254,27625.728935,22020096
gpu,27625.728935,27625.730618,22020096
gpu,27625.730618,27625.732317,22020096
gpu,27625.732317,27625.734003,22020096
gpu,27625.734003,27625.735679,22020096
gpu,27625.735679,27625.737357,22020096
gpu,27625.737357,27625.739165,22020096
gpu,27625.739166,27625.740902,22020096
gpu,27625.740902,27625.742634,22020096
gpu,27625.742634,27625.745027,22020096
gpu,27625.745027,27625.746990,22020096
gpu,27625.746990,27625.750578,22020096
gpu,27625.750578,27625.752526,22020096
gpu,27625.752526,27625.754258,22020096
gpu,27625.754259,27625.756082,22020096
gpu,27625.756082,27625.760085,22020096
gpu,27625.760085,27625.762028,22020096
gpu,27625.762028,27625.763732,22020096
gpu,27625.763732,27625.765442,22020096
gpu,27625.765442,27625.767165,22020096
gpu,27625.767165,27625.768857,22020096
gpu,27625.768857,27625.770556,22020096
gpu,27625.770556,27625.772278,22020096
gpu,27625.772278,27625.773989,22020096
gpu,27625.773989,27625.775714,22020096
gpu,27625.775714,27625.777421,22020096
gpu,27625.777421,27625.779196,22020096
gpu,27625.779196,27625.780893,22020096
gpu,27625.780893,27625.782718,22020096
gpu,27625.782718,27625.784460,22020096
gpu,27625.784460,27625.786230,22020096
gpu,27625.786230,27625.787957,22020096
gpu,27625.787957,27625.789767,22020096
gpu,27625.789767,27625.791522,22020096
gpu,27625.791522,27625.796057,22020096
gpu,27625.796057,27625.798005,22020096
gpu,27625.798005,27625.799714,22020096
gpu,27625.799714,27625.801414,22020096
gpu,27625.801414,27625.803123,22020096
gpu,27625.803123,27625.804816,22020096
gpu,27625.804817,27625.806492,22020096
gpu,27625.806492,27625.808192,22020096
gpu,27625.808192,27625.809890,22020096
gpu,27625.809890,27625.811581,22020096
gpu,27625.811581,27625.813257,22020096
gpu,27625.813257,27625.814940,22020096
gpu,27625.814941,27625.816668,22020096
gpu,27625.816668,27625.818363,22020096
gpu,27625.818363,27625.820053,22020096
gpu,27625.820053,27625.821746,22020096
gpu,27625.821746,27625.823455,22020096
gpu,27625.823455,27625.825135,22020096
gpu,27625.825135,27625.826825,22020096
gpu,27625.826825,27625.828507,22020096
gpu,27625.828507,27625.830200,22020096
gpu,27625.830200,27625.831881,22020096
gpu,27625.831881,27625.833563,22020096
gpu,27625.833564,27625.835232,22020096
gpu,27625.835232,27625.836924,22020096
gpu,27625.836924,27625.838608,22020096
gpu,27625.838609,27625.840290,22020096
gpu,27625.840290,27625.841979,22020096
gpu,27625.841979,27625.843685,22020096
gpu,27625.843685,27625.845373,22020096
gpu,27625.845373,27625.847062,22020096
gpu,27625.847062,27625.848750,22020096
gpu,27625.848750,27625.850463,22020096
gpu,27625.850463,27625.852155,22020096
gpu,27625.852155,27625.853854,22020096
gpu,27625.853854,27625.855539,22020096
gpu,27625.855540,27625.857246,22020096
gpu,27625.857246,27625.858935,22020096
gpu,27625.858935,27625.860617,22020096
gpu,27625.860617,27625.862290,22020096
gpu,27625.862290,27625.863980,22020096
gpu,27625.863980,27625.865684,22020096
gpu,27625.865684,27625.867377,22020096
gpu,27625.867377,27625.869055,22020096
gpu,27625.869055,27625.870757,22020096
gpu,27625.870758,27625.872452,22020096
gpu,27625.872452,27625.874141,22020096
gpu,27625.874141,27625.875831,22020096
gpu,27625.875831,27625.877599,22020096
gpu,27625.877599,27625.879333,22020096
gpu,27625.879333,27625.881023,22020096
gpu,27625.881023,27625.882697,22020096
gpu,27625.882697,27625.884407,22020096
gpu,27625.884407,27625.886092,22020096
gpu,27625.886093,27625.887771,22020096
gpu,27625.887771,27625.889442,22020096
gpu,27625.889442,27625.891132,22020096
gpu,27625.891132,27625.892837,22020096
gpu,27625.892837,27625.894515,22020096
gpu,27625.894515,27625.896191,22020096
gpu,27625.896191,27625.897887,22020096
gpu,27625.897887,27625.899573,22020096
gpu,27625.899574,27625.901265,22020096
gpu,27625.901265,27625.902977,22020096
gpu,27625.902978,27625.904742,22020096
gpu,27625.904742,27625.906462,22020096
gpu,27625.906462,27625.908184,22020096
gpu,27625.908184,27625.909854,22020096
gpu,27625.909854,27625.911562,22020096
gpu,27625.911562,27625.913249,22020096
gpu,27625.913249,27625.914929,22020096
gpu,27625.914930,27625.916605,22020096
gpu,27625.916605,27625.918303,22020096
gpu,27625.918303,27625.919987,22020096
gpu,27625.919987,27625.921693,22020096
gpu,27625.921693,27625.923364,22020096
gpu,27625.923364,27625.925062,22020096
gpu,27625.925062,27625.926746,22020096
gpu,27625.926746,27625.928424,22020096
gpu,27625.928424,27625.930112,22020096
gpu,27625.930112,27625.931819,22020096
gpu,27625.931819,27625.933517,22020096
gpu,27625.933517,27625.935206,22020096
gpu,27625.935206,27625.936889,22020096
gpu,27625.936890,27625.938578,22020096
gpu,27625.938578,27625.940282,22020096
gpu,27625.940282,27625.941968,22020096
gpu,27625.941968,27625.943644,22020096
gpu,27625.943644,27625.945337,22020096
gpu,27625.945337,27625.947016,22020096
gpu,27625.947016,27625.948729,22020096
gpu,27625.948729,27625.950414,22020096
gpu,27625.950414,27625.952138,22020096
gpu,27625.952138,27625.953828,22020096
gpu,27625.953828,27625.955503,22020096
gpu,27625.955503,27625.957180,22020096
gpu,27625.957180,27625.958872,22020096
gpu,27625.958872,27625.960555,22020096
gpu,27625.960556,27625.962227,22020096
gpu,27625.962227,27625.963902,22020096
gpu,27625.963902,27625.965593,22020096
gpu,27625.965593,27625.967282,22020096
gpu,27625.967282,27625.968958,22020096
gpu,27625.968958,27625.970630,22020096
gpu,27625.970630,27625.972324,22020096
gpu,27625.972324,27625.974004,22020096
gpu,27625.974005,27625.975683,22020096
gpu,27625.975683,27625.977362,22020096
gpu,27625.977362,27625.979047,22020096
gpu,27625.979047,27625.980731,22020096
gpu,27625.980731,27625.982401,22020096
gpu,27625.982402,27625.984114,22020096
gpu,27625.984114,27625.985811,22020096
gpu,27625.985811,27625.987506,22020096
gpu,27625.987506,27625.989180,22020096
gpu,27625.989180,27625.990855,22020096
gpu,27625.990855,27625.992555,22020096
gpu,27625.992555,27625.994246,22020096
gpu,27625.994246,27625.995921,22020096
gpu,27625.995921,27625.997612,22020096
gpu,27625.997612,27625.999303,22020096
gpu,27625.999303,27626.000990,22020096
gpu,27626.000990,27626.002663,22020096
gpu,27626.002663,27626.004342,22020096
gpu,27626.004342,27626.006033,22020096
gpu,27626.006033,27626.007715,22020096
gpu,27626.007715,27626.009395,22020096
gpu,27626.009395,27626.011075,22020096
gpu,27626.011075,27626.012768,22020096
gpu,27626.012768,27626.014449,22020096
gpu,27626.014449,27626.016148,22020096
gpu,27626.016148,27626.017841,22020096
gpu,27626.017841,27626.019531,22020096
gpu,27626.019531,27626.021250,22020096
gpu,27626.021250,27626.022949,22020096
gpu,27626.022949,27626.024631,22020096
gpu,27626.024631,27626.026336,22020096
gpu,27626.026336,27626.028023,22020096
gpu,27626.028024,27626.029707,22020096
gpu,27626.029707,27626.031383,22020096
gpu,27626.031383,27626.033079,22020096
gpu,27626.033079,27626.034767,22020096
gpu,27626.034767,27626.036450,22020096
gpu,27626.036450,27626.038124,22020096
gpu,27626.038124,27626.039814,22020096
gpu,27626.039814,27626.041505,22020096
gpu,27626.041505,27626.043197,22020096
gpu,27626.043197,27626.044882,22020096
gpu,27626.044882,27626.046572,22020096
gpu,27626.046572,27626.048262,22020096
gpu,27626.048263,27626.049942,22020096
gpu,27626.049942,27626.051624,22020096
gpu,27626.051624,27626.053319,22020096
gpu,27626.053319,27626.055000,22020096
gpu,27626.055000,27626.056675,22020096
gpu,27626.056675,27626.058354,22020096
gpu,27626.058355,27626.060063,22020096
gpu,27626.060063,27626.061751,22020096
gpu,27626.061751,27626.063423,22020096
gpu,27626.063424,27626.065104,22020096
gpu,27626.065104,27626.066796,22020096
gpu,27626.066796,27626.068486,22020096
gpu,27626.068486,27626.070162,22020096
gpu,27626.070162,27626.071837,22020096
gpu,27626.071837,27626.073560,22020096
gpu,27626.073560,27626.075256,22020096
gpu,27626.075256,27626.076940,22020096
gpu,27626.076940,27626.078627,22020096
gpu,27626.078627,27626.080328,22020096
gpu,27626.080328,27626.082013,22020096
gpu,27626.082014,27626.083698,22020096
gpu,27626.083698,27626.085371,22020096
gpu,27626.085372,27626.087059,22020096
gpu,27626.087059,27626.088772,22020096
gpu,27626.088772,27626.090461,22020096
gpu,27626.090461,27626.092155,22020096
gpu,27626.092155,27626.093844,22020096
gpu,27626.093844,27626.095540,22020096
gpu,27626.095540,27626.097212,22020096
gpu,27626.097212,27626.098894,22020096
gpu,27626.098894,27626.100589,22020096
gpu,27626.100589,27626.102274,22020096
gpu,27626.102275,27626.103950,22020096
gpu,27626.103950,27626.105634,22020096
gpu,27626.105634,27626.107325,22020096
gpu,27626.107325,27626.109009,22020096
gpu,27626.109009,27626.110684,22020096
gpu,27626.110684,27626.112395,22020096
gpu,27626.112395,27626.114096,22020096
gpu,27626.114096,27626.115780,22020096
gpu,27626.115780,27626.117457,22020096
gpu,27626.117458,27626.119134,22020096
gpu,27626.119134,27626.120826,22020096
gpu,27626.120826,27626.122503,22020096
gpu,27626.122503,27626.124173,22020096
gpu,27626.124173,27626.125852,22020096
gpu,27626.125852,27626.127543,22020096
gpu,27626.127543,27626.129231,22020096
gpu,27626.129231,27626.130904,22020096
gpu,27626.130905,27626.132580,22020096
gpu,27626.132581,27626.134444,22020096
gpu,27626.134445,27626.136141,22020096
gpu,27626.136141,27626.137846,22020096
gpu,27626.137846,27626.139521,22020096
gpu,27626.139521,27626.141214,22020096
gpu,27626.141214,27626.142904,22020096
gpu,27626.142905,27626.144605,22020096
gpu,27626.144605,27626.146294,22020096
gpu,27626.146294,27626.147983,22020096
gpu,27626.147983,27626.149684,22020096
gpu,27626.149684,27626.151361,22020096
gpu,27626.151361,27626.153038,22020096
gpu,27626.153038,27626.154732,22020096
gpu,27626.154732,27626.156437,22020096
gpu,27626.156437,27626.158129,22020096
gpu,27626.158129,27626.159807,22020096
gpu,27626.159807,27626.161503,22020096
gpu,27626.161503,27626.163182,22020096
gpu,27626.163182,27626.164855,22020096
gpu,27626.164855,27626.166537,22020096
gpu,27626.166538,27626.168242,22020096
gpu,27626.168242,27626.169922,22020096
gpu,27626.169922,27626.171596,22020096
gpu,27626.171596,27626.173273,22020096
gpu,27626.173274,27626.174966,22020096
gpu,27626.174966,27626.176681,22020096
gpu,27626.176682,27626.178360,22020096
gpu,27626.178360,27626.180052,22020096
gpu,27626.180052,27626.181767,22020096
gpu,27626.181767,27626.183486,22020096
gpu,27626.183486,27626.185163,22020096
gpu,27626.185163,27626.186839,22020096
gpu,27626.186839,27626.188528,22020096
gpu,27626.188528,27626.190203,22020096
gpu,27626.190204,27626.191881,22020096
gpu,27626.191881,27626.193565,22020096
gpu,27626.193566,27626.195260,22020096
gpu,27626.195260,27626.196947,22020096
gpu,27626.196947,27626.198617,22020096
gpu,27626.198618,27626.200298,22020096
gpu,27626.200298,27626.201994,22020096
gpu,27626.201994,27626.203669,22020096
gpu,27626.203670,27626.205348,22020096
gpu,27626.205349,27626.207026,22020096
gpu,27626.207026,27626.208716,22020096
gpu,27626.208716,27626.210394,22020096
gpu,27626.210394,27626.212067,22020096
gpu,27626.212068,27626.213742,22020096
gpu,27626.213742,27626.215431,22020096
gpu,27626.215431,27626.217106,22020096
gpu,27626.217106,27626.218825,22020096
gpu,27626.218825,27626.220520,22020096
gpu,27626.220520,27626.222215,22020096
gpu,27626.222215,27626.223900,22020096
gpu,27626.223900,27626.225598,22020096
gpu,27626.225598,27626.227282,22020096
gpu,27626.227282,27626.228975,22020096
gpu,27626.228975,27626.230662,22020096
gpu,27626.230662,27626.232347,22020096
gpu,27626.232347,27626.234029,22020096
gpu,27626.234029,27626.235721,22020096
gpu,27626.235721,27626.237404,22020096
gpu,27626.237404,27626.239098,22020096
gpu,27626.239098,27626.240801,22020096
gpu,27626.240801,27626.242506,22020096
gpu,27626.242506,27626.244187,22020096
gpu,27626.244187,27626.245867,22020096
gpu,27626.245867,27626.247549,22020096
gpu,27626.247550,27626.249245,22020096
gpu,27626.249245,27626.250926,22020096
gpu,27626.250926,27626.252602,22020096
gpu,27626.252602,27626.254284,22020096
gpu,27626.254284,27626.255976,22020096
gpu,27626.255976,27626.257664,22020096
gpu,27626.257664,27626.259346,22020096
gpu,27626.259346,27626.261025,22020096
gpu,27626.261025,27626.262721,22020096
gpu,27626.262721,27626.264399,22020096
gpu,27626.264399,27626.266077,22020096
gpu,27626.266077,27626.267763,22020096
gpu,27626.267763,27626.269456,22020096
gpu,27626.269456,27626.271140,22020096
gpu,27626.271140,27626.272822,22020096
gpu,27626.272822,27626.274539,22020096
gpu,27626.274539,27626.276261,22020096
gpu,27626.276261,27626.277945,22020096
gpu,27626.277945,27626.279624,22020096
gpu,27626.279624,27626.281306,22020096
gpu,27626.281306,27626.283003,22020096
gpu,27626.283003,27626.284708,22020096
gpu,27626.284708,27626.286396,22020096
gpu,27626.286396,27626.288106,22020096
gpu,27626.288107,27626.289801,22020096
gpu,27626.289801,27626.291488,22020096
gpu,27626.291488,27626.293175,22020096
gpu,27626.293175,27626.294866,22020096
gpu,27626.294866,27626.296576,22020096
gpu,27626.296576,27626.298285,22020096
gpu,27626.298285,27626.299960,22020096
gpu,27626.299960,27626.301654,22020096
gpu,27626.301654,27626.303355,22020096
gpu,27626.303355,27626.305044,22020096
gpu,27626.305044,27626.306732,22020096
gpu,27626.306732,27626.308415,22020096
gpu,27626.308416,27626.310115,22020096
gpu,27626.310115,27626.311803,22020096
gpu,27626.311803,27626.313482,22020096
gpu,27626.313482,27626.315169,22020096
gpu,27626.315169,27626.316865,22020096
gpu,27626.316865,27626.318550,22020096
gpu,27626.318550,27626.320230,22020096
gpu,27626.320230,27626.321916,22020096
gpu,27626.321916,27626.323621,22020096
gpu,27626.323621,27626.325305,22020096
gpu,27626.325306,27626.326982,22020096
gpu,27626.326982,27626.328665,22020096
gpu,27626.328665,27626.330360,22020096
gpu,27626.330360,27626.332054,22020096
gpu,27626.332054,27626.333733,22020096
gpu,27626.333733,27626.335418,22020096
gpu,27626.335418,27626.337113,22020096
gpu,27626.337113,27626.338797,22020096
gpu,27626.338798,27626.340471,22020096
gpu,27626.340471,27626.342155,22020096
gpu,27626.342155,27626.343856,22020096
gpu,27626.343856,27626.345538,22020096
gpu,27626.345538,27626.347214,22020096
gpu,27626.347214,27626.348897,22020096
gpu,27626.348897,27626.350589,22020096
gpu,27626.350590,27626.352284,22020096
gpu,27626.352284,27626.353959,22020096
gpu,27626.353959,27626.355639,22020096
gpu,27626.355639,27626.357332,22020096
gpu,27626.357332,27626.359011,22020096
gpu,27626.359011,27626.360689,22020096
gpu,27626.360689,27626.362371,22020096
gpu,27626.362372,27626.364140,22020096
gpu,27626.364140,27626.365832,22020096
gpu,27626.365832,27626.367526,22020096
gpu,27626.367526,27626.369225,22020096
gpu,27626.369225,27626.370927,22020096
gpu,27626.370928,27626.372604,22020096
gpu,27626.372605,27626.374281,22020096
gpu,27626.374281,27626.375969,22020096
gpu,27626.375969,27626.377679,22020096
gpu,27626.377679,27626.379361,22020096
gpu,27626.379361,27626.381036,22020096
gpu,27626.381036,27626.382717,22020096
gpu,27626.382717,27626.384418,22020096
gpu,27626.384418,27626.386099,22020096
gpu,27626.386099,27626.387774,22020096
gpu,27626.387774,27626.389459,22020096
gpu,27626.389459,27626.391156,22020096
gpu,27626.391156,27626.392846,22020096
gpu,27626.392846,27626.394521,22020096
gpu,27626.394521,27626.396205,22020096
gpu,27626.396206,27626.397900,22020096
gpu,27626.397900,27626.399584,22020096
gpu,27626.399584,27626.401259,22020096
gpu,27626.401259,27626.402940,22020096
gpu,27626.402940,27626.404636,22020096
gpu,27626.404636,27626.406330,22020096
gpu,27626.406331,27626.408070,22020096
gpu,27626.408070,27626.409767,22020096
gpu,27626.409767,27626.411463,22020096
gpu,27626.411463,27626.413150,22020096
gpu,27626.413150,27626.414825,22020096
gpu,27626.414825,27626.416541,22020096
gpu,27626.416541,27626.418248,22020096
gpu,27626.418248,27626.419924,22020096
gpu,27626.419924,27626.421602,22020096
gpu,27626.421603,27626.423314,22020096
gpu,27626.423315,27626.425007,22020096
gpu,27626.425007,27626.426689,22020096
gpu,27626.426689,27626.428363,22020096
gpu,27626.428363,27626.430039,22020096
gpu,27626.430039,27626.431730,22020096
gpu,27626.431730,27626.433406,22020096
gpu,27626.433406,27626.435088,22020096
gpu,27626.435088,27626.436762,22020096
gpu,27626.436762,27626.438451,22020096
gpu,27626.438451,27626.440132,22020096
gpu,27626.440132,27626.441806,22020096
gpu,27626.441806,27626.443489,22020096
gpu,27626.443490,27626.445184,22020096
gpu,27626.445184,27626.446866,22020096
gpu,27626.446866,27626.448544,22020096
gpu,27626.448544,27626.450225,22020096
gpu,27626.450225,27626.451916,22020096
gpu,27626.451916,27626.453593,22020096
gpu,27626.453593,27626.455273,22020096
gpu,27626.455273,27626.456949,22020096
gpu,27626.456949,27626.458635,22020096
gpu,27626.458635,27626.460317,22020096
gpu,27626.460317,27626.461998,22020096
gpu,27626.461998,27626.463719,22020096
gpu,27626.463719,27626.465412,22020096
gpu,27626.465412,27626.467086,22020096
gpu,27626.467086,27626.468770,22020096
gpu,27626.468770,27626.470449,22020096
gpu,27626.470449,27626.472132,22020096
gpu,27626.472132,27626.473810,22020096
gpu,27626.473810,27626.475489,22020096
gpu,27626.475489,27626.477186,22020096
gpu,27626.477186,27626.478872,22020096
gpu,27626.478872,27626.480552,22020096
gpu,27626.480552,27626.482232,22020096
gpu,27626.482232,27626.483911,22020096
gpu,27626.483911,27626.485602,22020096
gpu,27626.485602,27626.487279,22020096
gpu,27626.487280,27626.488958,22020096
gpu,27626.488958,27626.490638,22020096
gpu,27626.490639,27626.492329,22020096
gpu,27626.492330,27626.494013,22020096
gpu,27626.494013,27626.495693,22020096
gpu,27626.495693,27626.497368,22020096
gpu,27626.497368,27626.499052,22020096
gpu,27626.499052,27626.500731,22020096
gpu,27626.500731,27626.502411,22020096
gpu,27626.502411,27626.504091,22020096
gpu,27626.504091,27626.505781,22020096
gpu,27626.505781,27626.507474,22020096
gpu,27626.507475,27626.509165,22020096
gpu,27626.509165,27626.510846,22020096
gpu,27626.510846,27626.512584,22020096
gpu,27626.512584,27626.514292,22020096
gpu,27626.514292,27626.515976,22020096
gpu,27626.515976,27626.517670,22020096
gpu,27626.517670,27626.519372,22020096
gpu,27626.519372,27626.521064,22020096
gpu,27626.521064,27626.522752,22020096
gpu,27626.522752,27626.524445,22020096
gpu,27626.524445,27626.526134,22020096
gpu,27626.526134,27626.527820,22020096
gpu,27626.527820,27626.529500,22020096
gpu,27626.529500,27626.531179,22020096
gpu,27626.531179,27626.532867,22020096
gpu,27626.532867,27626.534550,22020096
gpu,27626.534550,27626.536230,22020096
gpu,27626.536230,27626.537910,22020096
gpu,27626.537910,27626.539597,22020096
gpu,27626.539597,27626.541281,22020096
gpu,27626.541282,27626.542972,22020096
gpu,27626.542972,27626.544650,22020096
gpu,27626.544650,27626.546338,22020096
gpu,27626.546338,27626.548027,22020096
gpu,27626.548027,27626.549710,22020096
gpu,27626.549710,27626.551393,22020096
gpu,27626.551393,27626.553080,22020096
gpu,27626.553080,27626.554756,22020096
gpu,27626.554757,27626.556437,22020096
gpu,27626.556437,27626.558104,22020096
gpu,27626.558105,27626.559804,22020096
gpu,27626.559804,27626.561492,22020096
gpu,27626.561492,27626.563173,22020096
gpu,27626.563173,27626.564846,22020096
gpu,27626.564846,27626.566536,22020096
gpu,27626.566536,27626.568219,22020096
gpu,27626.568220,27626.569897,22020096
gpu,27626.569897,27626.571577,22020096
gpu,27626.571577,27626.573273,22020096
gpu,27626.573273,27626.574958,22020096
gpu,27626.574958,27626.576759,22020096
gpu,27626.576759,27626.578447,22020096
gpu,27626.578447,27626.580144,22020096
gpu,27626.580145,27626.581829,22020096
gpu,27626.581829,27626.583510,22020096
gpu,27626.583510,27626.585190,22020096
gpu,27626.585190,27626.586881,22020096
gpu,27626.586881,27626.588568,22020096
gpu,27626.588568,27626.590247,22020096
gpu,27626.590247,27626.591924,22020096
gpu,27626.591924,27626.593625,22020096
gpu,27626.593625,27626.595311,22020096
gpu,27626.595311,27626.596995,22020096
gpu,27626.596995,27626.598666,22020096
gpu,27626.598666,27626.600361,22020096
gpu,27626.600361,27626.602083,22020096
gpu,27626.602083,27626.603755,22020096
gpu,27626.603755,27626.605435,22020096
gpu,27626.605436,27626.607127,22020096
gpu,27626.607127,27626.608826,22020096
gpu,27626.608826,27626.610509,22020096
gpu,27626.610509,27626.612180,22020096
gpu,27626.612180,27626.613873,22020096
gpu,27626.613873,27626.615552,22020096
gpu,27626.615552,27626.617228,22020096
gpu,27626.617228,27626.618897,22020096
gpu,27626.618897,27626.620587,22020096
gpu,27626.620587,27626.622267,22020096
gpu,27626.622267,27626.623939,22020096
gpu,27626.623939,27626.625611,22020096
gpu,27626.625611,27626.627307,22020096
gpu,27626.627307,27626.628992,22020096
gpu,27626.628992,27626.630694,22020096
gpu,27626.630694,27626.632365,22020096
gpu,27626.632365,27626.634054,22020096
gpu,27626.634054,27626.635742,22020096
gpu,27626.635743,27626.637421,22020096
gpu,27626.637421,27626.639092,22020096
gpu,27626.639092,27626.640784,22020096
gpu,27626.640784,27626.642467,22020096
gpu,27626.642467,27626.644149,22020096
gpu,27626.644149,27626.645826,22020096
gpu,27626.645826,27626.647537,22020096
gpu,27626.647537,27626.649219,22020096
gpu,27626.649219,27626.650892,22020096
gpu,27626.650892,27626.652575,22020096
gpu,27626.652575,27626.654262,22020096
gpu,27626.654262,27626.655940,22020096
gpu,27626.655940,27626.657614,22020096
gpu,27626.657615,27626.659289,22020096
gpu,27626.659289,27626.660985,22020096
gpu,27626.660985,27626.662666,22020096
gpu,27626.662666,27626.664334,22020096
gpu,27626.664334,27626.666012,22020096
gpu,27626.666013,27626.667703,22020096
gpu,27626.667703,27626.669387,22020096
gpu,27626.669387,27626.671061,22020096
gpu,27626.671061,27626.672900,22020096
gpu,27626.672900,27626.674629,22020096
gpu,27626.674629,27626.676316,22020096
gpu,27626.676316,27626.678003,22020096
gpu,27626.678003,27626.679677,22020096
gpu,27626.679677,27626.681374,22020096
gpu,27626.681374,27626.683053,22020096
gpu,27626.683054,27626.684737,22020096
gpu,27626.684738,27626.686423,22020096
gpu,27626.686423,27626.688124,22020096
gpu,27626.688125,27626.689812,22020096
gpu,27626.689812,27626.691494,22020096
gpu,27626.691494,27626.693217,22020096
gpu,27626.693217,27626.694948,22020096
gpu,27626.694948,27626.696653,22020096
gpu,27626.696653,27626.698367,22020096
gpu,27626.698368,27626.700059,22020096
gpu,27626.700059,27626.701758,22020096
gpu,27626.701758,27626.703470,22020096
gpu,27626.703470,27626.705156,22020096
gpu,27626.705156,27626.706836,22020096
gpu,27626.706836,27626.708529,22020096
gpu,27626.708529,27626.710217,22020096
gpu,27626.710217,27626.711901,22020096
gpu,27626.711901,27626.713576,22020096
gpu,27626.713576,27626.715267,22020096
gpu,27626.715267,27626.716967,22020096
gpu,27626.716967,27626.718652,22020096
gpu,27626.718652,27626.720330,22020096
gpu,27626.720330,27626.722024,22020096
gpu,27626.722024,27626.723710,22020096
gpu,27626.723710,27626.725386,22020096
gpu,27626.725386,27626.727067,22020096
gpu,27626.727067,27626.728760,22020096
gpu,27626.728760,27626.730442,22020096
gpu,27626.730442,27626.732146,22020096
gpu,27626.732146,27626.733825,22020096
gpu,27626.733825,27626.735517,22020096
gpu,27626.735517,27626.737214,22020096
gpu,27626.737214,27626.738899,22020096
gpu,27626.738899,27626.740578,22020096
gpu,27626.740578,27626.742294,22020096
gpu,27626.742294,27626.744069,22020096
gpu,27626.744069,27626.745762,22020096
gpu,27626.745762,27626.747442,22020096
gpu,27626.747442,27626.749141,22020096
gpu,27626.749141,27626.750842,22020096
gpu,27626.750842,27626.752552,22020096
gpu,27626.752552,27626.754239,22020096
gpu,27626.754240,27626.755933,22020096
gpu,27626.755933,27626.757617,22020096
gpu,27626.757617,27626.759296,22020096
gpu,27626.759296,27626.760977,22020096
gpu,27626.760977,27626.762666,22020096
gpu,27626.762667,27626.764351,22020096
gpu,27626.764351,27626.766031,22020096
gpu,27626.766031,27626.767711,22020096
gpu,27626.767711,27626.769409,22020096
gpu,27626.769409,27626.771093,22020096
gpu,27626.771093,27626.772774,22020096
gpu,27626.772774,27626.774449,22020096
gpu,27626.774450,27626.776145,22020096
gpu,27626.776145,27626.777834,22020096
gpu,27626.777834,27626.779520,22020096
gpu,27626.779521,27626.781197,22020096
gpu,27626.781197,27626.782887,22020096
gpu,27626.782887,27626.784590,22020096
gpu,27626.784590,27626.786274,22020096
gpu,27626.786274,27626.787965,22020096
gpu,27626.787965,27626.789706,22020096
gpu,27626.789706,27626.791418,22020096
gpu,27626.791418,27626.793096,22020096
gpu,27626.793096,27626.794793,22020096
gpu,27626.794793,27626.796507,22020096
gpu,27626.796507,27626.798205,22020096
gpu,27626.798205,27626.799904,22020096
gpu,27626.799904,27626.801596,22020096
gpu,27626.801596,27626.803300,22020096
gpu,27626.803300,27626.805013,22020096
gpu,27626.805013,27626.806707,22020096
gpu,27626.806707,27626.808395,22020096
gpu,27626.808395,27626.810109,22020096
gpu,27626.810109,27626.811799,22020096
gpu,27626.811800,27626.813482,22020096
gpu,27626.813482,27626.815161,22020096
gpu,27626.815161,27626.816848,22020096
gpu,27626.816848,27626.818554,22020096
gpu,27626.818554,27626.820272,22020096
gpu,27626.820272,27626.821972,22020096
gpu,27626.821972,27626.823669,22020096
gpu,27626.823669,27626.825346,22020096
gpu,27626.825346,27626.827031,22020096
gpu,27626.827031,27626.828715,22020096
gpu,27626.828715,27626.830405,22020096
gpu,27626.830405,27626.832103,22020096
gpu,27626.832103,27626.833784,22020096
gpu,27626.833784,27626.835468,22020096
gpu,27626.835468,27626.837159,22020096
gpu,27626.837159,27626.838847,22020096
gpu,27626.838847,27626.840528,22020096
gpu,27626.840528,27626.842204,22020096
gpu,27626.842204,27626.843901,22020096
gpu,27626.843901,27626.845591,22020096
gpu,27626.845591,27626.847273,22020096
gpu,27626.847273,27626.848952,22020096
gpu,27626.848952,27626.850678,22020096
gpu,27626.850678,27626.852368,22020096
gpu,27626.852368,27626.854050,22020096
gpu,27626.854050,27626.855727,22020096
gpu,27626.855728,27626.857417,22020096
gpu,27626.857417,27626.859102,22020096
gpu,27626.859102,27626.860840,22020096
gpu,27626.860840,27626.862527,22020096
gpu,27626.862527,27626.864231,22020096
gpu,27626.864231,27626.865911,22020096
gpu,27626.865911,27626.867590,22020096
gpu,27626.867590,27626.869281,22020096
gpu,27626.869281,27626.870976,22020096
gpu,27626.870976,27626.872695,22020096
gpu,27626.872695,27626.874386,22020096
gpu,27626.874386,27626.876098,22020096
gpu,27626.876098,27626.877802,22020096
gpu,27626.877802,27626.879479,22020096
gpu,27626.879480,27626.881170,22020096
gpu,27626.881170,27626.882866,22020096
gpu,27626.882866,27626.884578,22020096
gpu,27626.884578,27626.886273,22020096
gpu,27626.886273,27626.887951,22020096
gpu,27626.887951,27626.889655,22020096
gpu,27626.889655,27626.891355,22020096
gpu,27626.891355,27626.893035,22020096
gpu,27626.893036,27626.894737,22020096
gpu,27626.894737,27626.896426,22020096
gpu,27626.896426,27626.898113,22020096
gpu,27626.898113,27626.899794,22020096
gpu,27626.899794,27626.901477,22020096
gpu,27626.901477,27626.903161,22020096
gpu,27626.903161,27626.904855,22020096
gpu,27626.904855,27626.906544,22020096
gpu,27626.906544,27626.908223,22020096
gpu,27626.908223,27626.909902,22020096
gpu,27626.909902,27626.911593,22020096
gpu,27626.911593,27626.913279,22020096
gpu,27626.913279,27626.914962,22020096
gpu,27626.914962,27626.916655,22020096
gpu,27626.916655,27626.918358,22020096
gpu,27626.918358,27626.920074,22020096
gpu,27626.920074,27626.921779,22020096
gpu,27626.921779,27626.923471,22020096
gpu,27626.923471,27626.925170,22020096
gpu,27626.925170,27626.926858,22020096
gpu,27626.926858,27626.928558,22020096
gpu,27626.928558,27626.930238,22020096
gpu,27626.930238,27626.931941,22020096
gpu,27626.931942,27626.933617,22020096
gpu,27626.933617,27626.935314,22020096
gpu,27626.935314,27626.936997,22020096
gpu,27626.936997,27626.938706,22020096
gpu,27626.938706,27626.940394,22020096
gpu,27626.940394,27626.942081,22020096
gpu,27626.942082,27626.943772,22020096
gpu,27626.943772,27626.945465,22020096
gpu,27626.945465,27626.947152,22020096
gpu,27626.947152,27626.948836,22020096
gpu,27626.948836,27626.950517,22020096
gpu,27626.950517,27626.952212,22020096
gpu,27626.952212,27626.953912,22020096
gpu,27626.953912,27626.955612,22020096
gpu,27626.955612,27626.957298,22020096
gpu,27626.957298,27626.958998,22020096
gpu,27626.958998,27626.960705,22020096
gpu,27626.960705,27626.962385,22020096
gpu,27626.962385,27626.964073,22020096
gpu,27626.964073,27626.965762,22020096
gpu,27626.965762,27626.967447,22020096
gpu,27626.967447,27626.969129,22020096
gpu,27626.969129,27626.970811,22020096
gpu,27626.970811,27626.972504,22020096
gpu,27626.972504,27626.974248,22020096
gpu,27626.974248,27626.975968,22020096
gpu,27626.975968,27626.977657,22020096
gpu,27626.977657,27626.979352,22020096
gpu,27626.979352,27626.981040,22020096
gpu,27626.981040,27626.982718,22020096
gpu,27626.982718,27626.984394,22020096
gpu,27626.984394,27626.986084,22020096
gpu,27626.986084,27626.987763,22020096
gpu,27626.987763,27626.989463,22020096
gpu,27626.989463,27626.991135,22020096
gpu,27626.991135,27626.992832,22020096
gpu,27626.992832,27626.994562,22020096
gpu,27626.994562,27626.996260,22020096
gpu,27626.996260,27626.997929,22020096
gpu,27626.997929,27626.999623,22020096
gpu,27626.999623,27627.001308,22020096
gpu,27627.001308,27627.002993,22020096
gpu,27627.002993,27627.004672,22020096
gpu,27627.004672,27627.006369,22020096
gpu,27627.006369,27627.008071,22020096
gpu,27627.008071,27627.009748,22020096
gpu,27627.009749,27627.011426,22020096
gpu,27627.011426,27627.013117,22020096
gpu,27627.013117,27627.014803,22020096
gpu,27627.014803,27627.016487,22020096
gpu,27627.016487,27627.018161,22020096
gpu,27627.018161,27627.019853,22020096
gpu,27627.019853,27627.021538,22020096
gpu,27627.021538,27627.023226,22020096
gpu,27627.023226,27627.024897,22020096
gpu,27627.024897,27627.026658,22020096
gpu,27627.026658,27627.028361,22020096
gpu,27627.028361,27627.030045,22020096
gpu,27627.030045,27627.031719,22020096
gpu,27627.031720,27627.033412,22020096
gpu,27627.033412,27627.035093,22020096
gpu,27627.035093,27627.036774,22020096
gpu,27627.036774,27627.038450,22020096
gpu,27627.038450,27627.040141,22020096
gpu,27627.040141,27627.041823,22020096
gpu,27627.041823,27627.043502,22020096
gpu,27627.043502,27627.045178,22020096
gpu,27627.045178,27627.046868,22020096
gpu,27627.046868,27627.048553,22020096
gpu,27627.048553,27627.050231,22020096
gpu,27627.050231,27627.051905,22020096
gpu,27627.051905,27627.053599,22020096
gpu,27627.053599,27627.055281,22020096
gpu,27627.055281,27627.056962,22020096
gpu,27627.056962,27627.058637,22020096
gpu,27627.058637,27627.060324,22020096
gpu,27627.060324,27627.062009,22020096
gpu,27627.062009,27627.063688,22020096
gpu,27627.063688,27627.065359,22020096
gpu,27627.065359,27627.067050,22020096
gpu,27627.067050,27627.068734,22020096
gpu,27627.068736,27627.070416,22020096
gpu,27627.070416,27627.072109,22020096
gpu,27627.072109,27627.073797,22020096
gpu,27627.073797,27627.075475,22020096
gpu,27627.075475,27627.077148,22020096
gpu,27627.077148,27627.078827,22020096
gpu,27627.078827,27627.080521,22020096
gpu,27627.080521,27627.082202,22020096
gpu,27627.082202,27627.083883,22020096
gpu,27627.083883,27627.085555,22020096
gpu,27627.085555,27627.087244,22020096
gpu,27627.087244,27627.088929,22020096
gpu,27627.088929,27627.090603,22020096
gpu,27627.090603,27627.092277,22020096
gpu,27627.092277,27627.094018,22020096
gpu,27627.094018,27627.095705,22020096
gpu,27627.095705,27627.097381,22020096
gpu,27627.097381,27627.099051,22020096
gpu,27627.099052,27627.100742,22020096
gpu,27627.100742,27627.102424,22020096
gpu,27627.102424,27627.104139,22020096
gpu,27627.104139,27627.105840,22020096
gpu,27627.105840,27627.107529,22020096
gpu,27627.107529,27627.109217,22020096
gpu,27627.109217,27627.110902,22020096
gpu,27627.110902,27627.112579,22020096
gpu,27627.112579,27627.114276,22020096
gpu,27627.114276,27627.115962,22020096
gpu,27627.115962,27627.117657,22020096
gpu,27627.117657,27627.119350,22020096
gpu,27627.119350,27627.121049,22020096
gpu,27627.121049,27627.122733,22020096
gpu,27627.122733,27627.124438,22020096
gpu,27627.124438,27627.126136,22020096
gpu,27627.126136,27627.127836,22020096
gpu,27627.127836,27627.129544,22020096
gpu,27627.129544,27627.131226,22020096
gpu,27627.131226,27627.132907,22020096
gpu,27627.132907,27627.134607,22020096
gpu,27627.134607,27627.136327,22020096
gpu,27627.136327,27627.138018,22020096
gpu,27627.138018,27627.139699,22020096
gpu,27627.139699,27627.141403,22020096
gpu,27627.141403,27627.143095,22020096
gpu,27627.143095,27627.144784,22020096
gpu,27627.144784,27627.146465,22020096
gpu,27627.146465,27627.148157,22020096
gpu,27627.148158,27627.149841,22020096
gpu,27627.149841,27627.151520,22020096
gpu,27627.151520,27627.153201,22020096
gpu,27627.153201,27627.154894,22020096
gpu,27627.154894,27627.156582,22020096
gpu,27627.156582,27627.158269,22020096
gpu,27627.158269,27627.159953,22020096
gpu,27627.159953,27627.161671,22020096
gpu,27627.161671,27627.163358,22020096
gpu,27627.163358,27627.165134,22020096
gpu,27627.165134,27627.166824,22020096
gpu,27627.166824,27627.168535,22020096
gpu,27627.168536,27627.170231,22020096
gpu,27627.170232,27627.171910,22020096
gpu,27627.171910,27627.173588,22020096
gpu,27627.173589,27627.175286,22020096
gpu,27627.175286,27627.176971,22020096
gpu,27627.176971,27627.178655,22020096
gpu,27627.178655,27627.180330,22020096
gpu,27627.180330,27627.182025,22020096
gpu,27627.182025,27627.183705,22020096
gpu,27627.183705,27627.185392,22020096
gpu,27627.185392,27627.187068,22020096
gpu,27627.187068,27627.188763,22020096
gpu,27627.188763,27627.190450,22020096
gpu,27627.190450,27627.192128,22020096
gpu,27627.192129,27627.193805,22020096
gpu,27627.193806,27627.195506,22020096
gpu,27627.195506,27627.197190,22020096
gpu,27627.197190,27627.198868,22020096
gpu,27627.198868,27627.200541,22020096
gpu,27627.200542,27627.202236,22020096
gpu,27627.202236,27627.203945,22020096
gpu,27627.203945,27627.205627,22020096
gpu,27627.205627,27627.207299,22020096
gpu,27627.207299,27627.209018,22020096
gpu,27627.209018,27627.210705,22020096
gpu,27627.210705,27627.212397,22020096
gpu,27627.212397,27627.214072,22020096
gpu,27627.214072,27627.215766,22020096
gpu,27627.215766,27627.217461,22020096
gpu,27627.217461,27627.219155,22020096
gpu,27627.219155,27627.220850,22020096
gpu,27627.220850,27627.222550,22020096
gpu,27627.222550,27627.224237,22020096
gpu,27627.224238,27627.225915,22020096
gpu,27627.225916,27627.227596,22020096
gpu,27627.227596,27627.229290,22020096
gpu,27627.229290,27627.230983,22020096
gpu,27627.230983,27627.232659,22020096
gpu,27627.232659,27627.234351,22020096
gpu,27627.234351,27627.236076,22020096
gpu,27627.236076,27627.237756,22020096
gpu,27627.237756,27627.239432,22020096
gpu,27627.239432,27627.241107,22020096
gpu,27627.241107,27627.242800,22020096
gpu,27627.242800,27627.244491,22020096
gpu,27627.244491,27627.246166,22020096
gpu,27627.246166,27627.247839,22020096
gpu,27627.247839,27627.249529,22020096
gpu,27627.249529,27627.251210,22020096
gpu,27627.251210,27627.252887,22020096
gpu,27627.252887,27627.254566,22020096
gpu,27627.254566,27627.256313,22020096
gpu,27627.256313,27627.258026,22020096
gpu,27627.258026,27627.259703,22020096
gpu,27627.259703,27627.261383,22020096
gpu,27627.261384,27627.263091,22020096
gpu,27627.263091,27627.264777,22020096
gpu,27627.264777,27627.266450,22020096
gpu,27627.266451,27627.268135,22020096
gpu,27627.268135,27627.269820,22020096
gpu,27627.269820,27627.271497,22020096
gpu,27627.271497,27627.273225,22020096
gpu,27627.273225,27627.274893,22020096
gpu,27627.274893,27627.276603,22020096
gpu,27627.276603,27627.278292,22020096
gpu,27627.278293,27627.279970,22020096
gpu,27627.279970,27627.281679,22020096
gpu,27627.281679,27627.283375,22020096
gpu,27627.283375,27627.285060,22020096
gpu,27627.285060,27627.286733,22020096
gpu,27627.286733,27627.288413,22020096
gpu,27627.288413,27627.290110,22020096
gpu,27627.290110,27627.291793,22020096
gpu,27627.291793,27627.293471,22020096
gpu,27627.293471,27627.295156,22020096
gpu,27627.295156,27627.296852,22020096
gpu,27627.296852,27627.298536,22020096
gpu,27627.298536,27627.300212,22020096
gpu,27627.300213,27627.301925,22020096
gpu,27627.301925,27627.303641,22020096
gpu,27627.303641,27627.305329,22020096
gpu,27627.305329,27627.307010,22020096
gpu,27627.307011,27627.308687,22020096
gpu,27627.308687,27627.310380,22020096
gpu,27627.310380,27627.312078,22020096
gpu,27627.312078,27627.313754,22020096
gpu,27627.313754,27627.315428,22020096
gpu,27627.315428,27627.317187,22020096
gpu,27627.317187,27627.318881,22020096
gpu,27627.318881,27627.320574,22020096
gpu,27627.320574,27627.322248,22020096
gpu,27627.322248,27627.323941,22020096
gpu,27627.323941,27627.325629,22020096
gpu,27627.325629,27627.327306,22020096
gpu,27627.327307,27627.328991,22020096
gpu,27627.328991,27627.330686,22020096
gpu,27627.330686,27627.332371,22020096
gpu,27627.332372,27627.334048,22020096
gpu,27627.334048,27627.335726,22020096
gpu,27627.335726,27627.337442,22020096
gpu,27627.337442,27627.339144,22020096
gpu,27627.339144,27627.340829,22020096
gpu,27627.340829,27627.342505,22020096
gpu,27627.342505,27627.344214,22020096
gpu,27627.344214,27627.345908,22020096
gpu,27627.345908,27627.347585,22020096
gpu,27627.347585,27627.349262,22020096
gpu,27627.349262,27627.350956,22020096
gpu,27627.350956,27627.352652,22020096
gpu,27627.352652,27627.354331,22020096
gpu,27627.354331,27627.356018,22020096
gpu,27627.356020,27627.357714,22020096
gpu,27627.357714,27627.359397,22020096
gpu,27627.359397,27627.361075,22020096
gpu,27627.361075,27627.362755,22020096
gpu,27627.362755,27627.364451,22020096
gpu,27627.364451,27627.366133,22020096
gpu,27627.366134,27627.367805,22020096
gpu,27627.367805,27627.369506,22020096
gpu,27627.369506,27627.371207,22020096
gpu,27627.371208,27627.372894,22020096
gpu,27627.372894,27627.374566,22020096
gpu,27627.374566,27627.376255,22020096
gpu,27627.376255,27627.377953,22020096
gpu,27627.377953,27627.379641,22020096
gpu,27627.379641,27627.381322,22020096
gpu,27627.381322,27627.382995,22020096
gpu,27627.382995,27627.384688,22020096
gpu,27627.384688,27627.386377,22020096
gpu,27627.386377,27627.388140,22020096
gpu,27627.388140,27627.389812,22020096
gpu,27627.389812,27627.391505,22020096
gpu,27627.391505,27627.393195,22020096
gpu,27627.393195,27627.394886,22020096
gpu,27627.394886,27627.396562,22020096
gpu,27627.396562,27627.398257,22020096
gpu,27627.398257,27627.399941,22020096
gpu,27627.399941,27627.401617,22020096
gpu,27627.401617,27627.403299,22020096
gpu,27627.403299,27627.404998,22020096
gpu,27627.404998,27627.406682,22020096
gpu,27627.406683,27627.408360,22020096
gpu,27627.408360,27627.410039,22020096
gpu,27627.410039,27627.411736,22020096
gpu,27627.411736,27627.413422,22020096
gpu,27627.413422,27627.415102,22020096
gpu,27627.415102,27627.416780,22020096
gpu,27627.416780,27627.418476,22020096
gpu,27627.418476,27627.420168,22020096
gpu,27627.420168,27627.421843,22020096
gpu,27627.421843,27627.423523,22020096
gpu,27627.423523,27627.425214,22020096
gpu,27627.425215,27627.426899,22020096
gpu,27627.426899,27627.428583,22020096
gpu,27627.428583,27627.430261,22020096
gpu,27627.430261,27627.431950,22020096
gpu,27627.431950,27627.433633,22020096
gpu,27627.433634,27627.435309,22020096
gpu,27627.435310,27627.436990,22020096
gpu,27627.436990,27627.438684,22020096
gpu,27627.438685,27627.440380,22020096
gpu,27627.440380,27627.442077,22020096
gpu,27627.442077,27627.443787,22020096
gpu,27627.443787,27627.445501,22020096
gpu,27627.445501,27627.447175,22020096
gpu,27627.447175,27627.448857,22020096
gpu,27627.448857,27627.450588,22020096
gpu,27627.450589,27627.452285,22020096
gpu,27627.452285,27627.453974,22020096
gpu,27627.453974,27627.455648,22020096
gpu,27627.455648,27627.457331,22020096
gpu,27627.457331,27627.459024,22020096
gpu,27627.459024,27627.460707,22020096
gpu,27627.460707,27627.462385,22020096
gpu,27627.462385,27627.464079,22020096
gpu,27627.464079,27627.465776,22020096
gpu,27627.465776,27627.467456,22020096
gpu,27627.467456,27627.469148,22020096
gpu,27627.469149,27627.470831,22020096
gpu,27627.470831,27627.472550,22020096
gpu,27627.472550,27627.474232,22020096
gpu,27627.474232,27627.475906,22020096
gpu,27627.475906,27627.477583,22020096
gpu,27627.477583,27627.479280,22020096
gpu,27627.479280,27627.480972,22020096
gpu,27627.480972,27627.482649,22020096
gpu,27627.482649,27627.484333,22020096
gpu,27627.484333,27627.486028,22020096
gpu,27627.486028,27627.487717,22020096
gpu,27627.487717,27627.489408,22020096
gpu,27627.489408,27627.491108,22020096
gpu,27627.491108,27627.492804,22020096
gpu,27627.492805,27627.494488,22020096
gpu,27627.494488,27627.496176,22020096
gpu,27627.496177,27627.497856,22020096
gpu,27627.497856,27627.499550,22020096
gpu,27627.499550,27627.501228,22020096
gpu,27627.501228,27627.502905,22020096
gpu,27627.502905,27627.504610,22020096
gpu,27627.504611,27627.506314,22020096
gpu,27627.506314,27627.507996,22020096
gpu,27627.507996,27627.509692,22020096
gpu,27627.509692,27627.511374,22020096
gpu,27627.511374,27627.513069,22020096
gpu,27627.513069,27627.514752,22020096
gpu,27627.514752,27627.516431,22020096
gpu,27627.516431,27627.518108,22020096
gpu,27627.518108,27627.519819,22020096
gpu,27627.519820,27627.521507,22020096
gpu,27627.521507,27627.523188,22020096
gpu,27627.523189,27627.524876,22020096
gpu,27627.524876,27627.526570,22020096
gpu,27627.526570,27627.528259,22020096
gpu,27627.528259,27627.529937,22020096
gpu,27627.529937,27627.531619,22020096
gpu,27627.531619,27627.533348,22020096
gpu,27627.533348,27627.535069,22020096
gpu,27627.535070,27627.536783,22020096
gpu,27627.536783,27627.538453,22020096
gpu,27627.538453,27627.540152,22020096
gpu,27627.540152,27627.541839,22020096
gpu,27627.541839,27627.543515,22020096
gpu,27627.543515,27627.545200,22020096
gpu,27627.545200,27627.546895,22020096
gpu,27627.546895,27627.548572,22020096
gpu,27627.548573,27627.550248,22020096
gpu,27627.550248,27627.551937,22020096
gpu,27627.551937,27627.553654,22020096
gpu,27627.553654,27627.555344,22020096
gpu,27627.555344,27627.557034,22020096
gpu,27627.557034,27627.558723,22020096
gpu,27627.558723,27627.560423,22020096
gpu,27627.560423,27627.562106,22020096
gpu,27627.562106,27627.563785,22020096
gpu,27627.563785,27627.565473,22020096
gpu,27627.565473,27627.567163,22020096
gpu,27627.567163,27627.568842,22020096
gpu,27627.568842,27627.570528,22020096
gpu,27627.570528,27627.572215,22020096
gpu,27627.572215,27627.573921,22020096
gpu,27627.573921,27627.575601,22020096
gpu,27627.575601,27627.577280,22020096
gpu,27627.577280,27627.578965,22020096
gpu,27627.578965,27627.580660,22020096
gpu,27627.580661,27627.582333,22020096
gpu,27627.582333,27627.584017,22020096
gpu,27627.584017,27627.585690,22020096
gpu,27627.585690,27627.587378,22020096
gpu,27627.587378,27627.589060,22020096
gpu,27627.589060,27627.590740,22020096
gpu,27627.590741,27627.592413,22020096
gpu,27627.592413,27627.594100,22020096
gpu,27627.594100,27627.595785,22020096
gpu,27627.595786,27627.597467,22020096
gpu,27627.597467,27627.599149,22020096
gpu,27627.599149,27627.600839,22020096
gpu,27627.600839,27627.602514,22020096
gpu,27627.602514,27627.604196,22020096
gpu,27627.604196,27627.605874,22020096
gpu,27627.605874,27627.607600,22020096
gpu,27627.607600,27627.609296,22020096
gpu,27627.609296,27627.610982,22020096
gpu,27627.610982,27627.612664,22020096
gpu,27627.612664,27627.614355,22020096
gpu,27627.614355,27627.616083,22020096
gpu,27627.616083,27627.617759,22020096
gpu,27627.617759,27627.619435,22020096
gpu,27627.619435,27627.621126,22020096
gpu,27627.621126,27627.622804,22020096
gpu,27627.622804,27627.624484,22020096
gpu,27627.624484,27627.626161,22020096
gpu,27627.626161,27627.627849,22020096
gpu,27627.627849,27627.629572,22020096
gpu,27627.629572,27627.631256,22020096
gpu,27627.631256,27627.632938,22020096
gpu,27627.632938,27627.634627,22020096
gpu,27627.634627,27627.636311,22020096
gpu,27627.636311,27627.637993,22020096
gpu,27627.637993,27627.639671,22020096
gpu,27627.639671,27627.641357,22020096
gpu,27627.641357,27627.643037,22020096
gpu,27627.643037,27627.644722,22020096
gpu,27627.644734,27627.646417,22020096
gpu,27627.646417,27627.648137,22020096
gpu,27627.648137,27627.649820,22020096
gpu,27627.649821,27627.651498,22020096
gpu,27627.651498,27627.653177,22020096
gpu,27627.653177,27627.654863,22020096
gpu,27627.654863,27627.656540,22020096
gpu,27627.656541,27627.658218,22020096
gpu,27627.658218,27627.659897,22020096
gpu,27627.659897,27627.661585,22020096
gpu,27627.661585,27627.663267,22020096
gpu,27627.663267,27627.664947,22020096
gpu,27627.664947,27627.666625,22020096
gpu,27627.666625,27627.668311,22020096
gpu,27627.668311,27627.669992,22020096
gpu,27627.669992,27627.671674,22020096
gpu,27627.671674,27627.673382,22020096
gpu,27627.673382,27627.675092,22020096
gpu,27627.675092,27627.676790,22020096
gpu,27627.676790,27627.678504,22020096
gpu,27627.678504,27627.680191,22020096
gpu,27627.680192,27627.681878,22020096
gpu,27627.681879,27627.683564,22020096
gpu,27627.683565,27627.685247,22020096
gpu,27627.685247,27627.686928,22020096
gpu,27627.686928,27627.688613,22020096
gpu,27627.688613,27627.690301,22020096
gpu,27627.690301,27627.691981,22020096
gpu,27627.691981,27627.693680,22020096
gpu,27627.693680,27627.695380,22020096
gpu,27627.695380,27627.697064,22020096
gpu,27627.697065,27627.698749,22020096
gpu,27627.698749,27627.700428,22020096
gpu,27627.700428,27627.702117,22020096
gpu,27627.702117,27627.703805,22020096
gpu,27627.703805,27627.705490,22020096
gpu,27627.705490,27627.707173,22020096
gpu,27627.707173,27627.708859,22020096
gpu,27627.708859,27627.710543,22020096
gpu,27627.710543,27627.712240,22020096
gpu,27627.712241,27627.713923,22020096
gpu,27627.713924,27627.715615,22020096
gpu,27627.715615,27627.717297,22020096
gpu,27627.717297,27627.718976,22020096
gpu,27627.718976,27627.720663,22020096
gpu,27627.720663,27627.722354,22020096
gpu,27627.722354,27627.724105,22020096
gpu,27627.724105,27627.725793,22020096
gpu,27627.725793,27627.727473,22020096
gpu,27627.727473,27627.729259,22020096
gpu,27627.729259,27627.730950,22020096
gpu,27627.730950,27627.732659,22020096
gpu,27627.732659,27627.734351,22020096
gpu,27627.734351,27627.736058,22020096
gpu,27627.736058,27627.737738,22020096
gpu,27627.737738,27627.739420,22020096
gpu,27627.739420,27627.741106,22020096
gpu,27627.741107,27627.742798,22020096
gpu,27627.742798,27627.744497,22020096
gpu,27627.744497,27627.746194,22020096
gpu,27627.746194,27627.747878,22020096
gpu,27627.747878,27627.749572,22020096
gpu,27627.749572,27627.751266,22020096
gpu,27627.751266,27627.752945,22020096
gpu,27627.752945,27627.754626,22020096
gpu,27627.754626,27627.756322,22020096
gpu,27627.756322,27627.758007,22020096
gpu,27627.758007,27627.759685,22020096
gpu,27627.759685,27627.761363,22020096
gpu,27627.761363,27627.763063,22020096
gpu,27627.763063,27627.764746,22020096
gpu,27627.764746,27627.766426,22020096
gpu,27627.766426,27627.768108,22020096
gpu,27627.768109,27627.769798,22020096
gpu,27627.769798,27627.771482,22020096
gpu,27627.771482,27627.773163,22020096
gpu,27627.773164,27627.774844,22020096
gpu,27627.774844,27627.776563,22020096
gpu,27627.776563,27627.778242,22020096
gpu,27627.778242,27627.779923,22020096
gpu,27627.779924,27627.781608,22020096
gpu,27627.781609,27627.783301,22020096
gpu,27627.783301,27627.784990,22020096
gpu,27627.784990,27627.786674,22020096
gpu,27627.786674,27627.788366,22020096
gpu,27627.788366,27627.790070,22020096
gpu,27627.790070,27627.791773,22020096
gpu,27627.791773,27627.793471,22020096
gpu,27627.793471,27627.795171,22020096
gpu,27627.795171,27627.796899,22020096
gpu,27627.796899,27627.798589,22020096
gpu,27627.798589,27627.800286,22020096
gpu,27627.800286,27627.801977,22020096
gpu,27627.801977,27627.803682,22020096
gpu,27627.803682,27627.805376,22020096
gpu,27627.805376,27627.807070,22020096
gpu,27627.807070,27627.808768,22020096
gpu,27627.808768,27627.810470,22020096
gpu,27627.810470,27627.812156,22020096
gpu,27627.812157,27627.813839,22020096
gpu,27627.813840,27627.815553,22020096
gpu,27627.815554,27627.817255,22020096
gpu,27627.817255,27627.818937,22020096
gpu,27627.818938,27627.820631,22020096
gpu,27627.820631,27627.822313,22020096
gpu,27627.822313,27627.823999,22020096
gpu,27627.823999,27627.825692,22020096
gpu,27627.825693,27627.827372,22020096
gpu,27627.827372,27627.829059,22020096
gpu,27627.829059,27627.830750,22020096
gpu,27627.830750,27627.832432,22020096
gpu,27627.832432,27627.834110,22020096
gpu,27627.834110,27627.835793,22020096
gpu,27627.835793,27627.837482,22020096
gpu,27627.837482,27627.839165,22020096
gpu,27627.839166,27627.840849,22020096
gpu,27627.840849,27627.842544,22020096
gpu,27627.842544,27627.844305,22020096
gpu,27627.844305,27627.846009,22020096
gpu,27627.846009,27627.847719,22020096
gpu,27627.847719,27627.849397,22020096
gpu,27627.849397,27627.851086,22020096
gpu,27627.851086,27627.852779,22020096
gpu,27627.852779,27627.854459,22020096
gpu,27627.854459,27627.856165,22020096
gpu,27627.856166,27627.857872,22020096
gpu,27627.857872,27627.859619,22020096
gpu,27627.859619,27627.861317,22020096
gpu,27627.861317,27627.863016,22020096
gpu,27627.863016,27627.864824,22020096
gpu,27627.864824,27627.866501,22020096
gpu,27627.866501,27627.868179,22020096
gpu,27627.868179,27627.869866,22020096
gpu,27627.869866,27627.871560,22020096
gpu,27627.871560,27627.873236,22020096
gpu,27627.873236,27627.874915,22020096
gpu,27627.874915,27627.876594,22020096
gpu,27627.876594,27627.878284,22020096
gpu,27627.878284,27627.879963,22020096
gpu,27627.879963,27627.881650,22020096
gpu,27627.881650,27627.883330,22020096
gpu,27627.883330,27627.885023,22020096
gpu,27627.885023,27627.886698,22020096
gpu,27627.886698,27627.888383,22020096
gpu,27627.888383,27627.890058,22020096
gpu,27627.890058,27627.891743,22020096
gpu,27627.891743,27627.893423,22020096
gpu,27627.893423,27627.895106,22020096
gpu,27627.895106,27627.896793,22020096
gpu,27627.896793,27627.898507,22020096
gpu,27627.898507,27627.900188,22020096
gpu,27627.900188,27627.901865,22020096
gpu,27627.901865,27627.903549,22020096
gpu,27627.903550,27627.905279,22020096
gpu,27627.905279,27627.906974,22020096
gpu,27627.906975,27627.908689,22020096
gpu,27627.908689,27627.910417,22020096
gpu,27627.910417,27627.912131,22020096
gpu,27627.912131,27627.913824,22020096
gpu,27627.913824,27627.915520,22020096
gpu,27627.915520,27627.917206,22020096
gpu,27627.917206,27627.918894,22020096
gpu,27627.918894,27627.920596,22020096
gpu,27627.920596,27627.922295,22020096
gpu,27627.922295,27627.923977,22020096
gpu,27627.923977,27627.925684,22020096
gpu,27627.925684,27627.927382,22020096
gpu,27627.927382,27627.929069,22020096
gpu,27627.929069,27627.930750,22020096
gpu,27627.930750,27627.932440,22020096
gpu,27627.932440,27627.934115,22020096
gpu,27627.934116,27627.935797,22020096
gpu,27627.935797,27627.937483,22020096
gpu,27627.937483,27627.939174,22020096
gpu,27627.939174,27627.940859,22020096
gpu,27627.940859,27627.942555,22020096
gpu,27627.942555,27627.944254,22020096
gpu,27627.944254,27627.945970,22020096
gpu,27627.945970,27627.947647,22020096
gpu,27627.947647,27627.949330,22020096
gpu,27627.949330,27627.951011,22020096
gpu,27627.951011,27627.952704,22020096
gpu,27627.952704,27627.954401,22020096
gpu,27627.954401,27627.956095,22020096
gpu,27627.956096,27627.957777,22020096
gpu,27627.957777,27627.959470,22020096
gpu,27627.959470,27627.961151,22020096
gpu,27627.961152,27627.962834,22020096
gpu,27627.962834,27627.964514,22020096
gpu,27627.964514,27627.966198,22020096
gpu,27627.966198,27627.967877,22020096
gpu,27627.967877,27627.969561,22020096
gpu,27627.969561,27627.971250,22020096
gpu,27627.971250,27627.972940,22020096
gpu,27627.972940,27627.974626,22020096
gpu,27627.974626,27627.976312,22020096
gpu,27627.976312,27627.978017,22020096
gpu,27627.978017,27627.979710,22020096
gpu,27627.979710,27627.981391,22020096
gpu,27627.981392,27627.983079,22020096
gpu,27627.983079,27627.984761,22020096
gpu,27627.984761,27627.986452,22020096
gpu,27627.986453,27627.988137,22020096
gpu,27627.988137,27627.989816,22020096
gpu,27627.989816,27627.991494,22020096
gpu,27627.991494,27627.993186,22020096
gpu,27627.993186,27627.994881,22020096
gpu,27627.994881,27627.996575,22020096
gpu,27627.996575,27627.998273,22020096
gpu,27627.998273,27627.999971,22020096
gpu,27627.999971,27628.001695,22020096
gpu,27628.001696,27628.003462,22020096
gpu,27628.003462,27628.005148,22020096
gpu,27628.005148,27628.006838,22020096
gpu,27628.006838,27628.008518,22020096
gpu,27628.008518,27628.010200,22020096
gpu,27628.010200,27628.011879,22020096
gpu,27628.011879,27628.013570,22020096
gpu,27628.013570,27628.015251,22020096
gpu,27628.015251,27628.016932,22020096
gpu,27628.016932,27628.018610,22020096
gpu,27628.018610,27628.020297,22020096
gpu,27628.020297,27628.021994,22020096
gpu,27628.021995,27628.023686,22020096
gpu,27628.023686,27628.025354,22020096
gpu,27628.025354,27628.027045,22020096
gpu,27628.027045,27628.028720,22020096
gpu,27628.028720,27628.030397,22020096
gpu,27628.030397,27628.032112,22020096
gpu,27628.032112,27628.033811,22020096
gpu,27628.033811,27628.035486,22020096
gpu,27628.035487,27628.037165,22020096
gpu,27628.037165,27628.038844,22020096
gpu,27628.038844,27628.040527,22020096
gpu,27628.040527,27628.042200,22020096
gpu,27628.042200,27628.043873,22020096
gpu,27628.043873,27628.045550,22020096
gpu,27628.045550,27628.047237,22020096
gpu,27628.047237,27628.048956,22020096
gpu,27628.048956,27628.050637,22020096
gpu,27628.050637,27628.052333,22020096
gpu,27628.052333,27628.054059,22020096
gpu,27628.054059,27628.055752,22020096
gpu,27628.055752,27628.057460,22020096
gpu,27628.057460,27628.059213,22020096
gpu,27628.059213,27628.060951,22020096
gpu,27628.060951,27628.062641,22020096
gpu,27628.062641,27628.064357,22020096
gpu,27628.064357,27628.066043,22020096
gpu,27628.066043,27628.067736,22020096
gpu,27628.067736,27628.069408,22020096
gpu,27628.069408,27628.071087,22020096
gpu,27628.071087,27628.072767,22020096
gpu,27628.072767,27628.074482,22020096
gpu,27628.074482,27628.076152,22020096
gpu,27628.076152,27628.077826,22020096
gpu,27628.077826,27628.079630,22020096
gpu,27628.079630,27628.081323,22020096
gpu,27628.081323,27628.082999,22020096
gpu,27628.082999,27628.084681,22020096
gpu,27628.084681,27628.086364,22020096
gpu,27628.086364,27628.088065,22020096
gpu,27628.088065,27628.089747,22020096
gpu,27628.089747,27628.091423,22020096
gpu,27628.091423,27628.093102,22020096
gpu,27628.093102,27628.094792,22020096
gpu,27628.094792,27628.096479,22020096
gpu,27628.096479,27628.098205,22020096
gpu,27628.098205,27628.099893,22020096
gpu,27628.099893,27628.101584,22020096
gpu,27628.101584,27628.103274,22020096
gpu,27628.103274,27628.104967,22020096
gpu,27628.104967,27628.106645,22020096
gpu,27628.106646,27628.108339,22020096
gpu,27628.108339,27628.110012,22020096
gpu,27628.110012,27628.111692,22020096
gpu,27628.111692,27628.113374,22020096
gpu,27628.113375,27628.115066,22020096
gpu,27628.115066,27628.116743,22020096
gpu,27628.116743,27628.118420,22020096
gpu,27628.118421,27628.120099,22020096
gpu,27628.120100,27628.121793,22020096
gpu,27628.121793,27628.123471,22020096
gpu,27628.123471,27628.125149,22020096
gpu,27628.125150,27628.126825,22020096
gpu,27628.126826,27628.128521,22020096
gpu,27628.128521,27628.130203,22020096
gpu,27628.130203,27628.131878,22020096
gpu,27628.131878,27628.133557,22020096
gpu,27628.133557,27628.135248,22020096
gpu,27628.135248,27628.136923,22020096
gpu,27628.136923,27628.138605,22020096
gpu,27628.138605,27628.140284,22020096
gpu,27628.140285,27628.141978,22020096
gpu,27628.141979,27628.143687,22020096
gpu,27628.143687,27628.145381,22020096
gpu,27628.145381,27628.147065,22020096
gpu,27628.147065,27628.148756,22020096
gpu,27628.148756,27628.150432,22020096
gpu,27628.150432,27628.152112,22020096
gpu,27628.152112,27628.153786,22020096
gpu,27628.153787,27628.155478,22020096
gpu,27628.155479,27628.157151,22020096
gpu,27628.157151,27628.158832,22020096
gpu,27628.158832,27628.160519,22020096
gpu,27628.160519,27628.162208,22020096
gpu,27628.162208,27628.163903,22020096
gpu,27628.163903,27628.165581,22020096
gpu,27628.165581,27628.167257,22020096
gpu,27628.167258,27628.168952,22020096
gpu,27628.168952,27628.170624,22020096
gpu,27628.170624,27628.172305,22020096
gpu,27628.172305,27628.173987,22020096
gpu,27628.173987,27628.175674,22020096
gpu,27628.175674,27628.177350,22020096
gpu,27628.177350,27628.179028,22020096
gpu,27628.179028,27628.180712,22020096
gpu,27628.180712,27628.182403,22020096
gpu,27628.182403,27628.184075,22020096
gpu,27628.184075,27628.185749,22020096
gpu,27628.185749,27628.187424,22020096
gpu,27628.187424,27628.189268,22020096
gpu,27628.189268,27628.190962,22020096
gpu,27628.190962,27628.192702,22020096
gpu,27628.192702,27628.194397,22020096
gpu,27628.194397,27628.196108,22020096
gpu,27628.196108,27628.197789,22020096
gpu,27628.197789,27628.199464,22020096
gpu,27628.199464,27628.201143,22020096
gpu,27628.201143,27628.202835,22020096
gpu,27628.202836,27628.204519,22020096
gpu,27628.204519,27628.206195,22020096
gpu,27628.206195,27628.207874,22020096
gpu,27628.207874,27628.209567,22020096
gpu,27628.209567,27628.211239,22020096
gpu,27628.211239,27628.212920,22020096
gpu,27628.212920,27628.214603,22020096
gpu,27628.214603,27628.216293,22020096
gpu,27628.216294,27628.217969,22020096
gpu,27628.217970,27628.219682,22020096
gpu,27628.219682,27628.221369,22020096
gpu,27628.221370,27628.223069,22020096
gpu,27628.223069,27628.224750,22020096
gpu,27628.224750,27628.226432,22020096
gpu,27628.226432,27628.228127,22020096
gpu,27628.228127,27628.229836,22020096
gpu,27628.229836,27628.231517,22020096
gpu,27628.231517,27628.233200,22020096
gpu,27628.233200,27628.234886,22020096
gpu,27628.234886,27628.236610,22020096
gpu,27628.236611,27628.238305,22020096
gpu,27628.238305,27628.239984,22020096
gpu,27628.239984,27628.241663,22020096
gpu,27628.241663,27628.243351,22020096
gpu,27628.243351,27628.245027,22020096
gpu,27628.245027,27628.246714,22020096
gpu,27628.246714,27628.248396,22020096
gpu,27628.248396,27628.250091,22020096
gpu,27628.250091,27628.251767,22020096
gpu,27628.251767,27628.253444,22020096
gpu,27628.253444,27628.255128,22020096
gpu,27628.255128,27628.256819,22020096
gpu,27628.256819,27628.258496,22020096
gpu,27628.258496,27628.260161,22020096
gpu,27628.260161,27628.261840,22020096
gpu,27628.261840,27628.263548,22020096
gpu,27628.263548,27628.265240,22020096
gpu,27628.265240,27628.266918,22020096
gpu,27628.266918,27628.268600,22020096
gpu,27628.268600,27628.270288,22020096
gpu,27628.270288,27628.271969,22020096
gpu,27628.271969,27628.273658,22020096
gpu,27628.273658,27628.275339,22020096
gpu,27628.275339,27628.277028,22020096
gpu,27628.277028,27628.278705,22020096
gpu,27628.278706,27628.280390,22020096
gpu,27628.280390,27628.282068,22020096
gpu,27628.282068,27628.283783,22020096
gpu,27628.283783,27628.285465,22020096
gpu,27628.285465,27628.287154,22020096
gpu,27628.287155,27628.288838,22020096
gpu,27628.288838,27628.290522,22020096
gpu,27628.290523,27628.292199,22020096
gpu,27628.292200,27628.293873,22020096
gpu,27628.293873,27628.295551,22020096
gpu,27628.295551,27628.297242,22020096
gpu,27628.297243,27628.298924,22020096
gpu,27628.298925,27628.300603,22020096
gpu,27628.300603,27628.302278,22020096
gpu,27628.302278,27628.303960,22020096
gpu,27628.303960,27628.305651,22020096
gpu,27628.305651,27628.307332,22020096
gpu,27628.307332,27628.309010,22020096
gpu,27628.309010,27628.310697,22020096
gpu,27628.310697,27628.312379,22020096
gpu,27628.312379,27628.314061,22020096
gpu,27628.314061,27628.315740,22020096
gpu,27628.315740,27628.317425,22020096
gpu,27628.317425,27628.319101,22020096
gpu,27628.319101,27628.320778,22020096
gpu,27628.320778,27628.322460,22020096
gpu,27628.322460,27628.324153,22020096
gpu,27628.324154,27628.325833,22020096
gpu,27628.325833,27628.327513,22020096
gpu,27628.327513,27628.329200,22020096
gpu,27628.329200,27628.330907,22020096
gpu,27628.330907,27628.332602,22020096
gpu,27628.332602,27628.334286,22020096
gpu,27628.334286,27628.335963,22020096
gpu,27628.335963,27628.337666,22020096
gpu,27628.337666,27628.339343,22020096
gpu,27628.339343,27628.341021,22020096
gpu,27628.341021,27628.342701,22020096
gpu,27628.342701,27628.344385,22020096
gpu,27628.344386,27628.346064,22020096
gpu,27628.346064,27628.347744,22020096
gpu,27628.347744,27628.349428,22020096
gpu,27628.349428,27628.351116,22020096
gpu,27628.351117,27628.352799,22020096
gpu,27628.352799,27628.354479,22020096
gpu,27628.354479,27628.356158,22020096
gpu,27628.356158,27628.357840,22020096
gpu,27628.357840,27628.359521,22020096
gpu,27628.359522,27628.361225,22020096
gpu,27628.361225,27628.362930,22020096
gpu,27628.362930,27628.364616,22020096
gpu,27628.364616,27628.366297,22020096
gpu,27628.366297,27628.367975,22020096
gpu,27628.367975,27628.369697,22020096
gpu,27628.369698,27628.371385,22020096
gpu,27628.371385,27628.373075,22020096
gpu,27628.373075,27628.374750,22020096
gpu,27628.374750,27628.376441,22020096
gpu,27628.376441,27628.378134,22020096
gpu,27628.378134,27628.379825,22020096
gpu,27628.379825,27628.381506,22020096
gpu,27628.381507,27628.383180,22020096
gpu,27628.383181,27628.384862,22020096
gpu,27628.384862,27628.386538,22020096
gpu,27628.386538,27628.388214,22020096
gpu,27628.388214,27628.389886,22020096
gpu,27628.389886,27628.391572,22020096
gpu,27628.391572,27628.393255,22020096
gpu,27628.393255,27628.394927,22020096
gpu,27628.394928,27628.396612,22020096
gpu,27628.396612,27628.398294,22020096
gpu,27628.398294,27628.399975,22020096
gpu,27628.399975,27628.401667,22020096
gpu,27628.401667,27628.403373,22020096
gpu,27628.403373,27628.405068,22020096
gpu,27628.405068,27628.406740,22020096
gpu,27628.406740,27628.408419,22020096
gpu,27628.408419,27628.410092,22020096
gpu,27628.410092,27628.411773,22020096
gpu,27628.411773,27628.413452,22020096
gpu,27628.413453,27628.415124,22020096
gpu,27628.415124,27628.416805,22020096
gpu,27628.416805,27628.418572,22020096
gpu,27628.418572,27628.420242,22020096
gpu,27628.420242,27628.421920,22020096
gpu,27628.421920,27628.423629,22020096
gpu,27628.423629,27628.425354,22020096
gpu,27628.425354,27628.427032,22020096
gpu,27628.427032,27628.428710,22020096
gpu,27628.428710,27628.430392,22020096
gpu,27628.430392,27628.432089,22020096
gpu,27628.432089,27628.433769,22020096
gpu,27628.433769,27628.435446,22020096
gpu,27628.435446,27628.437120,22020096
gpu,27628.437121,27628.438807,22020096
gpu,27628.438807,27628.440480,22020096
gpu,27628.440480,27628.442152,22020096
gpu,27628.442152,27628.443823,22020096
gpu,27628.443823,27628.445507,22020096
gpu,27628.445507,27628.447190,22020096
gpu,27628.447190,27628.448869,22020096
gpu,27628.448870,27628.450539,22020096
gpu,27628.450539,27628.452221,22020096
gpu,27628.452221,27628.453899,22020096
gpu,27628.453899,27628.455577,22020096
gpu,27628.455577,27628.457251,22020096
gpu,27628.457251,27628.458934,22020096
gpu,27628.458934,27628.460613,22020096
gpu,27628.460613,27628.462287,22020096
gpu,27628.462287,27628.463965,22020096
gpu,27628.463965,27628.465663,22020096
gpu,27628.465663,27628.467342,22020096
gpu,27628.467342,27628.469020,22020096
gpu,27628.469020,27628.470691,22020096
gpu,27628.470691,27628.472371,22020096
gpu,27628.472371,27628.474066,22020096
gpu,27628.474066,27628.475741,22020096
gpu,27628.475742,27628.477417,22020096
gpu,27628.477418,27628.479137,22020096
gpu,27628.479137,27628.480829,22020096
gpu,27628.480829,27628.482505,22020096
gpu,27628.482505,27628.484175,22020096
gpu,27628.484175,27628.485860,22020096
gpu,27628.485860,27628.487536,22020096
gpu,27628.487536,27628.489212,22020096
gpu,27628.489213,27628.490884,22020096
gpu,27628.490884,27628.492568,22020096
gpu,27628.492568,27628.494241,22020096
gpu,27628.494241,27628.495911,22020096
gpu,27628.495911,27628.497590,22020096
gpu,27628.497590,27628.499272,22020096
gpu,27628.499272,27628.500952,22020096
gpu,27628.500952,27628.502627,22020096
gpu,27628.502627,27628.504296,22020096
gpu,27628.504296,27628.505985,22020096
gpu,27628.505985,27628.507671,22020096
gpu,27628.507671,27628.509347,22020096
gpu,27628.509348,27628.511016,22020096
gpu,27628.511016,27628.512703,22020096
gpu,27628.512703,27628.514380,22020096
gpu,27628.514380,27628.516134,22020096
gpu,27628.516134,27628.517848,22020096
gpu,27628.517848,27628.519530,22020096
gpu,27628.519530,27628.521224,22020096
gpu,27628.521224,27628.522902,22020096
gpu,27628.522902,27628.524578,22020096
gpu,27628.524578,27628.526274,22020096
gpu,27628.526274,27628.527984,22020096
gpu,27628.527984,27628.529702,22020096
gpu,27628.529702,27628.531375,22020096
gpu,27628.531376,27628.533064,22020096
gpu,27628.533064,27628.534745,22020096
gpu,27628.534745,27628.536421,22020096
gpu,27628.536421,27628.538093,22020096
gpu,27628.538093,27628.539781,22020096
gpu,27628.539782,27628.541460,22020096
gpu,27628.541460,27628.543133,22020096
gpu,27628.543133,27628.544803,22020096
gpu,27628.544803,27628.546492,22020096
gpu,27628.546492,27628.548184,22020096
gpu,27628.548184,27628.549856,22020096
gpu,27628.549856,27628.551523,22020096
gpu,27628.551523,27628.553205,22020096
gpu,27628.553205,27628.554881,22020096
gpu,27628.554881,27628.556559,22020096
gpu,27628.556559,27628.558226,22020096
gpu,27628.558226,27628.559903,22020096
gpu,27628.559903,27628.561579,22020096
gpu,27628.561579,27628.563253,22020096
gpu,27628.563253,27628.564920,22020096
gpu,27628.564920,27628.566610,22020096
gpu,27628.566610,27628.568291,22020096
gpu,27628.568292,27628.569961,22020096
gpu,27628.569961,27628.571629,22020096
gpu,27628.571629,27628.573335,22020096
gpu,27628.573335,27628.575031,22020096
gpu,27628.575032,27628.576723,22020096
gpu,27628.576723,27628.579029,22020096
gpu,27628.579029,27628.580955,22020096
gpu,27628.580955,27628.582649,22020096
gpu,27628.582649,27628.584348,22020096
gpu,27628.584348,27628.586029,22020096
gpu,27628.586029,27628.587746,22020096
gpu,27628.587746,27628.589432,22020096
gpu,27628.589432,27628.591106,22020096
gpu,27628.591106,27628.592786,22020096
gpu,27628.592786,27628.594476,22020096
gpu,27628.594476,27628.596160,22020096
gpu,27628.596160,27628.597842,22020096
gpu,27628.597842,27628.599520,22020096
gpu,27628.599520,27628.601213,22020096
gpu,27628.601213,27628.602895,22020096
gpu,27628.602895,27628.604570,22020096
gpu,27628.604570,27628.606251,22020096
gpu,27628.606251,27628.607939,22020096
gpu,27628.607939,27628.609631,22020096
gpu,27628.609693,27628.611396,22020096
gpu,27628.611396,27628.613084,22020096
gpu,27628.613084,27628.614780,22020096
gpu,27628.614780,27628.616464,22020096
gpu,27628.616464,27628.618137,22020096
gpu,27628.618137,27628.619815,22020096
gpu,27628.619815,27628.621504,22020096
gpu,27628.621504,27628.623192,22020096
gpu,27628.623192,27628.624864,22020096
gpu,27628.624864,27628.626538,22020096
gpu,27628.626539,27628.628271,22020096
gpu,27628.628271,27628.629966,22020096
gpu,27628.629967,27628.631655,22020096
gpu,27628.631655,27628.633340,22020096
gpu,27628.633340,27628.635035,22020096
gpu,27628.635035,27628.636713,22020096
gpu,27628.636713,27628.638401,22020096
gpu,27628.638401,27628.640132,22020096
gpu,27628.640133,27628.641827,22020096
gpu,27628.641827,27628.643505,22020096
gpu,27628.643505,27628.645178,22020096
gpu,27628.645178,27628.646854,22020096
gpu,27628.646854,27628.648549,22020096
gpu,27628.648549,27628.650232,22020096
gpu,27628.650232,27628.651902,22020096
gpu,27628.651902,27628.653570,22020096
gpu,27628.653570,27628.655280,22020096
gpu,27628.655280,27628.656981,22020096
gpu,27628.656981,27628.658651,22020096
gpu,27628.658652,27628.660328,22020096
gpu,27628.660328,27628.662014,22020096
gpu,27628.662014,27628.663711,22020096
gpu,27628.663711,27628.665382,22020096
gpu,27628.665383,27628.667054,22020096
gpu,27628.667054,27628.668741,22020096
gpu,27628.668741,27628.670422,22020096
gpu,27628.670422,27628.672123,22020096
gpu,27628.672123,27628.673806,22020096
gpu,27628.673806,27628.675496,22020096
gpu,27628.675496,27628.677173,22020096
gpu,27628.677173,27628.678850,22020096
gpu,27628.678850,27628.680530,22020096
gpu,27628.680530,27628.682215,22020096
gpu,27628.682215,27628.683892,22020096
gpu,27628.683892,27628.685559,22020096
gpu,27628.685559,27628.687232,22020096
gpu,27628.687232,27628.688922,22020096
gpu,27628.688922,27628.690601,22020096
gpu,27628.690601,27628.692264,22020096
gpu,27628.692264,27628.693935,22020096
gpu,27628.693936,27628.695625,22020096
gpu,27628.695625,27628.697311,22020096
gpu,27628.697312,27628.698985,22020096
gpu,27628.698985,27628.700664,22020096
gpu,27628.700664,27628.702358,22020096
gpu,27628.702358,27628.704068,22020096
gpu,27628.704068,27628.705779,22020096
gpu,27628.705779,27628.707457,22020096
gpu,27628.707457,27628.709148,22020096
gpu,27628.709148,27628.710820,22020096
gpu,27628.710820,27628.712492,22020096
gpu,27628.712493,27628.714168,22020096
gpu,27628.714168,27628.715854,22020096
gpu,27628.715854,27628.717542,22020096
gpu,27628.717543,27628.719221,22020096
gpu,27628.719221,27628.720912,22020096
gpu,27628.720912,27628.722602,22020096
gpu,27628.722602,27628.724275,22020096
gpu,27628.724275,27628.725952,22020096
gpu,27628.725952,27628.727627,22020096
gpu,27628.727627,27628.729315,22020096
gpu,27628.729315,27628.730991,22020096
gpu,27628.730991,27628.732667,22020096
gpu,27628.732668,27628.734340,22020096
gpu,27628.734341,27628.736031,22020096
gpu,27628.736031,27628.737729,22020096
gpu,27628.737729,27628.739406,22020096
gpu,27628.739406,27628.741081,22020096
gpu,27628.741081,27628.742767,22020096
gpu,27628.742767,27628.744436,22020096
gpu,27628.744437,27628.746115,22020096
gpu,27628.746115,27628.747801,22020096
gpu,27628.747801,27628.749489,22020096
gpu,27628.749490,27628.751164,22020096
gpu,27628.751164,27628.752835,22020096
gpu,27628.752836,27628.754554,22020096
gpu,27628.754554,27628.756235,22020096
gpu,27628.756235,27628.757910,22020096
gpu,27628.757910,27628.759586,22020096
gpu,27628.759586,27628.761260,22020096
gpu,27628.761260,27628.762942,22020096
gpu,27628.762942,27628.764619,22020096
gpu,27628.764619,27628.766292,22020096
gpu,27628.766293,27628.767966,22020096
gpu,27628.767966,27628.769699,22020096
gpu,27628.769699,27628.771384,22020096
gpu,27628.771384,27628.773069,22020096
gpu,27628.773069,27628.774746,22020096
gpu,27628.774746,27628.776445,22020096
gpu,27628.776445,27628.778121,22020096
gpu,27628.778121,27628.779801,22020096
gpu,27628.779801,27628.781483,22020096
gpu,27628.781483,27628.783171,22020096
gpu,27628.783171,27628.784847,22020096
gpu,27628.784847,27628.786534,22020096
gpu,27628.786534,27628.788213,22020096
gpu,27628.788213,27628.789909,22020096
gpu,27628.789909,27628.791594,22020096
gpu,27628.791594,27628.793276,22020096
gpu,27628.793276,27628.794969,22020096
gpu,27628.794969,27628.796717,22020096
gpu,27628.796717,27628.798447,22020096
gpu,27628.798447,27628.800145,22020096
gpu,27628.800145,27628.801847,22020096
gpu,27628.801847,27628.803591,22020096
gpu,27628.803591,27628.805446,22020096
gpu,27628.805446,27628.807280,22020096
gpu,27628.807280,27628.809010,22020096
gpu,27628.809010,27628.810738,22020096
gpu,27628.810738,27628.812409,22020096
gpu,27628.812410,27628.814111,22020096
gpu,27628.814111,27628.815800,22020096
gpu,27628.815800,27628.817505,22020096
gpu,27628.817505,27628.819197,22020096
gpu,27628.819197,27628.820875,22020096
gpu,27628.820875,27628.822551,22020096
gpu,27628.822552,27628.824242,22020096
gpu,27628.824242,27628.825920,22020096
gpu,27628.825920,27628.827597,22020096
gpu,27628.827597,27628.829274,22020096
gpu,27628.829274,27628.830961,22020096
gpu,27628.830961,27628.832637,22020096
gpu,27628.832637,27628.834311,22020096
gpu,27628.834312,27628.835988,22020096
gpu,27628.835988,27628.837688,22020096
gpu,27628.837688,27628.839362,22020096
gpu,27628.839362,27628.841035,22020096
gpu,27628.841035,27628.842746,22020096
gpu,27628.842746,27628.844458,22020096
gpu,27628.844458,27628.846146,22020096
gpu,27628.846146,27628.847856,22020096
gpu,27628.847856,27628.849549,22020096
gpu,27628.849549,27628.851246,22020096
gpu,27628.851246,27628.852975,22020096
gpu,27628.852975,27628.854676,22020096
gpu,27628.854676,27628.856366,22020096
gpu,27628.856366,27628.858175,22020096
gpu,27628.858175,27628.859872,22020096
gpu,27628.859872,27628.861546,22020096
gpu,27628.861547,27628.863243,22020096
gpu,27628.863243,27628.864933,22020096
gpu,27628.864933,27628.866632,22020096
gpu,27628.866632,27628.868324,22020096
gpu,27628.868324,27628.870017,22020096
gpu,27628.870017,27628.871716,22020096
gpu,27628.871716,27628.873396,22020096
gpu,27628.873396,27628.875071,22020096
gpu,27628.875071,27628.876753,22020096
gpu,27628.876753,27628.878443,22020096
gpu,27628.878443,27628.880113,22020096
gpu,27628.880113,27628.881800,22020096
gpu,27628.881800,27628.883494,22020096
gpu,27628.883494,27628.885181,22020096
gpu,27628.885181,27628.886860,22020096
gpu,27628.886860,27628.888535,22020096
gpu,27628.888535,27628.890218,22020096
gpu,27628.890218,27628.891916,22020096
gpu,27628.891917,27628.893676,22020096
gpu,27628.893676,27628.895368,22020096
gpu,27628.895368,27628.897055,22020096
gpu,27628.897055,27628.898752,22020096
gpu,27628.898752,27628.900431,22020096
gpu,27628.900432,27628.902111,22020096
gpu,27628.902111,27628.903788,22020096
gpu,27628.903788,27628.905478,22020096
gpu,27628.905478,27628.907154,22020096
gpu,27628.907154,27628.908833,22020096
gpu,27628.908833,27628.910513,22020096
gpu,27628.910513,27628.912235,22020096
gpu,27628.912235,27628.913916,22020096
gpu,27628.913916,27628.915638,22020096
gpu,27628.915638,27628.917337,22020096
gpu,27628.917337,27628.919048,22020096
gpu,27628.919048,27628.920738,22020096
gpu,27628.920738,27628.922426,22020096
gpu,27628.922426,27628.924149,22020096
gpu,27628.924149,27628.925857,22020096
gpu,27628.925857,27628.927535,22020096
gpu,27628.927535,27628.929209,22020096
gpu,27628.929209,27628.930905,22020096
gpu,27628.930905,27628.932600,22020096
gpu,27628.932600,27628.934278,22020096
gpu,27628.934278,27628.935952,22020096
gpu,27628.935952,27628.937649,22020096
gpu,27628.937649,27628.939360,22020096
gpu,27628.939360,27628.941050,22020096
gpu,27628.941050,27628.942733,22020096
gpu,27628.942733,27628.944419,22020096
gpu,27628.944419,27628.946108,22020096
gpu,27628.946108,27628.947797,22020096
gpu,27628.947798,27628.949493,22020096
gpu,27628.949493,27628.951179,22020096
gpu,27628.951179,27628.952886,22020096
gpu,27628.952886,27628.954563,22020096
gpu,27628.954563,27628.956246,22020096
gpu,27628.956246,27628.957925,22020096
gpu,27628.957925,27628.959628,22020096
gpu,27628.959629,27628.961309,22020096
gpu,27628.961309,27628.962983,22020096
gpu,27628.962983,27628.964666,22020096
gpu,27628.964667,27628.966358,22020096
gpu,27628.966358,27628.968055,22020096
gpu,27628.968055,27628.969746,22020096
gpu,27628.969746,27628.971425,22020096
gpu,27628.971425,27628.973118,22020096
gpu,27628.973118,27628.974791,22020096
gpu,27628.974791,27628.976476,22020096
gpu,27628.976476,27628.978150,22020096
gpu,27628.978150,27628.979840,22020096
gpu,27628.979840,27628.981519,22020096
gpu,27628.981519,27628.983239,22020096
gpu,27628.983239,27628.984942,22020096
gpu,27628.984942,27628.986639,22020096
gpu,27628.986639,27628.988318,22020096
gpu,27628.988318,27628.990006,22020096
gpu,27628.990006,27628.991685,22020096
gpu,27628.991685,27628.993375,22020096
gpu,27628.993375,27628.995049,22020096
gpu,27628.995049,27628.996730,22020096
gpu,27628.996730,27628.998430,22020096
gpu,27628.998430,27629.000117,22020096
gpu,27629.000118,27629.001791,22020096
gpu,27629.001792,27629.003468,22020096
gpu,27629.003468,27629.005145,22020096
gpu,27629.005145,27629.006831,22020096
gpu,27629.006831,27629.008508,22020096
gpu,27629.008508,27629.010189,22020096
gpu,27629.010190,27629.011868,22020096
gpu,27629.011868,27629.013559,22020096
gpu,27629.013559,27629.015237,22020096
gpu,27629.015237,27629.016913,22020096
gpu,27629.016913,27629.018590,22020096
gpu,27629.018590,27629.020300,22020096
gpu,27629.020300,27629.021992,22020096
gpu,27629.021992,27629.023677,22020096
gpu,27629.023677,27629.025397,22020096
gpu,27629.025397,27629.027106,22020096
gpu,27629.027106,27629.028810,22020096
gpu,27629.028810,27629.030494,22020096
gpu,27629.030494,27629.032174,22020096
gpu,27629.032174,27629.033871,22020096
gpu,27629.033871,27629.035546,22020096
gpu,27629.035546,27629.037258,22020096
gpu,27629.037258,27629.038944,22020096
gpu,27629.038944,27629.040645,22020096
gpu,27629.040645,27629.042322,22020096
gpu,27629.042323,27629.044000,22020096
gpu,27629.044000,27629.045691,22020096
gpu,27629.045691,27629.047381,22020096
gpu,27629.047381,27629.049069,22020096
gpu,27629.049070,27629.050749,22020096
gpu,27629.050749,27629.052432,22020096
gpu,27629.052432,27629.054117,22020096
gpu,27629.054117,27629.055794,22020096
gpu,27629.055794,27629.057475,22020096
gpu,27629.057475,27629.059152,22020096
gpu,27629.059152,27629.060960,22020096
gpu,27629.060960,27629.062659,22020096
gpu,27629.062659,27629.064337,22020096
gpu,27629.064337,27629.066022,22020096
gpu,27629.066022,27629.067722,22020096
gpu,27629.067722,27629.069421,22020096
gpu,27629.069422,27629.071102,22020096
gpu,27629.071102,27629.072786,22020096
gpu,27629.072786,27629.074484,22020096
gpu,27629.074484,27629.076169,22020096
gpu,27629.076169,27629.077872,22020096
gpu,27629.077873,27629.079679,22020096
gpu,27629.079679,27629.081398,22020096
gpu,27629.081398,27629.083090,22020096
gpu,27629.083090,27629.084764,22020096
gpu,27629.084764,27629.086442,22020096
gpu,27629.086442,27629.088142,22020096
gpu,27629.088142,27629.089825,22020096
gpu,27629.089825,27629.091499,22020096
gpu,27629.091499,27629.093176,22020096
gpu,27629.093176,27629.094864,22020096
gpu,27629.094864,27629.096544,22020096
gpu,27629.096544,27629.098221,22020096
gpu,27629.098221,27629.099898,22020096
gpu,27629.099898,27629.101593,22020096
gpu,27629.101593,27629.103271,22020096
gpu,27629.103271,27629.104949,22020096
gpu,27629.104950,27629.106633,22020096
gpu,27629.106633,27629.108323,22020096
gpu,27629.108323,27629.110004,22020096
gpu,27629.110004,27629.111678,22020096
gpu,27629.111678,27629.113354,22020096
gpu,27629.113354,27629.115046,22020096
gpu,27629.115046,27629.116728,22020096
gpu,27629.116728,27629.118404,22020096
gpu,27629.118404,27629.120120,22020096
gpu,27629.120120,27629.121826,22020096
gpu,27629.121826,27629.123524,22020096
gpu,27629.123525,27629.125201,22020096
gpu,27629.125201,27629.126877,22020096
gpu,27629.126877,27629.128567,22020096
gpu,27629.128568,27629.130254,22020096
gpu,27629.130254,27629.131930,22020096
gpu,27629.131930,27629.133609,22020096
gpu,27629.133609,27629.135300,22020096
gpu,27629.135300,27629.136978,22020096
gpu,27629.136978,27629.138653,22020096
gpu,27629.138653,27629.140334,22020096
gpu,27629.140335,27629.142022,22020096
gpu,27629.142022,27629.143693,22020096
gpu,27629.143693,27629.145369,22020096
gpu,27629.145370,27629.147045,22020096
gpu,27629.147045,27629.148741,22020096
gpu,27629.148741,27629.150409,22020096
gpu,27629.150409,27629.152130,22020096
gpu,27629.152130,27629.153813,22020096
gpu,27629.153813,27629.155505,22020096
gpu,27629.155505,27629.157185,22020096
gpu,27629.157185,27629.158866,22020096
gpu,27629.158866,27629.160547,22020096
gpu,27629.160547,27629.162243,22020096
gpu,27629.162243,27629.163918,22020096
gpu,27629.163918,27629.165602,22020096
gpu,27629.165602,27629.167280,22020096
gpu,27629.167280,27629.168968,22020096
gpu,27629.168968,27629.170650,22020096
gpu,27629.170650,27629.172365,22020096
gpu,27629.172365,27629.174054,22020096
gpu,27629.174054,27629.175744,22020096
gpu,27629.175744,27629.177419,22020096
gpu,27629.177420,27629.179093,22020096
gpu,27629.179093,27629.180772,22020096
gpu,27629.180772,27629.182465,22020096
gpu,27629.182465,27629.184152,22020096
gpu,27629.184152,27629.185828,22020096
gpu,27629.185828,27629.187504,22020096
gpu,27629.187504,27629.189192,22020096
gpu,27629.189192,27629.190866,22020096
gpu,27629.190866,27629.192542,22020096
gpu,27629.192542,27629.194217,22020096
gpu,27629.194217,27629.195906,22020096
gpu,27629.195906,27629.197583,22020096
gpu,27629.197583,27629.199267,22020096
gpu,27629.199267,27629.200947,22020096
gpu,27629.200947,27629.202640,22020096
gpu,27629.202640,27629.204318,22020096
gpu,27629.204318,27629.205996,22020096
gpu,27629.205996,27629.207676,22020096
gpu,27629.207676,27629.209373,22020096
gpu,27629.209373,27629.211047,22020096
gpu,27629.211047,27629.212725,22020096
gpu,27629.212725,27629.214402,22020096
gpu,27629.214402,27629.216127,22020096
gpu,27629.216127,27629.217814,22020096
gpu,27629.217814,27629.219508,22020096
gpu,27629.219508,27629.221200,22020096
gpu,27629.221200,27629.222892,22020096
gpu,27629.222893,27629.224573,22020096
gpu,27629.224573,27629.226266,22020096
gpu,27629.226266,27629.227940,22020096
gpu,27629.227940,27629.229632,22020096
gpu,27629.229632,27629.231319,22020096
gpu,27629.231319,27629.233001,22020096
gpu,27629.233001,27629.234679,22020096
gpu,27629.234679,27629.236375,22020096
gpu,27629.236376,27629.238050,22020096
gpu,27629.238050,27629.239724,22020096
gpu,27629.239725,27629.241406,22020096
gpu,27629.241406,27629.243096,22020096
gpu,27629.243096,27629.244773,22020096
gpu,27629.244773,27629.246449,22020096
gpu,27629.246449,27629.248158,22020096
gpu,27629.248158,27629.249853,22020096
gpu,27629.249854,27629.251529,22020096
gpu,27629.251529,27629.253206,22020096
gpu,27629.253207,27629.254882,22020096
gpu,27629.254882,27629.256577,22020096
gpu,27629.256577,27629.258255,22020096
gpu,27629.258255,27629.259930,22020096
gpu,27629.259930,27629.261609,22020096
gpu,27629.261609,27629.263334,22020096
gpu,27629.263334,27629.265042,22020096
gpu,27629.265042,27629.266734,22020096
gpu,27629.266734,27629.268412,22020096
gpu,27629.268412,27629.270101,22020096
gpu,27629.270101,27629.271778,22020096
gpu,27629.271778,27629.273459,22020096
gpu,27629.273459,27629.275136,22020096
gpu,27629.275136,27629.276825,22020096
gpu,27629.276825,27629.278500,22020096
gpu,27629.278500,27629.280176,22020096
gpu,27629.280176,27629.281857,22020096
gpu,27629.281857,27629.283545,22020096
gpu,27629.283545,27629.285222,22020096
gpu,27629.285222,27629.286899,22020096
gpu,27629.286899,27629.288579,22020096
gpu,27629.288579,27629.290271,22020096
gpu,27629.290271,27629.291946,22020096
gpu,27629.291946,27629.293625,22020096
gpu,27629.293625,27629.295301,22020096
gpu,27629.295301,27629.296993,22020096
gpu,27629.296993,27629.298675,22020096
gpu,27629.298675,27629.300351,22020096
gpu,27629.300351,27629.302028,22020096
gpu,27629.302028,27629.303722,22020096
gpu,27629.303722,27629.305398,22020096
gpu,27629.305398,27629.307082,22020096
gpu,27629.307082,27629.308762,22020096
gpu,27629.308762,27629.310498,22020096
gpu,27629.310498,27629.312186,22020096
gpu,27629.312186,27629.313861,22020096
gpu,27629.313861,27629.315542,22020096
gpu,27629.315542,27629.317234,22020096
gpu,27629.317234,27629.318912,22020096
gpu,27629.318912,27629.320587,22020096
gpu,27629.320588,27629.322265,22020096
gpu,27629.322265,27629.323960,22020096
gpu,27629.323960,27629.325649,22020096
gpu,27629.325649,27629.327325,22020096
gpu,27629.327325,27629.329001,22020096
gpu,27629.329001,27629.330685,22020096
gpu,27629.330685,27629.332361,22020096
gpu,27629.332361,27629.334038,22020096
gpu,27629.334038,27629.335715,22020096
gpu,27629.335715,27629.337400,22020096
gpu,27629.337401,27629.339088,22020096
gpu,27629.339088,27629.340768,22020096
gpu,27629.340768,27629.342443,22020096
gpu,27629.342443,27629.344142,22020096
gpu,27629.344142,27629.345820,22020096
gpu,27629.345821,27629.347498,22020096
gpu,27629.347498,27629.349187,22020096
gpu,27629.349187,27629.350883,22020096
gpu,27629.350883,27629.352577,22020096
gpu,27629.352577,27629.354258,22020096
gpu,27629.354258,27629.355937,22020096
gpu,27629.355937,27629.357674,22020096
gpu,27629.357674,27629.359360,22020096
gpu,27629.359360,27629.361039,22020096
gpu,27629.361039,27629.362717,22020096
gpu,27629.362717,27629.364402,22020096
gpu,27629.364402,27629.366084,22020096
gpu,27629.366084,27629.367762,22020096
gpu,27629.367762,27629.369440,22020096
gpu,27629.369440,27629.371129,22020096
gpu,27629.371130,27629.372808,22020096
gpu,27629.372808,27629.374487,22020096
gpu,27629.374488,27629.376196,22020096
gpu,27629.376196,27629.377885,22020096
gpu,27629.377885,27629.379570,22020096
gpu,27629.379570,27629.381248,22020096
gpu,27629.381248,27629.382925,22020096
gpu,27629.382925,27629.384615,22020096
gpu,27629.384615,27629.386296,22020096
gpu,27629.386296,27629.387975,22020096
gpu,27629.387975,27629.389672,22020096
gpu,27629.389672,27629.391359,22020096
gpu,27629.391359,27629.393042,22020096
gpu,27629.393042,27629.394723,22020096
gpu,27629.394723,27629.396397,22020096
gpu,27629.396397,27629.398082,22020096
gpu,27629.398082,27629.399767,22020096
gpu,27629.399767,27629.401440,22020096
gpu,27629.401440,27629.403112,22020096
gpu,27629.403112,27629.404820,22020096
gpu,27629.404820,27629.406512,22020096
gpu,27629.406512,27629.408221,22020096
gpu,27629.408221,27629.409894,22020096
gpu,27629.409896,27629.411587,22020096
gpu,27629.411587,27629.413283,22020096
gpu,27629.413284,27629.414966,22020096
gpu,27629.414966,27629.416642,22020096
gpu,27629.416642,27629.418334,22020096
gpu,27629.418334,27629.420018,22020096
gpu,27629.420018,27629.421696,22020096
gpu,27629.421696,27629.423366,22020096
gpu,27629.423366,27629.425062,22020096
gpu,27629.425062,27629.426744,22020096
gpu,27629.426744,27629.428421,22020096
gpu,27629.428421,27629.430091,22020096
gpu,27629.430091,27629.431777,22020096
gpu,27629.431777,27629.433461,22020096
gpu,27629.433461,27629.435136,22020096
gpu,27629.435136,27629.436810,22020096
gpu,27629.436811,27629.438500,22020096
gpu,27629.438500,27629.440211,22020096
gpu,27629.440211,27629.441889,22020096
gpu,27629.441889,27629.443566,22020096
gpu,27629.443566,27629.445257,22020096
gpu,27629.445257,27629.446939,22020096
gpu,27629.446940,27629.448631,22020096
gpu,27629.448631,27629.450307,22020096
gpu,27629.450307,27629.452025,22020096
gpu,27629.452025,27629.453706,22020096
gpu,27629.453706,27629.455384,22020096
gpu,27629.455384,27629.457061,22020096
gpu,27629.457061,27629.458753,22020096
gpu,27629.458753,27629.460433,22020096
gpu,27629.460433,27629.462113,22020096
gpu,27629.462113,27629.463783,22020096
gpu,27629.463783,27629.465481,22020096
gpu,27629.465481,27629.467157,22020096
gpu,27629.467158,27629.468835,22020096
gpu,27629.468835,27629.470508,22020096
gpu,27629.470508,27629.472208,22020096
gpu,27629.472208,27629.473889,22020096
gpu,27629.473889,27629.475567,22020096
gpu,27629.475568,27629.477239,22020096
gpu,27629.477239,27629.478926,22020096
gpu,27629.478926,27629.480608,22020096
gpu,27629.480608,27629.482287,22020096
gpu,27629.482287,27629.483964,22020096
gpu,27629.483964,27629.485667,22020096
gpu,27629.485667,27629.487345,22020096
gpu,27629.487345,27629.489022,22020096
gpu,27629.489022,27629.490714,22020096
gpu,27629.490714,27629.492414,22020096
gpu,27629.492414,27629.494098,22020096
gpu,27629.494098,27629.495774,22020096
gpu,27629.495774,27629.497451,22020096
gpu,27629.497451,27629.499141,22020096
gpu,27629.499141,27629.500821,22020096
gpu,27629.500821,27629.502494,22020096
gpu,27629.502494,27629.504177,22020096
gpu,27629.504177,27629.505869,22020096
gpu,27629.505869,27629.507557,22020096
gpu,27629.507557,27629.509236,22020096
gpu,27629.509237,27629.510906,22020096
gpu,27629.510906,27629.512596,22020096
gpu,27629.512597,27629.514277,22020096
gpu,27629.514277,27629.515954,22020096
gpu,27629.515954,27629.517632,22020096
gpu,27629.517633,27629.519319,22020096
gpu,27629.519319,27629.521004,22020096
gpu,27629.521004,27629.522679,22020096
gpu,27629.522679,27629.524357,22020096
gpu,27629.524358,27629.526045,22020096
gpu,27629.526045,27629.527726,22020096
gpu,27629.527726,27629.529403,22020096
gpu,27629.529403,27629.531076,22020096
gpu,27629.531077,27629.532768,22020096
gpu,27629.532768,27629.534449,22020096
gpu,27629.534449,27629.536144,22020096
gpu,27629.536145,27629.537818,22020096
gpu,27629.537818,27629.539509,22020096
gpu,27629.539509,27629.541206,22020096
gpu,27629.541206,27629.542911,22020096
gpu,27629.542911,27629.544598,22020096
gpu,27629.544598,27629.546300,22020096
gpu,27629.546300,27629.547991,22020096
gpu,27629.547992,27629.549691,22020096
gpu,27629.549691,27629.551367,22020096
gpu,27629.551367,27629.553057,22020096
gpu,27629.553058,27629.554738,22020096
gpu,27629.554738,27629.556413,22020096
gpu,27629.556413,27629.558093,22020096
gpu,27629.558093,27629.559783,22020096
gpu,27629.559783,27629.561465,22020096
gpu,27629.561465,27629.563141,22020096
gpu,27629.563141,27629.564813,22020096
gpu,27629.564813,27629.566511,22020096
gpu,27629.566511,27629.568206,22020096
gpu,27629.568206,27629.569883,22020096
gpu,27629.569883,27629.571555,22020096
gpu,27629.571555,27629.573266,22020096
gpu,27629.573266,27629.574949,22020096
gpu,27629.574949,27629.576628,22020096
gpu,27629.576628,27629.578403,22020096
gpu,27629.578403,27629.580101,22020096
gpu,27629.580101,27629.581779,22020096
gpu,27629.581779,27629.583457,22020096
gpu,27629.583457,27629.585132,22020096
gpu,27629.585132,27629.586824,22020096
gpu,27629.586824,27629.588519,22020096
gpu,27629.588519,27629.590210,22020096
gpu,27629.590210,27629.591892,22020096
gpu,27629.591892,27629.593587,22020096
gpu,27629.593587,27629.595269,22020096
gpu,27629.595270,27629.596946,22020096
gpu,27629.596946,27629.598619,22020096
gpu,27629.598619,27629.600320,22020096
gpu,27629.600320,27629.602002,22020096
gpu,27629.602002,27629.603676,22020096
gpu,27629.603676,27629.605348,22020096
gpu,27629.605348,27629.607036,22020096
gpu,27629.607037,27629.608724,22020096
gpu,27629.608724,27629.610397,22020096
gpu,27629.610397,27629.612069,22020096
gpu,27629.612069,27629.613757,22020096
gpu,27629.613757,27629.615434,22020096
gpu,27629.615434,27629.617113,22020096
gpu,27629.617113,27629.618791,22020096
gpu,27629.618791,27629.620480,22020096
gpu,27629.620480,27629.622159,22020096
gpu,27629.622159,27629.623831,22020096
gpu,27629.623831,27629.625512,22020096
gpu,27629.625512,27629.627204,22020096
gpu,27629.627204,27629.628886,22020096
gpu,27629.628886,27629.630558,22020096
gpu,27629.630558,27629.632250,22020096
gpu,27629.632250,27629.633946,22020096
gpu,27629.633946,27629.635626,22020096
gpu,27629.635626,27629.637328,22020096
gpu,27629.637328,27629.639017,22020096
gpu,27629.639017,27629.640734,22020096
gpu,27629.640734,27629.642440,22020096
gpu,27629.642440,27629.644138,22020096
gpu,27629.644138,27629.645822,22020096
gpu,27629.645822,27629.647517,22020096
gpu,27629.647517,27629.649217,22020096
gpu,27629.649217,27629.650888,22020096
gpu,27629.650888,27629.652565,22020096
gpu,27629.652565,27629.654252,22020096
gpu,27629.654252,27629.655927,22020096
gpu,27629.655927,27629.657602,22020096
gpu,27629.657602,27629.659275,22020096
gpu,27629.659275,27629.660968,22020096
gpu,27629.660968,27629.662639,22020096
